{"type": "FeatureCollection", "bbox": [-75.909401, 40.554649, -68.522979, 45.83502], "features": [{"bbox": [-75.909401, 40.554649, -68.522979, 45.83502], "type": "Feature", "properties": {"segments": [{"distance": 1048046.9, "duration": 44610.7, "steps": [{"distance": 11653.1, "duration": 697.4, "type": 11, "instruction": "Head east on Golden Road", "name": "Golden Road", "way_points": [0, 94]}, {"distance": 68.3, "duration": 9.8, "type": 0, "instruction": "Turn left", "name": "-", "way_points": [94, 95]}, {"distance": 17978.4, "duration": 1139.9, "type": 1, "instruction": "Turn right onto Baxter Park Road, ITS 85, ITS 86", "name": "Baxter Park Road, ITS 85, ITS 86", "way_points": [95, 300]}, {"distance": 275.5, "duration": 28.3, "type": 5, "instruction": "Turn slight right onto Katahdin Avenue", "name": "Katahdin Avenue", "way_points": [300, 302]}, {"distance": 17940.5, "duration": 1202.0, "type": 0, "instruction": "Turn left onto Central Street, ME 11, ME 157", "name": "Central Street, ME 11, ME 157", "way_points": [302, 494]}, {"distance": 226937.4, "duration": 8035.8, "type": 13, "instruction": "Keep right", "name": "-", "way_points": [494, 1315]}, {"distance": 66551.1, "duration": 2518.0, "type": 13, "instruction": "Keep right onto I 295", "name": "I 295", "way_points": [1315, 1625]}, {"distance": 2068.0, "duration": 101.1, "type": 13, "instruction": "Keep right", "name": "-", "way_points": [1625, 1653]}, {"distance": 4083.6, "duration": 205.6, "type": 12, "instruction": "Keep left onto Falmouth Spur", "name": "Falmouth Spur", "way_points": [1653, 1671]}, {"distance": 98383.6, "duration": 3905.1, "type": 12, "instruction": "Keep left", "name": "-", "way_points": [1671, 1986]}, {"distance": 12347.0, "duration": 467.9, "type": 12, "instruction": "Keep left onto Blue Star Turnpike, I 95", "name": "Blue Star Turnpike, I 95", "way_points": [1986, 2026]}, {"distance": 49186.2, "duration": 2050.9, "type": 13, "instruction": "Keep right onto I 495", "name": "I 495", "way_points": [2026, 2389]}, {"distance": 324.8, "duration": 12.3, "type": 13, "instruction": "Keep right", "name": "-", "way_points": [2389, 2391]}, {"distance": 401.3, "duration": 15.2, "type": 12, "instruction": "Keep left", "name": "-", "way_points": [2391, 2395]}, {"distance": 587.4, "duration": 22.3, "type": 12, "instruction": "Keep left", "name": "-", "way_points": [2395, 2403]}, {"distance": 50392.8, "duration": 1909.6, "type": 12, "instruction": "Keep left", "name": "-", "way_points": [2403, 2685]}, {"distance": 376.3, "duration": 34.9, "type": 13, "instruction": "Keep right", "name": "-", "way_points": [2685, 2695]}, {"distance": 44464.1, "duration": 1719.0, "type": 12, "instruction": "Keep left", "name": "-", "way_points": [2695, 3002]}, {"distance": 53989.8, "duration": 2061.6, "type": 13, "instruction": "Keep right onto Wilbur Cross Highway, I 84", "name": "Wilbur Cross Highway, I 84", "way_points": [3002, 3305]}, {"distance": 12925.3, "duration": 489.8, "type": 6, "instruction": "Continue straight onto I 84", "name": "I 84", "way_points": [3305, 3394]}, {"distance": 4181.1, "duration": 262.0, "type": 12, "instruction": "Keep left onto CT 15", "name": "CT 15", "way_points": [3394, 3436]}, {"distance": 212.2, "duration": 17.0, "type": 13, "instruction": "Keep right", "name": "-", "way_points": [3436, 3441]}, {"distance": 181.9, "duration": 25.3, "type": 13, "instruction": "Keep right", "name": "-", "way_points": [3441, 3444]}, {"distance": 26141.8, "duration": 1163.4, "type": 12, "instruction": "Keep left", "name": "-", "way_points": [3444, 3648]}, {"distance": 556.4, "duration": 46.3, "type": 13, "instruction": "Keep right", "name": "-", "way_points": [3648, 3659]}, {"distance": 105869.9, "duration": 5213.0, "type": 12, "instruction": "Keep left", "name": "-", "way_points": [3659, 4356]}, {"distance": 2347.7, "duration": 173.9, "type": 13, "instruction": "Keep right", "name": "-", "way_points": [4356, 4402]}, {"distance": 735.4, "duration": 48.1, "type": 13, "instruction": "Keep right", "name": "-", "way_points": [4402, 4416]}, {"distance": 41679.8, "duration": 2144.5, "type": 12, "instruction": "Keep left", "name": "-", "way_points": [4416, 4793]}, {"distance": 75426.2, "duration": 3236.1, "type": 13, "instruction": "Keep right onto I 287", "name": "I 287", "way_points": [4793, 5460]}, {"distance": 87202.8, "duration": 3681.8, "type": 13, "instruction": "Keep right", "name": "-", "way_points": [5460, 6082]}, {"distance": 29689.6, "duration": 1528.4, "type": 12, "instruction": "Keep left onto I 78", "name": "I 78", "way_points": [6082, 6244]}, {"distance": 185.7, "duration": 22.3, "type": 13, "instruction": "Keep right", "name": "-", "way_points": [6244, 6252]}, {"distance": 26.2, "duration": 6.3, "type": 12, "instruction": "Keep left", "name": "-", "way_points": [6252, 6254]}, {"distance": 1089.8, "duration": 67.9, "type": 0, "instruction": "Turn left onto PA 143", "name": "PA 143", "way_points": [6254, 6269]}, {"distance": 197.0, "duration": 17.7, "type": 0, "instruction": "Turn left onto Mountain Road", "name": "Mountain Road", "way_points": [6269, 6271]}, {"distance": 1087.3, "duration": 260.9, "type": 13, "instruction": "Keep right onto Blue Rocks Road", "name": "Blue Rocks Road", "way_points": [6271, 6295]}, {"distance": 252.8, "duration": 60.7, "type": 1, "instruction": "Turn right onto Sousley Road", "name": "Sousley Road", "way_points": [6295, 6299]}, {"distance": 48.8, "duration": 8.8, "type": 0, "instruction": "Turn left", "name": "-", "way_points": [6299, 6301]}, {"distance": 0.0, "duration": 0.0, "type": 10, "instruction": "Arrive at your destination, on the left", "name": "-", "way_points": [6301, 6301]}]}], "way_points": [0, 6301], "summary": {"distance": 1048046.9, "duration": 44610.7}}, "geometry": {"coordinates": [[-68.963097, 45.83502], [-68.962909, 45.834975], [-68.962427, 45.834801], [-68.962133, 45.834662], [-68.961942, 45.834566], [-68.961555, 45.834295], [-68.961278, 45.834045], [-68.961034, 45.833733], [-68.960855, 45.833401], [-68.960729, 45.833053], [-68.960676, 45.832698], [-68.960691, 45.832343], [-68.960761, 45.831992], [-68.961036, 45.83094], [-68.961942, 45.828071], [-68.962113, 45.827457], [-68.962166, 45.827101], [-68.962165, 45.826889], [-68.962134, 45.826679], [-68.962074, 45.826471], [-68.961985, 45.826266], [-68.961872, 45.826064], [-68.961382, 45.825438], [-68.960326, 45.824214], [-68.959668, 45.823502], [-68.957301, 45.82093], [-68.957018, 45.820636], [-68.956613, 45.82026], [-68.956153, 45.819899], [-68.955732, 45.819613], [-68.955397, 45.819411], [-68.954982, 45.819195], [-68.954547, 45.819005], [-68.95105, 45.817531], [-68.946169, 45.815507], [-68.940938, 45.813369], [-68.939258, 45.812642], [-68.938194, 45.812212], [-68.937901, 45.812084], [-68.937115, 45.811657], [-68.936014, 45.811079], [-68.933943, 45.809832], [-68.933274, 45.809467], [-68.932419, 45.809049], [-68.929422, 45.807649], [-68.927337, 45.806631], [-68.925794, 45.805831], [-68.925274, 45.80556], [-68.924843, 45.805383], [-68.924427, 45.805175], [-68.922774, 45.804333], [-68.921784, 45.803806], [-68.920754, 45.803221], [-68.918826, 45.802052], [-68.918038, 45.801623], [-68.916501, 45.800686], [-68.91316, 45.798593], [-68.911439, 45.797566], [-68.909154, 45.796154], [-68.908408, 45.795666], [-68.906486, 45.794493], [-68.905007, 45.793503], [-68.90426, 45.792978], [-68.902641, 45.791861], [-68.900232, 45.790242], [-68.899141, 45.78948], [-68.897455, 45.788265], [-68.896626, 45.787692], [-68.896287, 45.78742], [-68.895992, 45.787126], [-68.89575, 45.786811], [-68.895554, 45.78648], [-68.894915, 45.785111], [-68.894473, 45.784085], [-68.894156, 45.783408], [-68.892521, 45.77965], [-68.89161, 45.777609], [-68.891255, 45.776921], [-68.890954, 45.776529], [-68.890673, 45.776236], [-68.889481, 45.775099], [-68.889069, 45.774738], [-68.886591, 45.772681], [-68.885503, 45.771812], [-68.884391, 45.771133], [-68.882819, 45.77013], [-68.882218, 45.769684], [-68.881807, 45.769381], [-68.87986, 45.768015], [-68.875356, 45.764809], [-68.873903, 45.763806], [-68.871365, 45.762011], [-68.870867, 45.761678], [-68.870496, 45.761414], [-68.86833, 45.759868], [-68.867799, 45.760359], [-68.866473, 45.759717], [-68.8643, 45.758702], [-68.863688, 45.758522], [-68.862584, 45.75831], [-68.862352, 45.758227], [-68.862163, 45.758111], [-68.861465, 45.757345], [-68.861156, 45.757065], [-68.860742, 45.756813], [-68.860183, 45.756552], [-68.859314, 45.756182], [-68.858616, 45.755822], [-68.857591, 45.755202], [-68.857368, 45.755041], [-68.857176, 45.75487], [-68.856997, 45.754663], [-68.856858, 45.75444], [-68.856518, 45.753747], [-68.856378, 45.753271], [-68.856249, 45.752044], [-68.85631, 45.751061], [-68.856282, 45.750568], [-68.856178, 45.750079], [-68.856015, 45.749599], [-68.855793, 45.749131], [-68.855507, 45.748676], [-68.855192, 45.748235], [-68.854507, 45.747374], [-68.852939, 45.745742], [-68.852214, 45.744902], [-68.851568, 45.744032], [-68.851166, 45.743395], [-68.850577, 45.742417], [-68.850172, 45.741773], [-68.847918, 45.738722], [-68.847552, 45.738298], [-68.847358, 45.738132], [-68.847138, 45.737983], [-68.846911, 45.737844], [-68.846308, 45.737586], [-68.843611, 45.737046], [-68.842987, 45.736836], [-68.842473, 45.73651], [-68.842043, 45.736123], [-68.841656, 45.735714], [-68.841176, 45.735347], [-68.840571, 45.735093], [-68.839892, 45.734884], [-68.839394, 45.734599], [-68.838928, 45.734209], [-68.838755, 45.734043], [-68.838647, 45.733851], [-68.838553, 45.733224], [-68.838372, 45.732743], [-68.838215, 45.732237], [-68.838204, 45.732064], [-68.838233, 45.731857], [-68.838339, 45.731596], [-68.838675, 45.731005], [-68.838746, 45.730748], [-68.838758, 45.730527], [-68.838753, 45.730478], [-68.838726, 45.730358], [-68.838652, 45.730198], [-68.838352, 45.729749], [-68.838269, 45.729634], [-68.838069, 45.729302], [-68.837946, 45.729007], [-68.837845, 45.728714], [-68.83773, 45.728272], [-68.837675, 45.727964], [-68.837631, 45.727542], [-68.837625, 45.727332], [-68.837667, 45.726677], [-68.837633, 45.726139], [-68.837582, 45.725967], [-68.837441, 45.725626], [-68.837257, 45.725294], [-68.836973, 45.724848], [-68.836309, 45.723815], [-68.835605, 45.72267], [-68.835368, 45.722351], [-68.835103, 45.722039], [-68.834839, 45.721756], [-68.834506, 45.721483], [-68.834284, 45.72133], [-68.83406, 45.721208], [-68.833597, 45.720969], [-68.833171, 45.720776], [-68.831836, 45.720205], [-68.831021, 45.719821], [-68.830635, 45.719598], [-68.830258, 45.719354], [-68.829903, 45.719096], [-68.829571, 45.718822], [-68.829263, 45.718537], [-68.828978, 45.718236], [-68.828734, 45.717926], [-68.828303, 45.717288], [-68.825288, 45.712495], [-68.824677, 45.711588], [-68.823885, 45.710722], [-68.822701, 45.709962], [-68.819887, 45.7086], [-68.818771, 45.70781], [-68.816204, 45.705655], [-68.814856, 45.704741], [-68.814082, 45.704247], [-68.813634, 45.703985], [-68.81295, 45.703642], [-68.812417, 45.703425], [-68.811275, 45.703093], [-68.808733, 45.702502], [-68.807857, 45.702122], [-68.806229, 45.700736], [-68.80414, 45.698926], [-68.802235, 45.697124], [-68.802024, 45.696904], [-68.799854, 45.694648], [-68.79893, 45.693898], [-68.798094, 45.693478], [-68.796769, 45.693044], [-68.795534, 45.692941], [-68.795019, 45.692898], [-68.792577, 45.692715], [-68.791649, 45.692573], [-68.790215, 45.692262], [-68.789038, 45.691937], [-68.786843, 45.691059], [-68.784297, 45.689886], [-68.782759, 45.689196], [-68.778452, 45.687479], [-68.776749, 45.68683], [-68.775959, 45.68651], [-68.77559, 45.686366], [-68.775124, 45.686119], [-68.774593, 45.68574], [-68.773746, 45.685051], [-68.773082, 45.684608], [-68.772604, 45.684358], [-68.771375, 45.683994], [-68.766466, 45.682741], [-68.766093, 45.682607], [-68.761513, 45.680972], [-68.760701, 45.680659], [-68.760405, 45.680522], [-68.759187, 45.679736], [-68.758819, 45.679514], [-68.758419, 45.679305], [-68.757845, 45.679125], [-68.756982, 45.678983], [-68.755571, 45.679062], [-68.748598, 45.680433], [-68.747718, 45.680524], [-68.746789, 45.680471], [-68.745888, 45.680242], [-68.742953, 45.679272], [-68.739413, 45.67814], [-68.737551, 45.677877], [-68.736321, 45.677807], [-68.734746, 45.677308], [-68.732772, 45.676674], [-68.731302, 45.676383], [-68.729494, 45.676108], [-68.725992, 45.675652], [-68.724718, 45.67548], [-68.724373, 45.675418], [-68.723648, 45.67525], [-68.722348, 45.674718], [-68.721732, 45.674436], [-68.721266, 45.674151], [-68.720955, 45.673879], [-68.720688, 45.673553], [-68.720433, 45.67314], [-68.720315, 45.672709], [-68.720251, 45.672272], [-68.720199, 45.671659], [-68.720184, 45.67131], [-68.720171, 45.671011], [-68.720158, 45.670858], [-68.720068, 45.669343], [-68.719999, 45.668714], [-68.719943, 45.668316], [-68.719909, 45.668199], [-68.719896, 45.668154], [-68.719577, 45.667405], [-68.719055, 45.666809], [-68.718653, 45.66641], [-68.718371, 45.666168], [-68.716694, 45.66472], [-68.716513, 45.664572], [-68.716362, 45.66445], [-68.716132, 45.664263], [-68.715974, 45.664134], [-68.715797, 45.663984], [-68.715593, 45.663796], [-68.715463, 45.663664], [-68.71451, 45.662503], [-68.713964, 45.661815], [-68.713537, 45.661297], [-68.713422, 45.661213], [-68.713209, 45.661102], [-68.71308, 45.661021], [-68.712902, 45.660884], [-68.712817, 45.660746], [-68.712768, 45.659276], [-68.71272, 45.658269], [-68.712538, 45.658255], [-68.712308, 45.658168], [-68.71147, 45.657813], [-68.710291, 45.65736], [-68.710193, 45.657341], [-68.710039, 45.657328], [-68.70916, 45.65734], [-68.708112, 45.657365], [-68.707192, 45.657387], [-68.70622, 45.657412], [-68.705234, 45.657437], [-68.704841, 45.65745], [-68.704482, 45.657459], [-68.703269, 45.657485], [-68.702556, 45.657487], [-68.702309, 45.657488], [-68.700171, 45.65747], [-68.699423, 45.657457], [-68.699099, 45.657452], [-68.696323, 45.657405], [-68.694735, 45.657369], [-68.692114, 45.657337], [-68.692091, 45.657337], [-68.691607, 45.65733], [-68.691487, 45.657328], [-68.690614, 45.657315], [-68.690483, 45.657313], [-68.688791, 45.657285], [-68.687445, 45.657261], [-68.686006, 45.657236], [-68.684034, 45.657202], [-68.683475, 45.657191], [-68.678996, 45.657111], [-68.678766, 45.657107], [-68.678299, 45.657099], [-68.678174, 45.657096], [-68.675664, 45.657048], [-68.664045, 45.656859], [-68.658766, 45.65677], [-68.65697, 45.656778], [-68.656552, 45.656803], [-68.655175, 45.656883], [-68.653916, 45.65703], [-68.653359, 45.657118], [-68.651471, 45.657455], [-68.650796, 45.657611], [-68.649289, 45.658011], [-68.647951, 45.658458], [-68.645982, 45.659251], [-68.642201, 45.661024], [-68.640832, 45.661606], [-68.639276, 45.662268], [-68.636545, 45.663394], [-68.636365, 45.663469], [-68.635058, 45.663936], [-68.632499, 45.664716], [-68.631494, 45.665005], [-68.630995, 45.66513], [-68.630496, 45.665208], [-68.630058, 45.665242], [-68.629588, 45.665255], [-68.629258, 45.665245], [-68.628707, 45.665183], [-68.628473, 45.665151], [-68.627986, 45.665043], [-68.627504, 45.664909], [-68.627096, 45.664756], [-68.626876, 45.66466], [-68.626493, 45.664452], [-68.62431, 45.663037], [-68.623811, 45.662771], [-68.623513, 45.662639], [-68.623165, 45.662523], [-68.622827, 45.662427], [-68.62244, 45.662339], [-68.621716, 45.662225], [-68.621498, 45.662194], [-68.620481, 45.662044], [-68.620271, 45.662008], [-68.619973, 45.661963], [-68.619287, 45.661829], [-68.618867, 45.661726], [-68.618313, 45.66156], [-68.617241, 45.661145], [-68.616999, 45.661034], [-68.616361, 45.660689], [-68.61583, 45.660338], [-68.614888, 45.659633], [-68.611098, 45.656459], [-68.610226, 45.655733], [-68.608854, 45.654592], [-68.60794, 45.653655], [-68.607602, 45.653166], [-68.607288, 45.652672], [-68.606815, 45.651744], [-68.606075, 45.649598], [-68.604579, 45.645656], [-68.604347, 45.645188], [-68.604188, 45.644913], [-68.604119, 45.644794], [-68.602813, 45.642757], [-68.601614, 45.64103], [-68.599986, 45.638567], [-68.599296, 45.637594], [-68.597832, 45.635399], [-68.597144, 45.6344], [-68.596583, 45.633696], [-68.596304, 45.633367], [-68.595984, 45.633032], [-68.595325, 45.63246], [-68.594888, 45.632129], [-68.594041, 45.631596], [-68.593754, 45.631446], [-68.592644, 45.630881], [-68.592029, 45.630651], [-68.58901, 45.6297], [-68.585007, 45.628437], [-68.584448, 45.628256], [-68.580542, 45.627006], [-68.579394, 45.626629], [-68.578276, 45.626269], [-68.577838, 45.626148], [-68.577544, 45.626068], [-68.577122, 45.625951], [-68.576968, 45.625909], [-68.57636, 45.625744], [-68.57631, 45.62573], [-68.575947, 45.625632], [-68.575859, 45.625609], [-68.575701, 45.625568], [-68.575, 45.625388], [-68.574793, 45.625348], [-68.574435, 45.62526], [-68.573654, 45.625138], [-68.573214, 45.625072], [-68.572311, 45.624908], [-68.571706, 45.624737], [-68.571002, 45.624501], [-68.569859, 45.624029], [-68.569412, 45.623819], [-68.569012, 45.623598], [-68.568708, 45.623402], [-68.568327, 45.623129], [-68.56756, 45.622514], [-68.566888, 45.621951], [-68.566152, 45.621369], [-68.565356, 45.620837], [-68.564714, 45.620482], [-68.564219, 45.620224], [-68.563709, 45.619972], [-68.563338, 45.619784], [-68.562731, 45.619475], [-68.562332, 45.619291], [-68.559609, 45.617912], [-68.559019, 45.617652], [-68.558402, 45.617406], [-68.555597, 45.616604], [-68.554425, 45.616281], [-68.553882, 45.616101], [-68.553401, 45.615921], [-68.552837, 45.615686], [-68.552285, 45.615427], [-68.551826, 45.615185], [-68.550711, 45.614598], [-68.548899, 45.613706], [-68.548168, 45.613449], [-68.547758, 45.613337], [-68.546967, 45.613186], [-68.545986, 45.613067], [-68.54524, 45.613045], [-68.544463, 45.613067], [-68.542028, 45.613204], [-68.539902, 45.613277], [-68.538438, 45.613329], [-68.536378, 45.613395], [-68.533867, 45.613439], [-68.53346, 45.613431], [-68.533058, 45.613401], [-68.532894, 45.613372], [-68.532416, 45.613247], [-68.531895, 45.61309], [-68.530153, 45.612473], [-68.529892, 45.612372], [-68.525784, 45.610863], [-68.525191, 45.61057], [-68.524827, 45.610314], [-68.524293, 45.609905], [-68.523965, 45.609558], [-68.523818, 45.609369], [-68.523434, 45.608798], [-68.523108, 45.608373], [-68.523051, 45.608286], [-68.522988, 45.607887], [-68.522979, 45.607661], [-68.523055, 45.607255], [-68.523355, 45.606775], [-68.523709, 45.606392], [-68.525007, 45.605251], [-68.526974, 45.603789], [-68.529949, 45.601567], [-68.530477, 45.601173], [-68.53095, 45.600819], [-68.53376, 45.598723], [-68.537699, 45.595774], [-68.538774, 45.59492], [-68.539655, 45.5941], [-68.540277, 45.593458], [-68.541041, 45.592519], [-68.541512, 45.591763], [-68.542021, 45.590743], [-68.542476, 45.589663], [-68.5427, 45.588659], [-68.543233, 45.584107], [-68.544171, 45.575043], [-68.544408, 45.572935], [-68.54463, 45.571401], [-68.544956, 45.569804], [-68.545366, 45.568117], [-68.545724, 45.566916], [-68.54623, 45.565473], [-68.550846, 45.553863], [-68.551627, 45.551961], [-68.552061, 45.550394], [-68.552505, 45.548679], [-68.552807, 45.545851], [-68.553018, 45.535699], [-68.553319, 45.515918], [-68.553409, 45.513943], [-68.55359, 45.512338], [-68.554045, 45.510136], [-68.554585, 45.508447], [-68.555019, 45.507264], [-68.555636, 45.505804], [-68.557092, 45.503155], [-68.558143, 45.501675], [-68.56013, 45.499053], [-68.580833, 45.471198], [-68.587547, 45.462108], [-68.589003, 45.460261], [-68.589881, 45.458699], [-68.590565, 45.457224], [-68.591163, 45.455588], [-68.591452, 45.45412], [-68.591751, 45.452449], [-68.591809, 45.450873], [-68.591345, 45.446704], [-68.589609, 45.432745], [-68.589406, 45.430999], [-68.589348, 45.428922], [-68.589464, 45.427311], [-68.589705, 45.425579], [-68.59011, 45.423981], [-68.590602, 45.422467], [-68.593774, 45.414392], [-68.601542, 45.395056], [-68.601709, 45.394583], [-68.604745, 45.38695], [-68.605214, 45.385268], [-68.605336, 45.38379], [-68.605387, 45.382216], [-68.605454, 45.380902], [-68.605752, 45.370839], [-68.605961, 45.363693], [-68.605983, 45.362951], [-68.606048, 45.360722], [-68.606133, 45.359351], [-68.606325, 45.357936], [-68.606534, 45.356976], [-68.606865, 45.355816], [-68.607405, 45.354651], [-68.608239, 45.353269], [-68.609133, 45.352022], [-68.610167, 45.350894], [-68.611209, 45.349967], [-68.624417, 45.340009], [-68.633221, 45.333411], [-68.647728, 45.322461], [-68.65306, 45.318406], [-68.654796, 45.317104], [-68.655857, 45.316067], [-68.657217, 45.314575], [-68.658191, 45.313144], [-68.658972, 45.311612], [-68.65956, 45.309971], [-68.662536, 45.300931], [-68.665039, 45.292981], [-68.666022, 45.289976], [-68.667015, 45.287792], [-68.668269, 45.285634], [-68.671413, 45.281368], [-68.675006, 45.276815], [-68.677587, 45.273398], [-68.678487, 45.272053], [-68.679122, 45.270693], [-68.67953, 45.269576], [-68.679801, 45.268295], [-68.679915, 45.267743], [-68.680139, 45.266522], [-68.680481, 45.264793], [-68.68087, 45.262448], [-68.680907, 45.26145], [-68.68087, 45.260263], [-68.678061, 45.239897], [-68.677582, 45.236511], [-68.676847, 45.230673], [-68.675589, 45.221721], [-68.675399, 45.220102], [-68.67531, 45.219122], [-68.675298, 45.218001], [-68.675411, 45.216896], [-68.675714, 45.215473], [-68.676201, 45.214338], [-68.67689, 45.213016], [-68.677679, 45.211808], [-68.682558, 45.205252], [-68.690245, 45.19512], [-68.691091, 45.193932], [-68.691871, 45.192776], [-68.692465, 45.191797], [-68.692993, 45.190541], [-68.693408, 45.188908], [-68.693691, 45.186955], [-68.693897, 45.184978], [-68.69478, 45.177349], [-68.695083, 45.175498], [-68.695416, 45.173973], [-68.695974, 45.172294], [-68.696545, 45.170765], [-68.697575, 45.168716], [-68.699778, 45.164814], [-68.703538, 45.158085], [-68.704095, 45.156946], [-68.704494, 45.155708], [-68.704791, 45.154497], [-68.704967, 45.153129], [-68.704911, 45.151499], [-68.704689, 45.150098], [-68.704224, 45.148461], [-68.70272, 45.144246], [-68.696023, 45.124938], [-68.695363, 45.12264], [-68.695149, 45.121534], [-68.694941, 45.119936], [-68.694857, 45.118826], [-68.694838, 45.117529], [-68.694894, 45.116271], [-68.695023, 45.114128], [-68.695701, 45.106411], [-68.695887, 45.103958], [-68.696036, 45.102331], [-68.696101, 45.100628], [-68.69611, 45.098957], [-68.696008, 45.096729], [-68.695831, 45.095103], [-68.690296, 45.065182], [-68.689352, 45.059921], [-68.688556, 45.055652], [-68.688342, 45.054235], [-68.688242, 45.052985], [-68.688237, 45.051387], [-68.688286, 45.050167], [-68.688415, 45.048965], [-68.688568, 45.04793], [-68.688845, 45.046542], [-68.689333, 45.044769], [-68.696664, 45.023761], [-68.697006, 45.022811], [-68.697585, 45.021199], [-68.69884, 45.017588], [-68.699337, 45.015856], [-68.699783, 45.013978], [-68.700103, 45.012349], [-68.703136, 44.991573], [-68.704864, 44.979666], [-68.705779, 44.973352], [-68.70724, 44.963046], [-68.707725, 44.959697], [-68.708283, 44.956131], [-68.708327, 44.954839], [-68.708322, 44.95323], [-68.708278, 44.951938], [-68.707914, 44.948038], [-68.707836, 44.947173], [-68.707496, 44.943335], [-68.706787, 44.935903], [-68.706462, 44.932837], [-68.706214, 44.931579], [-68.705941, 44.930427], [-68.705591, 44.929262], [-68.705216, 44.928208], [-68.704589, 44.926678], [-68.704309, 44.926068], [-68.702223, 44.922177], [-68.700501, 44.91886], [-68.700244, 44.91839], [-68.69685, 44.912042], [-68.69364, 44.905994], [-68.692744, 44.904352], [-68.691786, 44.90246], [-68.691487, 44.901648], [-68.691214, 44.900746], [-68.691048, 44.899719], [-68.690931, 44.898506], [-68.690936, 44.897534], [-68.691007, 44.896731], [-68.691265, 44.895286], [-68.691798, 44.893715], [-68.694011, 44.888797], [-68.697936, 44.87992], [-68.698493, 44.878707], [-68.69908, 44.877773], [-68.70021, 44.876294], [-68.700676, 44.875727], [-68.705309, 44.870084], [-68.707886, 44.866939], [-68.708378, 44.866398], [-68.709134, 44.86565], [-68.709882, 44.86502], [-68.71123, 44.864004], [-68.712015, 44.863507], [-68.717563, 44.860442], [-68.718349, 44.859959], [-68.719083, 44.859477], [-68.719838, 44.858907], [-68.720585, 44.858315], [-68.721238, 44.857745], [-68.721869, 44.857096], [-68.722909, 44.855917], [-68.736194, 44.839448], [-68.737298, 44.83811], [-68.739126, 44.835844], [-68.739791, 44.835012], [-68.740833, 44.833644], [-68.74195, 44.832383], [-68.742902, 44.831403], [-68.743635, 44.830804], [-68.744797, 44.829881], [-68.745602, 44.829325], [-68.746733, 44.82865], [-68.748219, 44.827882], [-68.749566, 44.827306], [-68.749983, 44.827152], [-68.750837, 44.826838], [-68.755468, 44.825281], [-68.756381, 44.825003], [-68.758247, 44.82434], [-68.759633, 44.82388], [-68.761608, 44.823194], [-68.763316, 44.822576], [-68.765488, 44.821755], [-68.767092, 44.821168], [-68.769638, 44.820297], [-68.770226, 44.820098], [-68.770822, 44.819928], [-68.771305, 44.819806], [-68.771871, 44.819696], [-68.772349, 44.819616], [-68.773, 44.819547], [-68.773543, 44.81953], [-68.774107, 44.819535], [-68.775457, 44.81951], [-68.775756, 44.819506], [-68.776602, 44.819476], [-68.777087, 44.819442], [-68.777533, 44.819391], [-68.778328, 44.819272], [-68.779074, 44.819113], [-68.779659, 44.818954], [-68.780229, 44.818774], [-68.780783, 44.818564], [-68.786357, 44.816233], [-68.786874, 44.815985], [-68.787287, 44.815756], [-68.78776, 44.815444], [-68.788107, 44.815182], [-68.788415, 44.814922], [-68.7887, 44.814644], [-68.788864, 44.814458], [-68.789049, 44.814209], [-68.790281, 44.812332], [-68.790564, 44.811946], [-68.791137, 44.811291], [-68.79416, 44.808061], [-68.794865, 44.807342], [-68.795242, 44.806993], [-68.795826, 44.806491], [-68.796229, 44.806165], [-68.799169, 44.803968], [-68.799756, 44.803466], [-68.800257, 44.802922], [-68.800406, 44.802727], [-68.800655, 44.802343], [-68.800958, 44.801731], [-68.801192, 44.801097], [-68.802133, 44.798352], [-68.80348, 44.794452], [-68.803718, 44.793832], [-68.803925, 44.79342], [-68.804443, 44.792631], [-68.808296, 44.787213], [-68.808613, 44.786775], [-68.808788, 44.786522], [-68.809342, 44.785757], [-68.809798, 44.785187], [-68.810301, 44.784644], [-68.810852, 44.784124], [-68.811351, 44.783706], [-68.811465, 44.783619], [-68.812089, 44.783129], [-68.812907, 44.782621], [-68.814224, 44.781927], [-68.814826, 44.781652], [-68.815763, 44.781294], [-68.816634, 44.781025], [-68.817662, 44.780769], [-68.818598, 44.780555], [-68.819767, 44.78037], [-68.820916, 44.780211], [-68.832445, 44.778657], [-68.844692, 44.77705], [-68.848794, 44.776485], [-68.850066, 44.776271], [-68.852331, 44.775838], [-68.854575, 44.775311], [-68.855662, 44.775027], [-68.856705, 44.774706], [-68.857395, 44.774491], [-68.858666, 44.774086], [-68.859847, 44.773747], [-68.865791, 44.771923], [-68.868825, 44.770993], [-68.869625, 44.770739], [-68.87409, 44.769341], [-68.875433, 44.768954], [-68.877269, 44.768473], [-68.879282, 44.76804], [-68.880866, 44.767731], [-68.881602, 44.767602], [-68.884072, 44.767211], [-68.884659, 44.767112], [-68.888549, 44.76642], [-68.892604, 44.765728], [-68.894194, 44.7654], [-68.894732, 44.765302], [-68.904993, 44.763528], [-68.906645, 44.763266], [-68.90775, 44.763121], [-68.908922, 44.763011], [-68.909904, 44.762964], [-68.911292, 44.762918], [-68.912756, 44.762944], [-68.914564, 44.76303], [-68.916214, 44.763202], [-68.91784, 44.763429], [-68.919001, 44.763661], [-68.920134, 44.763869], [-68.932067, 44.766204], [-68.933499, 44.766432], [-68.93518, 44.766608], [-68.936274, 44.766668], [-68.937386, 44.766702], [-68.938619, 44.766676], [-68.939943, 44.766603], [-68.941086, 44.766496], [-68.942267, 44.766327], [-68.943189, 44.766168], [-68.944322, 44.765936], [-68.945254, 44.765709], [-68.946439, 44.765358], [-68.947671, 44.764945], [-68.950828, 44.763795], [-68.954119, 44.762665], [-68.956056, 44.762071], [-68.957787, 44.761623], [-68.959408, 44.761243], [-68.96202, 44.760672], [-68.966003, 44.759766], [-68.967591, 44.759428], [-68.969164, 44.759153], [-68.970327, 44.759006], [-68.971299, 44.758935], [-68.972447, 44.758927], [-68.973933, 44.75896], [-68.974762, 44.75901], [-68.975756, 44.759124], [-68.976754, 44.759283], [-68.977849, 44.75952], [-68.979533, 44.759955], [-68.980697, 44.760338], [-68.981904, 44.760836], [-68.983395, 44.761545], [-68.995385, 44.767645], [-69.002941, 44.77147], [-69.003685, 44.771796], [-69.004454, 44.772108], [-69.006179, 44.772756], [-69.00701, 44.773011], [-69.008921, 44.773478], [-69.009932, 44.77368], [-69.011067, 44.773861], [-69.011979, 44.773989], [-69.012916, 44.774081], [-69.014026, 44.774134], [-69.020763, 44.774125], [-69.028392, 44.774072], [-69.029391, 44.774103], [-69.030278, 44.774165], [-69.031364, 44.774284], [-69.032641, 44.774449], [-69.03666, 44.775033], [-69.090494, 44.782897], [-69.093714, 44.783345], [-69.097426, 44.783891], [-69.100112, 44.784242], [-69.104815, 44.784846], [-69.105321, 44.78492], [-69.110248, 44.785566], [-69.116462, 44.786331], [-69.124035, 44.787318], [-69.125787, 44.787575], [-69.127826, 44.787818], [-69.129444, 44.78798], [-69.131196, 44.788107], [-69.132898, 44.788166], [-69.13601, 44.78817], [-69.151006, 44.787592], [-69.152609, 44.787568], [-69.155284, 44.787571], [-69.156624, 44.787603], [-69.15909, 44.787709], [-69.160078, 44.787765], [-69.161347, 44.787863], [-69.168353, 44.788529], [-69.170459, 44.788743], [-69.172978, 44.789012], [-69.193181, 44.791038], [-69.196778, 44.791379], [-69.198171, 44.791534], [-69.199491, 44.791735], [-69.201003, 44.792008], [-69.202183, 44.792301], [-69.203477, 44.792687], [-69.204549, 44.793048], [-69.205843, 44.793544], [-69.206879, 44.794003], [-69.207979, 44.794589], [-69.209039, 44.79522], [-69.210095, 44.795888], [-69.221317, 44.803196], [-69.225532, 44.805943], [-69.226506, 44.806563], [-69.22796, 44.807376], [-69.22924, 44.808056], [-69.230699, 44.808781], [-69.231974, 44.809306], [-69.233327, 44.809841], [-69.234394, 44.810221], [-69.235909, 44.81072], [-69.240352, 44.81203], [-69.246402, 44.813747], [-69.248622, 44.814363], [-69.250167, 44.81486], [-69.251659, 44.815384], [-69.253301, 44.815991], [-69.254818, 44.816603], [-69.25582, 44.817071], [-69.261771, 44.819849], [-69.269518, 44.82354], [-69.274014, 44.825658], [-69.274621, 44.825939], [-69.282014, 44.829422], [-69.282518, 44.829659], [-69.287314, 44.831935], [-69.291183, 44.833766], [-69.292075, 44.834206], [-69.293389, 44.834734], [-69.294554, 44.835169], [-69.295857, 44.835564], [-69.29692, 44.835786], [-69.298222, 44.836028], [-69.299535, 44.836177], [-69.300771, 44.836275], [-69.30234, 44.836315], [-69.303807, 44.836271], [-69.305149, 44.836158], [-69.306698, 44.83594], [-69.308531, 44.835529], [-69.309924, 44.8351], [-69.311885, 44.834395], [-69.313214, 44.83376], [-69.314452, 44.833013], [-69.333901, 44.819446], [-69.335394, 44.818448], [-69.337156, 44.817369], [-69.339061, 44.816345], [-69.340831, 44.815589], [-69.342814, 44.814767], [-69.362877, 44.8083], [-69.36481, 44.807655], [-69.367234, 44.806949], [-69.368506, 44.806626], [-69.369949, 44.806288], [-69.373943, 44.805482], [-69.377121, 44.804935], [-69.377934, 44.804798], [-69.386318, 44.803305], [-69.387405, 44.803069], [-69.388242, 44.802843], [-69.389261, 44.80254], [-69.390243, 44.802198], [-69.39154, 44.801613], [-69.392317, 44.801227], [-69.393284, 44.800683], [-69.394262, 44.800001], [-69.394637, 44.799726], [-69.395257, 44.799238], [-69.395921, 44.79865], [-69.397091, 44.797389], [-69.39795, 44.79616], [-69.401796, 44.789328], [-69.404201, 44.785094], [-69.40448, 44.784582], [-69.405117, 44.783504], [-69.405965, 44.781999], [-69.406596, 44.780865], [-69.407227, 44.779585], [-69.408004, 44.777717], [-69.411107, 44.769722], [-69.411267, 44.769296], [-69.411378, 44.769007], [-69.41215, 44.767319], [-69.412624, 44.766524], [-69.414102, 44.764307], [-69.430543, 44.740003], [-69.437137, 44.730221], [-69.443457, 44.720909], [-69.44531, 44.718134], [-69.448188, 44.713996], [-69.449052, 44.712836], [-69.44999, 44.711673], [-69.451067, 44.710454], [-69.452067, 44.709369], [-69.453608, 44.70786], [-69.462367, 44.699641], [-69.465255, 44.696957], [-69.467698, 44.694648], [-69.468849, 44.693416], [-69.469664, 44.692575], [-69.472818, 44.688815], [-69.477779, 44.68282], [-69.488049, 44.670519], [-69.489436, 44.668961], [-69.490827, 44.667557], [-69.492377, 44.66616], [-69.49389, 44.664936], [-69.495083, 44.664087], [-69.496483, 44.66314], [-69.500946, 44.660227], [-69.504031, 44.658174], [-69.513343, 44.652128], [-69.515003, 44.65108], [-69.516743, 44.649927], [-69.518945, 44.6484], [-69.521073, 44.646721], [-69.522886, 44.645255], [-69.525122, 44.643109], [-69.52685, 44.641412], [-69.528158, 44.640172], [-69.528584, 44.639748], [-69.532892, 44.635598], [-69.534425, 44.634149], [-69.536086, 44.632515], [-69.537057, 44.631523], [-69.538327, 44.630443], [-69.539439, 44.629583], [-69.541098, 44.628378], [-69.546912, 44.62466], [-69.550882, 44.622185], [-69.578199, 44.604865], [-69.578946, 44.604448], [-69.579751, 44.604048], [-69.58042, 44.60374], [-69.581301, 44.603379], [-69.582199, 44.603071], [-69.582988, 44.602826], [-69.583638, 44.602644], [-69.584623, 44.602421], [-69.585969, 44.602196], [-69.586897, 44.602085], [-69.58781, 44.602021], [-69.590301, 44.601953], [-69.594547, 44.601889], [-69.595866, 44.601877], [-69.596364, 44.601875], [-69.598231, 44.60184], [-69.599148, 44.60179], [-69.600888, 44.601619], [-69.601948, 44.601465], [-69.602795, 44.601315], [-69.603834, 44.601104], [-69.605316, 44.600718], [-69.606572, 44.600325], [-69.607459, 44.600011], [-69.608045, 44.599777], [-69.60874, 44.599482], [-69.609583, 44.599084], [-69.610428, 44.59865], [-69.611252, 44.598185], [-69.611892, 44.5978], [-69.612503, 44.597401], [-69.613063, 44.597002], [-69.614294, 44.595972], [-69.615071, 44.595233], [-69.615897, 44.594334], [-69.6181, 44.591797], [-69.621344, 44.587977], [-69.627662, 44.580604], [-69.628432, 44.57973], [-69.630042, 44.577795], [-69.63097, 44.576731], [-69.631855, 44.575818], [-69.632749, 44.575095], [-69.633726, 44.574427], [-69.635102, 44.573683], [-69.636531, 44.573097], [-69.637922, 44.572602], [-69.639256, 44.572275], [-69.640682, 44.572024], [-69.641301, 44.571951], [-69.642412, 44.571886], [-69.646199, 44.571851], [-69.650498, 44.571754], [-69.654483, 44.571728], [-69.65581, 44.571704], [-69.656866, 44.571692], [-69.657792, 44.571661], [-69.658871, 44.571554], [-69.660894, 44.571226], [-69.662209, 44.570905], [-69.663161, 44.570594], [-69.663872, 44.570319], [-69.664402, 44.570093], [-69.665054, 44.569791], [-69.665525, 44.569539], [-69.666129, 44.569197], [-69.666576, 44.568911], [-69.667164, 44.568504], [-69.667805, 44.567992], [-69.668385, 44.567462], [-69.669201, 44.566595], [-69.669684, 44.565988], [-69.670152, 44.565272], [-69.670775, 44.564138], [-69.674776, 44.557165], [-69.676187, 44.55447], [-69.677614, 44.551172], [-69.678915, 44.547942], [-69.679235, 44.547152], [-69.679726, 44.546038], [-69.680075, 44.545323], [-69.680325, 44.544793], [-69.681125, 44.543415], [-69.681831, 44.542319], [-69.682196, 44.541786], [-69.682912, 44.540805], [-69.684337, 44.539057], [-69.688537, 44.53421], [-69.69635, 44.525022], [-69.696664, 44.524647], [-69.698912, 44.521739], [-69.699685, 44.520619], [-69.700111, 44.519926], [-69.700513, 44.519223], [-69.700784, 44.51871], [-69.701287, 44.517672], [-69.701927, 44.516082], [-69.702447, 44.514587], [-69.702903, 44.512918], [-69.703263, 44.511196], [-69.703554, 44.509021], [-69.703614, 44.508432], [-69.703647, 44.507948], [-69.704, 44.504936], [-69.704048, 44.504714], [-69.704241, 44.503078], [-69.704601, 44.499316], [-69.706318, 44.484256], [-69.706502, 44.482771], [-69.706672, 44.481662], [-69.706918, 44.480713], [-69.70803, 44.477082], [-69.709075, 44.473564], [-69.712405, 44.462568], [-69.71313, 44.460166], [-69.713516, 44.458993], [-69.713982, 44.457923], [-69.714948, 44.455898], [-69.715631, 44.454763], [-69.716272, 44.453763], [-69.716948, 44.452831], [-69.718801, 44.450473], [-69.719528, 44.449549], [-69.729988, 44.436537], [-69.739636, 44.424579], [-69.741026, 44.422642], [-69.741886, 44.421138], [-69.744158, 44.416758], [-69.747398, 44.410887], [-69.750159, 44.405793], [-69.752885, 44.400809], [-69.754152, 44.398753], [-69.755511, 44.396843], [-69.762105, 44.387322], [-69.762792, 44.386285], [-69.764341, 44.384331], [-69.767883, 44.380353], [-69.768895, 44.379111], [-69.769817, 44.378042], [-69.77064, 44.377008], [-69.771462, 44.375816], [-69.772529, 44.374073], [-69.777804, 44.363615], [-69.778663, 44.36194], [-69.779059, 44.361162], [-69.780708, 44.357869], [-69.78143, 44.356415], [-69.782167, 44.355016], [-69.782537, 44.354198], [-69.782849, 44.353649], [-69.783177, 44.353202], [-69.783638, 44.352625], [-69.783962, 44.352274], [-69.784368, 44.351904], [-69.784909, 44.351468], [-69.785717, 44.350924], [-69.791463, 44.34785], [-69.794353, 44.346322], [-69.794893, 44.346036], [-69.79771, 44.34453], [-69.799602, 44.343521], [-69.800907, 44.342781], [-69.802227, 44.341913], [-69.804386, 44.340425], [-69.807239, 44.338317], [-69.808337, 44.337515], [-69.809548, 44.336604], [-69.810138, 44.33611], [-69.810798, 44.335478], [-69.81158, 44.334648], [-69.812004, 44.33417], [-69.812716, 44.333267], [-69.813053, 44.332789], [-69.81335, 44.332313], [-69.813718, 44.331656], [-69.814015, 44.33105], [-69.814253, 44.330503], [-69.814464, 44.329954], [-69.814662, 44.329339], [-69.814816, 44.328797], [-69.814935, 44.328238], [-69.815086, 44.327203], [-69.815152, 44.326052], [-69.815128, 44.325388], [-69.815067, 44.324735], [-69.814966, 44.324068], [-69.814813, 44.323279], [-69.814658, 44.322719], [-69.814498, 44.322228], [-69.814284, 44.321662], [-69.813654, 44.320357], [-69.813206, 44.319409], [-69.812188, 44.317407], [-69.809802, 44.312551], [-69.809302, 44.311572], [-69.808804, 44.310465], [-69.808459, 44.309534], [-69.808249, 44.308747], [-69.808147, 44.308167], [-69.808135, 44.308098], [-69.808001, 44.307127], [-69.807297, 44.294052], [-69.80713, 44.291606], [-69.807002, 44.28927], [-69.806983, 44.288827], [-69.806775, 44.284295], [-69.806401, 44.277477], [-69.806373, 44.276963], [-69.806359, 44.276402], [-69.806406, 44.274517], [-69.806506, 44.272048], [-69.806838, 44.264714], [-69.807029, 44.25983], [-69.80727, 44.254961], [-69.807345, 44.252511], [-69.807475, 44.250063], [-69.80766, 44.245192], [-69.807669, 44.244932], [-69.807887, 44.240307], [-69.807913, 44.239422], [-69.807968, 44.238586], [-69.808068, 44.237862], [-69.808204, 44.237154], [-69.80847, 44.236224], [-69.808751, 44.235412], [-69.80905, 44.234723], [-69.809446, 44.233973], [-69.810021, 44.232998], [-69.810344, 44.232537], [-69.810873, 44.231857], [-69.812551, 44.230036], [-69.816405, 44.225951], [-69.816621, 44.225704], [-69.818004, 44.224231], [-69.818242, 44.224114], [-69.819088, 44.223545], [-69.819838, 44.223149], [-69.821023, 44.222569], [-69.821464, 44.222306], [-69.82195, 44.221951], [-69.822345, 44.221601], [-69.822753, 44.221181], [-69.823086, 44.220739], [-69.823348, 44.22032], [-69.823598, 44.219766], [-69.823748, 44.219272], [-69.823794, 44.219036], [-69.823846, 44.218459], [-69.823945, 44.217325], [-69.824002, 44.216762], [-69.824336, 44.213137], [-69.824479, 44.211825], [-69.824696, 44.209878], [-69.824927, 44.207791], [-69.825327, 44.203791], [-69.82555, 44.201428], [-69.8257, 44.200266], [-69.825796, 44.198866], [-69.826043, 44.197243], [-69.826499, 44.19581], [-69.826823, 44.194985], [-69.827366, 44.193864], [-69.827941, 44.192776], [-69.828254, 44.1922], [-69.829217, 44.190596], [-69.831943, 44.186236], [-69.832401, 44.185435], [-69.832729, 44.184735], [-69.833048, 44.183992], [-69.833456, 44.182746], [-69.833646, 44.181976], [-69.833775, 44.180621], [-69.834199, 44.176815], [-69.834246, 44.176131], [-69.834624, 44.17247], [-69.83463, 44.172424], [-69.834869, 44.17047], [-69.835409, 44.164653], [-69.835547, 44.163341], [-69.835814, 44.160786], [-69.836353, 44.158568], [-69.839493, 44.150152], [-69.847521, 44.129321], [-69.848684, 44.126459], [-69.849239, 44.125192], [-69.850554, 44.123014], [-69.851305, 44.121883], [-69.851996, 44.120922], [-69.856466, 44.115685], [-69.857672, 44.114193], [-69.858719, 44.113104], [-69.85926, 44.112437], [-69.863369, 44.107729], [-69.866358, 44.104285], [-69.87068, 44.099288], [-69.872312, 44.096832], [-69.873626, 44.09459], [-69.874455, 44.09269], [-69.874837, 44.091673], [-69.875207, 44.090574], [-69.876235, 44.086745], [-69.878577, 44.078453], [-69.879423, 44.075704], [-69.883049, 44.065484], [-69.88378, 44.064181], [-69.888891, 44.057186], [-69.892763, 44.051563], [-69.893594, 44.050251], [-69.895875, 44.045527], [-69.896983, 44.043884], [-69.897238, 44.043539], [-69.897707, 44.042904], [-69.899473, 44.040997], [-69.90134, 44.0393], [-69.904494, 44.036632], [-69.907653, 44.034123], [-69.911549, 44.030682], [-69.914233, 44.02846], [-69.915344, 44.027469], [-69.916417, 44.026276], [-69.917734, 44.024483], [-69.918128, 44.023818], [-69.918565, 44.022833], [-69.919181, 44.021149], [-69.920456, 44.017344], [-69.92052, 44.017112], [-69.921167, 44.014785], [-69.922304, 44.011513], [-69.922666, 44.010492], [-69.923377, 44.008535], [-69.9243, 44.007007], [-69.925094, 44.005896], [-69.925759, 44.005139], [-69.926682, 44.003997], [-69.930887, 44.000478], [-69.933055, 43.998456], [-69.936767, 43.995199], [-69.937754, 43.994227], [-69.938247, 43.993578], [-69.938762, 43.992837], [-69.939685, 43.991232], [-69.9402, 43.990089], [-69.940779, 43.988129], [-69.94138, 43.986508], [-69.942196, 43.98518], [-69.94276, 43.984314], [-69.943371, 43.983207], [-69.943917, 43.982402], [-69.944881, 43.980803], [-69.945896, 43.978545], [-69.946273, 43.977367], [-69.947024, 43.975838], [-69.948332, 43.974248], [-69.950264, 43.972549], [-69.951817, 43.971234], [-69.952944, 43.970222], [-69.953963, 43.969365], [-69.954875, 43.968431], [-69.955851, 43.967211], [-69.956946, 43.965365], [-69.958115, 43.962995], [-69.958448, 43.962392], [-69.959091, 43.961118], [-69.959875, 43.959991], [-69.960948, 43.958709], [-69.962364, 43.957372], [-69.963941, 43.955975], [-69.966362, 43.953952], [-69.967226, 43.953208], [-69.967424, 43.953033], [-69.972778, 43.948404], [-69.974388, 43.946925], [-69.975127, 43.946202], [-69.97638, 43.94493], [-69.978396, 43.942888], [-69.979543, 43.94173], [-69.979878, 43.941401], [-69.981233, 43.940156], [-69.983112, 43.938531], [-69.98416, 43.937709], [-69.985172, 43.936958], [-69.98522, 43.936921], [-69.985838, 43.936462], [-69.987515, 43.935282], [-69.987895, 43.935024], [-69.98902, 43.934304], [-69.991498, 43.932822], [-69.991823, 43.93264], [-69.992579, 43.932184], [-69.995028, 43.930745], [-70.008808, 43.922618], [-70.010085, 43.921901], [-70.011578, 43.921128], [-70.012373, 43.920744], [-70.013311, 43.920316], [-70.014117, 43.919965], [-70.015545, 43.919388], [-70.016575, 43.919001], [-70.017828, 43.918563], [-70.021725, 43.9173], [-70.02582, 43.915994], [-70.040968, 43.911107], [-70.042109, 43.910774], [-70.044993, 43.909817], [-70.055288, 43.906485], [-70.056686, 43.906034], [-70.05809, 43.905602], [-70.059505, 43.905214], [-70.070354, 43.902443], [-70.071564, 43.902104], [-70.072322, 43.901833], [-70.072726, 43.901664], [-70.073392, 43.901351], [-70.074027, 43.901007], [-70.07476, 43.900533], [-70.074996, 43.900361], [-70.075561, 43.899896], [-70.075886, 43.8996], [-70.076191, 43.899291], [-70.076475, 43.898964], [-70.076789, 43.898561], [-70.076996, 43.898262], [-70.077224, 43.89789], [-70.07749, 43.897373], [-70.077708, 43.89684], [-70.078002, 43.895937], [-70.081118, 43.885899], [-70.081526, 43.884726], [-70.081879, 43.883921], [-70.082325, 43.883083], [-70.084458, 43.87959], [-70.085169, 43.878459], [-70.085427, 43.87809], [-70.085826, 43.877611], [-70.086127, 43.877297], [-70.086559, 43.876893], [-70.087125, 43.876432], [-70.08748, 43.876181], [-70.088093, 43.875791], [-70.088948, 43.875294], [-70.090529, 43.874424], [-70.09163, 43.873852], [-70.092687, 43.873331], [-70.09362, 43.872888], [-70.095151, 43.872203], [-70.100421, 43.869894], [-70.101484, 43.869404], [-70.102203, 43.869032], [-70.103158, 43.868489], [-70.10378, 43.8681], [-70.104634, 43.867526], [-70.105111, 43.867185], [-70.106138, 43.866359], [-70.106575, 43.865973], [-70.107425, 43.865175], [-70.107777, 43.864805], [-70.108371, 43.864117], [-70.109117, 43.863109], [-70.109727, 43.862202], [-70.110144, 43.861448], [-70.110908, 43.859951], [-70.112119, 43.857438], [-70.114786, 43.852065], [-70.114911, 43.851821], [-70.115256, 43.851149], [-70.11549, 43.850742], [-70.116141, 43.849783], [-70.116772, 43.849006], [-70.11833, 43.847249], [-70.118756, 43.846788], [-70.119318, 43.846095], [-70.119879, 43.845295], [-70.120165, 43.844819], [-70.120975, 43.843479], [-70.121133, 43.843221], [-70.121767, 43.842178], [-70.122215, 43.841602], [-70.12321, 43.840542], [-70.124445, 43.839422], [-70.130206, 43.834137], [-70.13537, 43.829054], [-70.135665, 43.828763], [-70.146335, 43.818218], [-70.147391, 43.817206], [-70.148501, 43.81625], [-70.149665, 43.815366], [-70.150878, 43.814549], [-70.152146, 43.813824], [-70.153446, 43.81324], [-70.153778, 43.813117], [-70.154863, 43.812746], [-70.155567, 43.812537], [-70.161079, 43.810973], [-70.161885, 43.81074], [-70.163272, 43.810286], [-70.163948, 43.809985], [-70.164571, 43.809637], [-70.166194, 43.808371], [-70.167117, 43.807526], [-70.169758, 43.804973], [-70.172127, 43.802747], [-70.17529, 43.799692], [-70.176817, 43.79825], [-70.177129, 43.797973], [-70.177616, 43.79755], [-70.177995, 43.797246], [-70.178459, 43.796809], [-70.17886, 43.796432], [-70.179051, 43.79624], [-70.180025, 43.795146], [-70.185222, 43.789046], [-70.186186, 43.787947], [-70.187247, 43.786948], [-70.187668, 43.786624], [-70.188289, 43.78615], [-70.188585, 43.785957], [-70.190183, 43.785024], [-70.190697, 43.784728], [-70.191834, 43.784072], [-70.192283, 43.783796], [-70.193138, 43.7832], [-70.19354, 43.782884], [-70.194109, 43.782392], [-70.194633, 43.78187], [-70.19501, 43.781446], [-70.195312, 43.781139], [-70.203159, 43.769353], [-70.203422, 43.768958], [-70.211367, 43.75702], [-70.211777, 43.756412], [-70.212656, 43.755247], [-70.213132, 43.754699], [-70.213634, 43.754169], [-70.216805, 43.751147], [-70.217841, 43.750106], [-70.218849, 43.749049], [-70.220305, 43.747435], [-70.221253, 43.746322], [-70.22217, 43.7452], [-70.223497, 43.743463], [-70.224757, 43.741683], [-70.22595, 43.739858], [-70.226335, 43.739237], [-70.22931, 43.734207], [-70.230075, 43.733256], [-70.230676, 43.732561], [-70.23084, 43.732408], [-70.231075, 43.732225], [-70.231442, 43.73203], [-70.231572, 43.731984], [-70.231898, 43.731948], [-70.232058, 43.731948], [-70.232266, 43.731977], [-70.232718, 43.73209], [-70.233519, 43.732384], [-70.233777, 43.732488], [-70.234062, 43.732596], [-70.234716, 43.732838], [-70.235236, 43.733018], [-70.236795, 43.733486], [-70.237546, 43.733687], [-70.238707, 43.733934], [-70.240277, 43.734182], [-70.240934, 43.734268], [-70.24157, 43.734339], [-70.24285, 43.734427], [-70.24411, 43.734463], [-70.244613, 43.734462], [-70.245803, 43.734426], [-70.24683, 43.734371], [-70.24783, 43.734268], [-70.252717, 43.733641], [-70.252982, 43.733554], [-70.254734, 43.733317], [-70.256448, 43.73306], [-70.25676, 43.733061], [-70.263928, 43.731949], [-70.277253, 43.730005], [-70.278688, 43.729772], [-70.279829, 43.729539], [-70.280798, 43.7293], [-70.281372, 43.729138], [-70.28484, 43.728069], [-70.28611, 43.727688], [-70.293631, 43.725323], [-70.298286, 43.723876], [-70.298942, 43.723677], [-70.299808, 43.723395], [-70.300657, 43.723092], [-70.301052, 43.722951], [-70.301929, 43.722613], [-70.304215, 43.721874], [-70.305586, 43.721396], [-70.306384, 43.721094], [-70.306613, 43.720971], [-70.306869, 43.72078], [-70.307074, 43.720536], [-70.307174, 43.720354], [-70.307235, 43.720073], [-70.307204, 43.71975], [-70.307059, 43.719452], [-70.306883, 43.719241], [-70.30623, 43.71855], [-70.306131, 43.71839], [-70.30602, 43.718135], [-70.305974, 43.717938], [-70.30598, 43.71776], [-70.305936, 43.717601], [-70.306334, 43.715981], [-70.306419, 43.715626], [-70.306649, 43.714749], [-70.306871, 43.714049], [-70.307144, 43.713357], [-70.307455, 43.712679], [-70.307801, 43.712017], [-70.308236, 43.711312], [-70.309538, 43.709356], [-70.315913, 43.699804], [-70.316161, 43.699433], [-70.317708, 43.697096], [-70.318108, 43.696427], [-70.318298, 43.696071], [-70.318777, 43.695066], [-70.322468, 43.686886], [-70.322738, 43.686285], [-70.323436, 43.68474], [-70.324644, 43.682067], [-70.326769, 43.67736], [-70.327581, 43.67556], [-70.329323, 43.671708], [-70.329615, 43.671067], [-70.33072, 43.668603], [-70.331282, 43.66735], [-70.33154, 43.666698], [-70.331767, 43.666007], [-70.331948, 43.665327], [-70.332093, 43.664613], [-70.332202, 43.66379], [-70.332248, 43.662823], [-70.332242, 43.662451], [-70.332166, 43.661372], [-70.331424, 43.655583], [-70.331321, 43.654755], [-70.33119, 43.653507], [-70.331177, 43.652771], [-70.331204, 43.652056], [-70.331339, 43.650065], [-70.331421, 43.648835], [-70.331506, 43.648121], [-70.331633, 43.647407], [-70.331803, 43.646707], [-70.332022, 43.646003], [-70.332288, 43.645297], [-70.332639, 43.644513], [-70.332939, 43.643944], [-70.333766, 43.642705], [-70.334377, 43.641887], [-70.334981, 43.64118], [-70.335681, 43.640461], [-70.339567, 43.636732], [-70.341448, 43.634937], [-70.350172, 43.626558], [-70.351213, 43.625567], [-70.354688, 43.622223], [-70.358844, 43.618236], [-70.359747, 43.617373], [-70.362641, 43.614596], [-70.367952, 43.609496], [-70.374545, 43.603156], [-70.375853, 43.601894], [-70.376532, 43.60117], [-70.384884, 43.591942], [-70.385757, 43.591064], [-70.389095, 43.587913], [-70.446058, 43.534192], [-70.452347, 43.528264], [-70.452824, 43.527782], [-70.454695, 43.526033], [-70.455547, 43.52531], [-70.456706, 43.524414], [-70.46162, 43.520887], [-70.46496, 43.51849], [-70.467691, 43.516531], [-70.483998, 43.503949], [-70.485079, 43.50299], [-70.485589, 43.502485], [-70.48608, 43.501959], [-70.486766, 43.501132], [-70.487185, 43.500552], [-70.487794, 43.499655], [-70.488817, 43.498117], [-70.490538, 43.495515], [-70.490971, 43.494804], [-70.491309, 43.494177], [-70.491613, 43.493518], [-70.491888, 43.492856], [-70.492123, 43.492171], [-70.492975, 43.489399], [-70.493219, 43.488717], [-70.49352, 43.488053], [-70.493786, 43.487558], [-70.494238, 43.486792], [-70.494602, 43.486217], [-70.495026, 43.485624], [-70.495485, 43.485039], [-70.496222, 43.484203], [-70.500593, 43.47952], [-70.501282, 43.47878], [-70.502443, 43.477533], [-70.50318, 43.47678], [-70.503862, 43.476161], [-70.504293, 43.4758], [-70.504862, 43.475354], [-70.505459, 43.474921], [-70.521378, 43.463998], [-70.521965, 43.463565], [-70.522521, 43.463125], [-70.523094, 43.462627], [-70.523636, 43.462111], [-70.524382, 43.461329], [-70.524854, 43.460776], [-70.525296, 43.460209], [-70.547664, 43.429974], [-70.547746, 43.429864], [-70.551286, 43.425064], [-70.552151, 43.423828], [-70.552519, 43.423247], [-70.553933, 43.420779], [-70.556988, 43.415271], [-70.557246, 43.414815], [-70.562146, 43.406037], [-70.562954, 43.404588], [-70.565175, 43.400636], [-70.56565, 43.399792], [-70.605274, 43.328673], [-70.607249, 43.325104], [-70.607334, 43.324948], [-70.608415, 43.323009], [-70.608566, 43.322733], [-70.608762, 43.322399], [-70.609533, 43.321043], [-70.609749, 43.320644], [-70.612897, 43.314949], [-70.613588, 43.313665], [-70.613892, 43.313013], [-70.614158, 43.312331], [-70.614385, 43.311639], [-70.614572, 43.310924], [-70.614766, 43.309856], [-70.619774, 43.260654], [-70.619931, 43.259184], [-70.620049, 43.258464], [-70.62021, 43.257754], [-70.620413, 43.257053], [-70.620665, 43.256356], [-70.620952, 43.255682], [-70.621446, 43.254719], [-70.622204, 43.253463], [-70.634254, 43.233918], [-70.634615, 43.233282], [-70.634956, 43.232634], [-70.635269, 43.231984], [-70.635556, 43.231322], [-70.635827, 43.230632], [-70.636062, 43.229949], [-70.63627, 43.229248], [-70.636612, 43.227842], [-70.636735, 43.227124], [-70.637181, 43.224016], [-70.637317, 43.223246], [-70.63745, 43.222686], [-70.63763, 43.222096], [-70.643662, 43.204112], [-70.643877, 43.203412], [-70.644027, 43.202849], [-70.644216, 43.202001], [-70.64434, 43.201285], [-70.645813, 43.189356], [-70.645932, 43.188664], [-70.64609, 43.187951], [-70.646273, 43.187251], [-70.646486, 43.186551], [-70.646723, 43.185864], [-70.650975, 43.174236], [-70.65347, 43.167411], [-70.653819, 43.166527], [-70.654141, 43.165858], [-70.65466, 43.164932], [-70.655062, 43.164315], [-70.655495, 43.163723], [-70.655956, 43.163152], [-70.656671, 43.162354], [-70.657372, 43.161666], [-70.657945, 43.161158], [-70.65852, 43.160687], [-70.659132, 43.160229], [-70.659784, 43.159782], [-70.660446, 43.159355], [-70.661275, 43.158879], [-70.661932, 43.158523], [-70.67162, 43.153942], [-70.672018, 43.153738], [-70.685489, 43.14736], [-70.692426, 43.144104], [-70.694299, 43.143224], [-70.703237, 43.138997], [-70.710251, 43.135692], [-70.711567, 43.135029], [-70.712192, 43.134679], [-70.713365, 43.133936], [-70.71428, 43.133276], [-70.71485, 43.132825], [-70.715422, 43.132331], [-70.715898, 43.131882], [-70.717246, 43.130495], [-70.724421, 43.123024], [-70.725199, 43.122231], [-70.725755, 43.121696], [-70.726262, 43.121253], [-70.72713, 43.120555], [-70.732675, 43.116269], [-70.73433, 43.114992], [-70.734506, 43.114854], [-70.743306, 43.108044], [-70.751244, 43.101898], [-70.753084, 43.100564], [-70.754812, 43.099404], [-70.756201, 43.098535], [-70.756487, 43.098356], [-70.757552, 43.097741], [-70.75886, 43.097007], [-70.76046, 43.096067], [-70.761526, 43.09544], [-70.762312, 43.095005], [-70.764408, 43.093865], [-70.768411, 43.091639], [-70.769271, 43.091147], [-70.769828, 43.090788], [-70.770448, 43.090278], [-70.770892, 43.089849], [-70.771436, 43.08917], [-70.771653, 43.088785], [-70.772205, 43.087597], [-70.77233, 43.087315], [-70.773559, 43.08446], [-70.773678, 43.084173], [-70.77491, 43.081217], [-70.774987, 43.081029], [-70.775088, 43.080791], [-70.775249, 43.080433], [-70.775569, 43.079854], [-70.775911, 43.079374], [-70.776407, 43.078799], [-70.776783, 43.078455], [-70.777474, 43.077908], [-70.779827, 43.076336], [-70.78001, 43.076229], [-70.782604, 43.074539], [-70.782955, 43.074307], [-70.783766, 43.073736], [-70.784574, 43.073103], [-70.787274, 43.070882], [-70.78759, 43.070602], [-70.788196, 43.070019], [-70.790649, 43.067393], [-70.791333, 43.066756], [-70.792281, 43.065978], [-70.797781, 43.062412], [-70.801418, 43.060068], [-70.804971, 43.057777], [-70.806611, 43.056718], [-70.80707, 43.056399], [-70.807773, 43.055847], [-70.808342, 43.055335], [-70.809028, 43.054623], [-70.809953, 43.053496], [-70.810756, 43.052409], [-70.811198, 43.05175], [-70.811668, 43.051029], [-70.812124, 43.050281], [-70.812221, 43.050118], [-70.814868, 43.045716], [-70.816658, 43.042745], [-70.820397, 43.03663], [-70.826722, 43.026155], [-70.827869, 43.024369], [-70.839818, 43.007116], [-70.840991, 43.005453], [-70.843673, 43.001543], [-70.847408, 42.996149], [-70.84828, 42.994831], [-70.848839, 42.993896], [-70.84953, 42.992597], [-70.849937, 42.991741], [-70.850376, 42.990726], [-70.850675, 42.989957], [-70.851172, 42.98844], [-70.85147, 42.987335], [-70.852071, 42.984474], [-70.852767, 42.981055], [-70.853361, 42.977948], [-70.853502, 42.977219], [-70.85409, 42.974301], [-70.855004, 42.969817], [-70.855388, 42.967845], [-70.855383, 42.96756], [-70.856414, 42.962462], [-70.857456, 42.957366], [-70.858065, 42.954705], [-70.858162, 42.95446], [-70.859002, 42.950301], [-70.86074, 42.941672], [-70.860845, 42.941177], [-70.861589, 42.937473], [-70.861782, 42.936724], [-70.862089, 42.935772], [-70.862246, 42.935342], [-70.862575, 42.934617], [-70.862961, 42.933868], [-70.863066, 42.933663], [-70.863768, 42.932282], [-70.876708, 42.90734], [-70.877158, 42.90639], [-70.877463, 42.90567], [-70.877827, 42.90449], [-70.87921, 42.898504], [-70.880151, 42.894367], [-70.88027, 42.893847], [-70.880521, 42.892748], [-70.88135, 42.889163], [-70.881606, 42.888053], [-70.882652, 42.883483], [-70.883121, 42.88148], [-70.883473, 42.880181], [-70.883795, 42.87937], [-70.884119, 42.878673], [-70.884646, 42.877726], [-70.885828, 42.875949], [-70.887438, 42.873546], [-70.888091, 42.872503], [-70.888825, 42.871267], [-70.889573, 42.869889], [-70.891393, 42.866493], [-70.892043, 42.865293], [-70.894234, 42.861202], [-70.89453, 42.860886], [-70.89534, 42.859601], [-70.895765, 42.859037], [-70.896198, 42.858519], [-70.896975, 42.857704], [-70.897369, 42.857352], [-70.897858, 42.85696], [-70.898422, 42.856571], [-70.899155, 42.856121], [-70.900112, 42.855658], [-70.900674, 42.855432], [-70.903127, 42.854544], [-70.906467, 42.85336], [-70.907609, 42.852946], [-70.908466, 42.852614], [-70.909295, 42.852283], [-70.910588, 42.851709], [-70.911978, 42.851043], [-70.912271, 42.850891], [-70.914004, 42.84997], [-70.917442, 42.84801], [-70.917835, 42.847781], [-70.91843, 42.847431], [-70.91948, 42.846846], [-70.920064, 42.84651], [-70.920676, 42.846158], [-70.921129, 42.845896], [-70.923913, 42.8443], [-70.925288, 42.843542], [-70.926824, 42.842797], [-70.927304, 42.842582], [-70.927871, 42.842326], [-70.929013, 42.841871], [-70.930546, 42.841341], [-70.93173, 42.840986], [-70.932615, 42.840773], [-70.933699, 42.840473], [-70.936233, 42.839958], [-70.937046, 42.839804], [-70.94159, 42.838912], [-70.957929, 42.83568], [-70.958965, 42.835504], [-70.961461, 42.835169], [-70.962345, 42.835075], [-70.964544, 42.834894], [-70.965327, 42.834852], [-70.968997, 42.834641], [-70.974482, 42.83435], [-70.974758, 42.834313], [-70.976494, 42.834148], [-70.977356, 42.834029], [-70.978973, 42.833768], [-70.979807, 42.833605], [-70.98055, 42.833444], [-70.981011, 42.83334], [-70.98256, 42.83294], [-70.99069, 42.830763], [-70.993118, 42.830103], [-70.994426, 42.829755], [-70.996908, 42.8291], [-70.999423, 42.82842], [-70.999986, 42.828254], [-71.001305, 42.827836], [-71.002515, 42.827416], [-71.002732, 42.827336], [-71.005995, 42.826083], [-71.007383, 42.825524], [-71.008712, 42.82501], [-71.01017, 42.824373], [-71.011463, 42.82383], [-71.013068, 42.823106], [-71.014499, 42.822394], [-71.01594, 42.821626], [-71.016817, 42.821133], [-71.018209, 42.820272], [-71.019162, 42.819651], [-71.019933, 42.819099], [-71.020963, 42.818318], [-71.021579, 42.817797], [-71.022305, 42.81715], [-71.022558, 42.816915], [-71.023552, 42.815903], [-71.029609, 42.809381], [-71.030148, 42.808842], [-71.030838, 42.808221], [-71.031439, 42.807737], [-71.032178, 42.807194], [-71.032834, 42.806758], [-71.033426, 42.806398], [-71.033789, 42.806193], [-71.035642, 42.805163], [-71.036343, 42.804811], [-71.036635, 42.804675], [-71.037655, 42.80425], [-71.038658, 42.803885], [-71.039169, 42.803717], [-71.040136, 42.803441], [-71.040829, 42.803262], [-71.041399, 42.803134], [-71.042466, 42.802921], [-71.043008, 42.802829], [-71.044078, 42.802672], [-71.044638, 42.802609], [-71.045449, 42.802539], [-71.046311, 42.802488], [-71.047693, 42.802461], [-71.04859, 42.802475], [-71.049485, 42.802519], [-71.050741, 42.802619], [-71.051668, 42.80272], [-71.051907, 42.802755], [-71.05235, 42.802825], [-71.057705, 42.803801], [-71.065696, 42.805258], [-71.066009, 42.805318], [-71.066986, 42.805488], [-71.067874, 42.805662], [-71.068731, 42.805799], [-71.069684, 42.80593], [-71.070638, 42.806035], [-71.072553, 42.806183], [-71.073539, 42.806233], [-71.074506, 42.80626], [-71.075472, 42.80625], [-71.076408, 42.80621], [-71.078325, 42.806075], [-71.079879, 42.80584], [-71.081, 42.805609], [-71.081591, 42.805461], [-71.082935, 42.805071], [-71.083494, 42.804881], [-71.084415, 42.804528], [-71.085199, 42.804196], [-71.087196, 42.803304], [-71.095366, 42.799663], [-71.096985, 42.798916], [-71.098302, 42.798351], [-71.09962, 42.797722], [-71.100507, 42.797252], [-71.101414, 42.796734], [-71.10187, 42.796451], [-71.102431, 42.796092], [-71.10344, 42.795409], [-71.104249, 42.794811], [-71.109539, 42.790759], [-71.110039, 42.790358], [-71.111089, 42.789447], [-71.111979, 42.7886], [-71.112414, 42.788149], [-71.113204, 42.787257], [-71.113987, 42.786266], [-71.114545, 42.78549], [-71.115193, 42.784467], [-71.115742, 42.783474], [-71.115901, 42.783161], [-71.116397, 42.782054], [-71.117518, 42.77901], [-71.119251, 42.77421], [-71.119515, 42.773396], [-71.119798, 42.772419], [-71.120522, 42.769516], [-71.120998, 42.767582], [-71.122269, 42.762416], [-71.122323, 42.762194], [-71.122469, 42.76161], [-71.12255, 42.761285], [-71.122799, 42.760399], [-71.122952, 42.75996], [-71.12326, 42.759252], [-71.123415, 42.758951], [-71.123705, 42.758463], [-71.124074, 42.757923], [-71.124448, 42.757449], [-71.124744, 42.757116], [-71.125259, 42.756581], [-71.125692, 42.75619], [-71.126373, 42.755636], [-71.127585, 42.754666], [-71.129164, 42.753391], [-71.136756, 42.747291], [-71.137947, 42.746314], [-71.138782, 42.745533], [-71.139158, 42.745126], [-71.139419, 42.744843], [-71.139823, 42.744355], [-71.140344, 42.743653], [-71.140861, 42.742829], [-71.141264, 42.742056], [-71.141513, 42.741511], [-71.141875, 42.740537], [-71.142121, 42.739616], [-71.142231, 42.73907], [-71.142318, 42.738464], [-71.142367, 42.737808], [-71.142375, 42.737158], [-71.142306, 42.736179], [-71.142155, 42.735219], [-71.142051, 42.734773], [-71.141885, 42.734195], [-71.141545, 42.733267], [-71.140464, 42.730842], [-71.139222, 42.728091], [-71.138376, 42.726168], [-71.138096, 42.725478], [-71.137869, 42.72482], [-71.137676, 42.724146], [-71.137584, 42.723733], [-71.137408, 42.722755], [-71.137335, 42.721994], [-71.137311, 42.721527], [-71.13732, 42.719459], [-71.137339, 42.717997], [-71.137362, 42.717526], [-71.137385, 42.714044], [-71.137389, 42.713757], [-71.137422, 42.712381], [-71.137478, 42.711722], [-71.137531, 42.71131], [-71.13758, 42.710923], [-71.137859, 42.709514], [-71.138087, 42.708645], [-71.138325, 42.707927], [-71.139395, 42.705057], [-71.13988, 42.703774], [-71.140002, 42.703438], [-71.140044, 42.703309], [-71.140254, 42.702761], [-71.141992, 42.698158], [-71.142085, 42.69789], [-71.142174, 42.697614], [-71.142368, 42.696897], [-71.14246, 42.696458], [-71.14255, 42.695714], [-71.142566, 42.695251], [-71.142522, 42.69437], [-71.142343, 42.69305], [-71.14219, 42.692049], [-71.142068, 42.690989], [-71.142045, 42.690306], [-71.142065, 42.689534], [-71.142164, 42.688652], [-71.142317, 42.687851], [-71.142485, 42.687253], [-71.142752, 42.686555], [-71.142989, 42.686049], [-71.143108, 42.685835], [-71.143581, 42.685081], [-71.144137, 42.684371], [-71.144742, 42.683736], [-71.145373, 42.683151], [-71.145992, 42.682634], [-71.146793, 42.68203], [-71.147364, 42.681644], [-71.148554, 42.680926], [-71.149184, 42.680602], [-71.149623, 42.680383], [-71.150474, 42.679989], [-71.151282, 42.67966], [-71.151746, 42.679495], [-71.15236, 42.679277], [-71.152672, 42.679172], [-71.153048, 42.679045], [-71.153394, 42.67894], [-71.154539, 42.67859], [-71.156363, 42.678125], [-71.15744, 42.677883], [-71.159542, 42.677485], [-71.160036, 42.677392], [-71.161032, 42.677204], [-71.170487, 42.67541], [-71.172018, 42.675073], [-71.172319, 42.675002], [-71.17459, 42.674412], [-71.176215, 42.673931], [-71.177813, 42.673411], [-71.179352, 42.672871], [-71.180237, 42.672542], [-71.181147, 42.672178], [-71.181856, 42.671883], [-71.183667, 42.671071], [-71.185406, 42.670224], [-71.186511, 42.669649], [-71.187662, 42.669001], [-71.1885, 42.668521], [-71.189201, 42.668083], [-71.190578, 42.667203], [-71.191539, 42.666557], [-71.192905, 42.665539], [-71.193583, 42.665008], [-71.194023, 42.664695], [-71.194747, 42.664124], [-71.195061, 42.663889], [-71.197748, 42.661799], [-71.200055, 42.660017], [-71.201382, 42.658992], [-71.201857, 42.658622], [-71.207664, 42.654154], [-71.208577, 42.653512], [-71.210273, 42.652451], [-71.211771, 42.651635], [-71.213554, 42.650804], [-71.214189, 42.65053], [-71.216597, 42.649615], [-71.217206, 42.649392], [-71.222205, 42.647499], [-71.223031, 42.64717], [-71.224393, 42.646582], [-71.22554, 42.646039], [-71.226732, 42.645452], [-71.232073, 42.642821], [-71.23243, 42.64265], [-71.235121, 42.641323], [-71.240214, 42.63883], [-71.240571, 42.638654], [-71.243217, 42.637357], [-71.243961, 42.637011], [-71.245545, 42.63631], [-71.247008, 42.635697], [-71.248554, 42.635092], [-71.250221, 42.634476], [-71.25189, 42.6339], [-71.255588, 42.632771], [-71.257671, 42.632218], [-71.260194, 42.631618], [-71.261196, 42.631385], [-71.265381, 42.630403], [-71.266941, 42.62997], [-71.268305, 42.629528], [-71.269271, 42.62918], [-71.270306, 42.628772], [-71.271399, 42.628299], [-71.272209, 42.627916], [-71.272433, 42.627804], [-71.27292, 42.627571], [-71.274135, 42.626911], [-71.275206, 42.626291], [-71.275881, 42.625878], [-71.276935, 42.625227], [-71.277817, 42.624685], [-71.277978, 42.624584], [-71.282487, 42.621816], [-71.283099, 42.621423], [-71.285163, 42.620302], [-71.285743, 42.620023], [-71.286507, 42.619675], [-71.286811, 42.619526], [-71.287709, 42.619141], [-71.288996, 42.618628], [-71.289244, 42.618536], [-71.290269, 42.61817], [-71.291477, 42.617777], [-71.292049, 42.61759], [-71.292328, 42.617498], [-71.292991, 42.617288], [-71.295441, 42.616502], [-71.296077, 42.616298], [-71.299332, 42.615243], [-71.300198, 42.614931], [-71.30138, 42.614462], [-71.308524, 42.611376], [-71.309944, 42.610794], [-71.310464, 42.610594], [-71.311352, 42.610281], [-71.313544, 42.609681], [-71.31508, 42.609279], [-71.316121, 42.609008], [-71.317382, 42.608712], [-71.31877, 42.608422], [-71.319771, 42.608233], [-71.320717, 42.608058], [-71.3215, 42.607934], [-71.322703, 42.607769], [-71.323712, 42.607649], [-71.324634, 42.607569], [-71.325165, 42.607529], [-71.326325, 42.60744], [-71.32685, 42.607411], [-71.327665, 42.60737], [-71.33184, 42.607229], [-71.332352, 42.607212], [-71.332637, 42.607202], [-71.333944, 42.607156], [-71.334539, 42.607114], [-71.33547, 42.607022], [-71.336431, 42.606885], [-71.337599, 42.606759], [-71.339104, 42.606545], [-71.339498, 42.606475], [-71.340727, 42.606227], [-71.342229, 42.605884], [-71.342627, 42.605795], [-71.343681, 42.605548], [-71.344156, 42.605443], [-71.345134, 42.605211], [-71.350464, 42.603971], [-71.353839, 42.603183], [-71.354073, 42.603129], [-71.35615, 42.602644], [-71.357094, 42.60238], [-71.357897, 42.602119], [-71.358766, 42.601796], [-71.359336, 42.601562], [-71.360233, 42.601153], [-71.361298, 42.600597], [-71.364051, 42.599051], [-71.365711, 42.598137], [-71.373122, 42.59404], [-71.373993, 42.593573], [-71.378487, 42.591066], [-71.378906, 42.590828], [-71.379501, 42.590517], [-71.385076, 42.587431], [-71.385844, 42.587031], [-71.386611, 42.586665], [-71.387308, 42.586355], [-71.388615, 42.585819], [-71.389417, 42.585525], [-71.390588, 42.58511], [-71.397702, 42.582664], [-71.406535, 42.579609], [-71.407345, 42.57931], [-71.411706, 42.577801], [-71.412411, 42.577561], [-71.413754, 42.577079], [-71.414917, 42.576594], [-71.416226, 42.576001], [-71.417707, 42.575251], [-71.419273, 42.574338], [-71.419804, 42.574003], [-71.421088, 42.573137], [-71.42164, 42.572696], [-71.425747, 42.569533], [-71.426135, 42.56924], [-71.429425, 42.566728], [-71.437516, 42.560553], [-71.437939, 42.56026], [-71.438814, 42.559707], [-71.439721, 42.559191], [-71.440506, 42.558787], [-71.441038, 42.558547], [-71.442346, 42.557999], [-71.443764, 42.557504], [-71.445525, 42.557028], [-71.44684, 42.556743], [-71.449619, 42.55611], [-71.45017, 42.555986], [-71.461133, 42.553495], [-71.462382, 42.553242], [-71.464624, 42.552731], [-71.466709, 42.55223], [-71.468852, 42.551745], [-71.47571, 42.550189], [-71.476624, 42.54997], [-71.478084, 42.549579], [-71.478764, 42.549371], [-71.479049, 42.549283], [-71.479643, 42.549088], [-71.481199, 42.548515], [-71.482807, 42.54784], [-71.483977, 42.547272], [-71.485013, 42.546723], [-71.485775, 42.546289], [-71.486555, 42.545817], [-71.486943, 42.545563], [-71.487908, 42.544905], [-71.48851, 42.544468], [-71.489678, 42.543522], [-71.489881, 42.543355], [-71.490858, 42.542459], [-71.491306, 42.542012], [-71.492087, 42.541191], [-71.493024, 42.540071], [-71.493317, 42.539711], [-71.494427, 42.538298], [-71.496492, 42.535725], [-71.499631, 42.531787], [-71.499918, 42.531426], [-71.505042, 42.525028], [-71.505307, 42.524698], [-71.505415, 42.524561], [-71.507008, 42.52257], [-71.507874, 42.521586], [-71.508246, 42.52119], [-71.508323, 42.521099], [-71.508686, 42.52071], [-71.509294, 42.520134], [-71.510463, 42.518941], [-71.51144, 42.51808], [-71.511726, 42.517868], [-71.511945, 42.517706], [-71.51358, 42.516349], [-71.51656, 42.513919], [-71.520447, 42.510733], [-71.523634, 42.508158], [-71.532008, 42.501329], [-71.533332, 42.50027], [-71.535085, 42.498808], [-71.536194, 42.497845], [-71.537833, 42.49626], [-71.539181, 42.494858], [-71.539696, 42.494285], [-71.540883, 42.492883], [-71.541961, 42.491508], [-71.545197, 42.486958], [-71.548475, 42.482393], [-71.5491, 42.481524], [-71.551316, 42.478682], [-71.55316, 42.476511], [-71.554751, 42.474692], [-71.556697, 42.472643], [-71.557506, 42.471829], [-71.558338, 42.471058], [-71.558735, 42.470701], [-71.55992, 42.469636], [-71.563199, 42.46677], [-71.575246, 42.456283], [-71.581711, 42.450651], [-71.582135, 42.450272], [-71.582534, 42.449914], [-71.583501, 42.448964], [-71.584363, 42.448043], [-71.58509, 42.447179], [-71.58551, 42.446663], [-71.585969, 42.44606], [-71.586315, 42.445572], [-71.587432, 42.443843], [-71.588183, 42.442447], [-71.58872, 42.441314], [-71.589122, 42.440336], [-71.589536, 42.439223], [-71.590808, 42.435442], [-71.591382, 42.433925], [-71.591586, 42.433487], [-71.592263, 42.43219], [-71.592481, 42.431816], [-71.59293, 42.431138], [-71.593242, 42.430691], [-71.593262, 42.43066], [-71.59363, 42.430095], [-71.594287, 42.429263], [-71.595051, 42.428387], [-71.596158, 42.427225], [-71.604065, 42.418447], [-71.604983, 42.417368], [-71.605645, 42.416495], [-71.605764, 42.416337], [-71.606304, 42.415518], [-71.60708, 42.414175], [-71.607661, 42.412975], [-71.607853, 42.412523], [-71.608106, 42.411822], [-71.608465, 42.41065], [-71.608746, 42.409444], [-71.608903, 42.408558], [-71.609, 42.407554], [-71.609042, 42.40659], [-71.608995, 42.405202], [-71.608907, 42.404421], [-71.608718, 42.403215], [-71.608066, 42.399429], [-71.607374, 42.395406], [-71.607357, 42.395303], [-71.607289, 42.394872], [-71.607193, 42.39434], [-71.606785, 42.392561], [-71.60642, 42.391376], [-71.606089, 42.390464], [-71.605879, 42.389947], [-71.604666, 42.387399], [-71.598853, 42.375492], [-71.596833, 42.371332], [-71.596554, 42.370743], [-71.595938, 42.369509], [-71.595437, 42.368603], [-71.595183, 42.368197], [-71.594527, 42.367224], [-71.594124, 42.366674], [-71.593816, 42.366268], [-71.593581, 42.365982], [-71.592708, 42.364992], [-71.592017, 42.364281], [-71.591313, 42.36361], [-71.591143, 42.363452], [-71.590611, 42.362958], [-71.590387, 42.362756], [-71.589829, 42.362241], [-71.586531, 42.359181], [-71.586139, 42.358817], [-71.583953, 42.356814], [-71.579621, 42.352402], [-71.578063, 42.350784], [-71.577394, 42.349988], [-71.577013, 42.349456], [-71.576573, 42.348747], [-71.576209, 42.348045], [-71.576004, 42.347566], [-71.57573, 42.34677], [-71.575619, 42.34638], [-71.575428, 42.345334], [-71.575386, 42.34489], [-71.57537, 42.344476], [-71.575385, 42.343747], [-71.575467, 42.342637], [-71.575533, 42.341377], [-71.575582, 42.340617], [-71.575815, 42.336964], [-71.575893, 42.335513], [-71.575841, 42.334015], [-71.575719, 42.332652], [-71.575487, 42.331236], [-71.575191, 42.32994], [-71.574773, 42.328553], [-71.574306, 42.327286], [-71.573714, 42.325932], [-71.570799, 42.319368], [-71.569473, 42.31634], [-71.568973, 42.315109], [-71.568829, 42.314751], [-71.568431, 42.313802], [-71.568052, 42.312866], [-71.566369, 42.30876], [-71.566148, 42.308124], [-71.565896, 42.307258], [-71.565801, 42.306875], [-71.565526, 42.305327], [-71.565441, 42.304522], [-71.565416, 42.303779], [-71.565429, 42.303216], [-71.565492, 42.302557], [-71.565552, 42.302178], [-71.565757, 42.301243], [-71.565917, 42.300685], [-71.566105, 42.30013], [-71.567171, 42.297632], [-71.567624, 42.29646], [-71.56791, 42.295385], [-71.568008, 42.294871], [-71.568086, 42.294318], [-71.568139, 42.29354], [-71.568125, 42.292643], [-71.568029, 42.291784], [-71.56758, 42.289011], [-71.567473, 42.288423], [-71.567175, 42.286183], [-71.567121, 42.285535], [-71.567092, 42.284856], [-71.567076, 42.283805], [-71.56711, 42.283007], [-71.567116, 42.282048], [-71.567047, 42.280874], [-71.56693, 42.279889], [-71.566249, 42.276118], [-71.566216, 42.275931], [-71.564959, 42.26909], [-71.564875, 42.268625], [-71.564574, 42.26696], [-71.564467, 42.266372], [-71.564256, 42.265363], [-71.564012, 42.264465], [-71.564077, 42.263992], [-71.564134, 42.263807], [-71.564328, 42.263429], [-71.564496, 42.263232], [-71.564709, 42.263075], [-71.564961, 42.262962], [-71.565269, 42.262899], [-71.565708, 42.262867], [-71.566567, 42.263012], [-71.56711, 42.263155], [-71.567818, 42.263401], [-71.568352, 42.263668], [-71.56883, 42.263973], [-71.569288, 42.264355], [-71.569691, 42.264721], [-71.570098, 42.26509], [-71.570304, 42.265247], [-71.570544, 42.265365], [-71.570826, 42.265452], [-71.571117, 42.265489], [-71.571417, 42.265483], [-71.571706, 42.26543], [-71.571974, 42.265335], [-71.572096, 42.265272], [-71.572314, 42.265116], [-71.572401, 42.26503], [-71.57248, 42.264933], [-71.572589, 42.264734], [-71.572644, 42.264519], [-71.572683, 42.263706], [-71.57275, 42.263514], [-71.572833, 42.263388], [-71.572994, 42.263217], [-71.573192, 42.263059], [-71.574039, 42.262515], [-71.574371, 42.262275], [-71.574769, 42.261946], [-71.575406, 42.261483], [-71.576015, 42.261], [-71.576597, 42.260492], [-71.577142, 42.259965], [-71.585783, 42.250661], [-71.586066, 42.250347], [-71.588454, 42.247759], [-71.590336, 42.245736], [-71.590871, 42.245191], [-71.592088, 42.244099], [-71.592736, 42.243565], [-71.593321, 42.243108], [-71.594233, 42.242449], [-71.594922, 42.241978], [-71.599988, 42.23852], [-71.601078, 42.237805], [-71.601921, 42.237291], [-71.602798, 42.23681], [-71.603841, 42.236269], [-71.609282, 42.233581], [-71.609418, 42.233518], [-71.615072, 42.230735], [-71.616006, 42.230317], [-71.61696, 42.229934], [-71.617625, 42.229705], [-71.618632, 42.229395], [-71.620349, 42.228953], [-71.626556, 42.227419], [-71.628127, 42.227081], [-71.629013, 42.226935], [-71.629729, 42.22684], [-71.63081, 42.22674], [-71.631898, 42.226688], [-71.632806, 42.226681], [-71.633811, 42.226714], [-71.635168, 42.226828], [-71.640258, 42.227386], [-71.644695, 42.22787], [-71.652745, 42.228741], [-71.6529, 42.228758], [-71.654325, 42.22888], [-71.655465, 42.228916], [-71.656084, 42.228912], [-71.656963, 42.228883], [-71.657529, 42.228848], [-71.658339, 42.228771], [-71.65962, 42.228603], [-71.660368, 42.228469], [-71.665222, 42.227425], [-71.666089, 42.227264], [-71.666695, 42.227175], [-71.667973, 42.227028], [-71.669237, 42.226958], [-71.67001, 42.226939], [-71.671477, 42.226974], [-71.676963, 42.227176], [-71.692955, 42.22772], [-71.693827, 42.227727], [-71.695016, 42.227682], [-71.696034, 42.227602], [-71.697042, 42.227478], [-71.697545, 42.2274], [-71.698022, 42.227319], [-71.699009, 42.227116], [-71.699898, 42.226888], [-71.701956, 42.226312], [-71.705945, 42.225162], [-71.706399, 42.225034], [-71.707601, 42.224683], [-71.708293, 42.224505], [-71.709138, 42.224299], [-71.710258, 42.224055], [-71.711575, 42.223814], [-71.712432, 42.223681], [-71.714199, 42.223477], [-71.715242, 42.223392], [-71.716426, 42.22333], [-71.729168, 42.222977], [-71.729502, 42.222968], [-71.73023, 42.22295], [-71.734925, 42.222831], [-71.735209, 42.222824], [-71.736363, 42.222789], [-71.739813, 42.222697], [-71.740762, 42.222669], [-71.744214, 42.222572], [-71.745973, 42.222488], [-71.747987, 42.222335], [-71.748344, 42.222294], [-71.748553, 42.22227], [-71.749445, 42.222175], [-71.751052, 42.221969], [-71.752101, 42.221818], [-71.754251, 42.221454], [-71.755983, 42.2211], [-71.757142, 42.220835], [-71.7586, 42.220469], [-71.759416, 42.220245], [-71.759694, 42.220166], [-71.761035, 42.219773], [-71.76199, 42.219475], [-71.763296, 42.21903], [-71.765086, 42.218365], [-71.766078, 42.217969], [-71.767841, 42.217208], [-71.768824, 42.216755], [-71.769867, 42.216241], [-71.771549, 42.215372], [-71.781044, 42.210377], [-71.782007, 42.209867], [-71.783075, 42.209307], [-71.783886, 42.208881], [-71.785128, 42.208299], [-71.785934, 42.207965], [-71.787091, 42.207558], [-71.787871, 42.207325], [-71.788756, 42.207087], [-71.789674, 42.20689], [-71.790782, 42.206697], [-71.791645, 42.206585], [-71.792234, 42.206527], [-71.793679, 42.206435], [-71.795632, 42.206368], [-71.7987, 42.206207], [-71.802278, 42.206029], [-71.803531, 42.205934], [-71.804703, 42.205817], [-71.806008, 42.205659], [-71.807188, 42.205501], [-71.808935, 42.205214], [-71.813152, 42.204352], [-71.814285, 42.204117], [-71.816697, 42.203644], [-71.818216, 42.203377], [-71.820285, 42.203088], [-71.82336, 42.202733], [-71.823853, 42.202679], [-71.825338, 42.202493], [-71.830364, 42.201914], [-71.831795, 42.201745], [-71.832704, 42.201616], [-71.833277, 42.201514], [-71.834032, 42.201353], [-71.834543, 42.201227], [-71.835686, 42.200899], [-71.836233, 42.200699], [-71.836979, 42.200392], [-71.838087, 42.199881], [-71.838749, 42.199515], [-71.842194, 42.19732], [-71.842748, 42.196989], [-71.843428, 42.196624], [-71.844411, 42.196124], [-71.844935, 42.195876], [-71.846119, 42.195329], [-71.846961, 42.194954], [-71.847527, 42.194706], [-71.849134, 42.194017], [-71.850975, 42.193275], [-71.8519, 42.192936], [-71.852885, 42.192615], [-71.853691, 42.192397], [-71.854453, 42.192213], [-71.855819, 42.191957], [-71.856595, 42.191845], [-71.85713, 42.191784], [-71.857717, 42.191728], [-71.858788, 42.191654], [-71.860078, 42.19157], [-71.862378, 42.191418], [-71.863314, 42.191315], [-71.864021, 42.191215], [-71.864917, 42.191062], [-71.866246, 42.190764], [-71.86735, 42.190459], [-71.868064, 42.190231], [-71.868524, 42.190067], [-71.869501, 42.189683], [-71.871788, 42.188693], [-71.872713, 42.188297], [-71.873326, 42.188026], [-71.874495, 42.187551], [-71.875134, 42.187323], [-71.875781, 42.187119], [-71.885906, 42.18436], [-71.886752, 42.184144], [-71.887754, 42.183912], [-71.896369, 42.181997], [-71.896604, 42.181941], [-71.897457, 42.181737], [-71.89803, 42.181588], [-71.898747, 42.181401], [-71.901184, 42.18064], [-71.903156, 42.179908], [-71.907227, 42.178318], [-71.909341, 42.177535], [-71.911228, 42.176948], [-71.91224, 42.176667], [-71.913452, 42.17636], [-71.914007, 42.176236], [-71.914958, 42.176024], [-71.91893, 42.175218], [-71.920354, 42.174912], [-71.921509, 42.174642], [-71.922444, 42.174403], [-71.923578, 42.174076], [-71.924914, 42.173663], [-71.925596, 42.173429], [-71.92693, 42.172942], [-71.928096, 42.172473], [-71.928693, 42.172216], [-71.930363, 42.171447], [-71.937044, 42.167972], [-71.93799, 42.167473], [-71.942228, 42.165246], [-71.942953, 42.164883], [-71.944131, 42.164335], [-71.94477, 42.164058], [-71.946696, 42.163273], [-71.951943, 42.161211], [-71.955843, 42.159646], [-71.95786, 42.158734], [-71.959033, 42.158141], [-71.959989, 42.157625], [-71.961477, 42.156812], [-71.963239, 42.155897], [-71.964404, 42.155388], [-71.965019, 42.155145], [-71.96625, 42.154715], [-71.967139, 42.154447], [-71.968122, 42.154188], [-71.969195, 42.15394], [-71.970341, 42.153724], [-71.971916, 42.153515], [-71.972774, 42.153434], [-71.973691, 42.153375], [-71.976063, 42.153297], [-71.978114, 42.153196], [-71.978306, 42.153189], [-71.981229, 42.153067], [-71.982507, 42.152998], [-71.984165, 42.152848], [-71.9852, 42.15273], [-71.985955, 42.152622], [-71.986346, 42.152574], [-71.987335, 42.152419], [-71.988324, 42.152239], [-71.9918, 42.151527], [-71.992565, 42.151373], [-71.996212, 42.150626], [-71.996874, 42.150475], [-71.999405, 42.149955], [-72.000326, 42.149748], [-72.001029, 42.149621], [-72.003868, 42.149036], [-72.004366, 42.14895], [-72.005755, 42.148642], [-72.006904, 42.148406], [-72.008053, 42.148149], [-72.009456, 42.147795], [-72.011376, 42.147238], [-72.012454, 42.146876], [-72.01326, 42.146584], [-72.014997, 42.145899], [-72.015677, 42.145607], [-72.016612, 42.145178], [-72.017832, 42.144588], [-72.021369, 42.142822], [-72.025334, 42.140866], [-72.025911, 42.140605], [-72.026732, 42.140268], [-72.027234, 42.140045], [-72.029597, 42.139201], [-72.031067, 42.13873], [-72.033544, 42.138037], [-72.037208, 42.136968], [-72.040082, 42.13604], [-72.043375, 42.134964], [-72.046607, 42.133913], [-72.053197, 42.131768], [-72.054456, 42.131459], [-72.054884, 42.131375], [-72.055416, 42.131304], [-72.055932, 42.131285], [-72.056351, 42.131303], [-72.058203, 42.131518], [-72.058808, 42.131534], [-72.059296, 42.131504], [-72.059661, 42.131449], [-72.060217, 42.131323], [-72.060614, 42.131196], [-72.060967, 42.131051], [-72.06138, 42.13084], [-72.061739, 42.130608], [-72.062141, 42.1303], [-72.063868, 42.128707], [-72.066134, 42.126661], [-72.067279, 42.125651], [-72.069943, 42.123234], [-72.070549, 42.122658], [-72.071254, 42.121925], [-72.071574, 42.121546], [-72.072015, 42.120939], [-72.073491, 42.118646], [-72.073901, 42.118101], [-72.074398, 42.117568], [-72.074838, 42.117169], [-72.075304, 42.116818], [-72.075598, 42.116623], [-72.075917, 42.116413], [-72.078751, 42.114732], [-72.079144, 42.114474], [-72.079776, 42.114011], [-72.080217, 42.113656], [-72.08045, 42.113427], [-72.08127, 42.112523], [-72.081782, 42.111701], [-72.081977, 42.111345], [-72.08235, 42.110498], [-72.082588, 42.109899], [-72.082706, 42.109605], [-72.082999, 42.108866], [-72.084109, 42.105992], [-72.084462, 42.104994], [-72.084599, 42.104553], [-72.086071, 42.099291], [-72.086448, 42.098275], [-72.086892, 42.09734], [-72.087107, 42.096827], [-72.087548, 42.095974], [-72.088001, 42.095206], [-72.088522, 42.094426], [-72.089078, 42.093656], [-72.090076, 42.092435], [-72.093339, 42.088628], [-72.094838, 42.086873], [-72.095444, 42.086108], [-72.095907, 42.085482], [-72.096756, 42.084218], [-72.097367, 42.083126], [-72.097701, 42.082463], [-72.098886, 42.079857], [-72.099066, 42.07948], [-72.099454, 42.078753], [-72.099863, 42.078069], [-72.100462, 42.077158], [-72.10116, 42.07621], [-72.101835, 42.075394], [-72.102178, 42.075005], [-72.105434, 42.071512], [-72.106182, 42.07066], [-72.107118, 42.069512], [-72.108726, 42.067357], [-72.109058, 42.066955], [-72.109531, 42.0663], [-72.110994, 42.064354], [-72.111555, 42.063567], [-72.114874, 42.058748], [-72.115909, 42.057298], [-72.11692, 42.055953], [-72.117567, 42.055143], [-72.11831, 42.054221], [-72.11978, 42.052557], [-72.120618, 42.05148], [-72.121177, 42.050709], [-72.121974, 42.049503], [-72.122338, 42.04891], [-72.122638, 42.048347], [-72.123102, 42.047448], [-72.123714, 42.046133], [-72.124163, 42.045302], [-72.124821, 42.044234], [-72.125643, 42.043068], [-72.125999, 42.042615], [-72.126576, 42.041932], [-72.129192, 42.038957], [-72.129839, 42.0382], [-72.133161, 42.034448], [-72.135646, 42.03162], [-72.136816, 42.030286], [-72.137535, 42.029461], [-72.138727, 42.028105], [-72.139306, 42.027528], [-72.139633, 42.027263], [-72.140084, 42.026948], [-72.141349, 42.026192], [-72.141422, 42.026149], [-72.142454, 42.025539], [-72.143726, 42.024748], [-72.144826, 42.024037], [-72.145938, 42.0233], [-72.148509, 42.021543], [-72.152341, 42.018924], [-72.15299, 42.018464], [-72.153459, 42.018089], [-72.153844, 42.017731], [-72.154239, 42.017329], [-72.154632, 42.016855], [-72.159241, 42.010462], [-72.160539, 42.008551], [-72.162509, 42.005437], [-72.163099, 42.004469], [-72.166494, 41.998543], [-72.166892, 41.997895], [-72.167371, 41.997167], [-72.167983, 41.996295], [-72.168524, 41.995576], [-72.172558, 41.990493], [-72.175951, 41.986225], [-72.176922, 41.984955], [-72.17738, 41.984338], [-72.177884, 41.98364], [-72.178718, 41.982424], [-72.179881, 41.980612], [-72.181111, 41.978598], [-72.182126, 41.976941], [-72.182871, 41.975813], [-72.183453, 41.97501], [-72.185059, 41.972917], [-72.192918, 41.962714], [-72.1996, 41.954037], [-72.200835, 41.952436], [-72.201591, 41.951525], [-72.202348, 41.950722], [-72.20327, 41.949872], [-72.203726, 41.94949], [-72.204172, 41.949144], [-72.204672, 41.94878], [-72.205452, 41.948252], [-72.206386, 41.947686], [-72.207767, 41.946962], [-72.208492, 41.94663], [-72.209722, 41.946135], [-72.227873, 41.939216], [-72.229554, 41.938563], [-72.230474, 41.938176], [-72.231451, 41.937735], [-72.255873, 41.9262], [-72.256751, 41.925756], [-72.257431, 41.925367], [-72.257943, 41.925036], [-72.258617, 41.924548], [-72.259084, 41.924173], [-72.259523, 41.923776], [-72.259947, 41.923357], [-72.261049, 41.922084], [-72.265698, 41.916559], [-72.273341, 41.907475], [-72.273769, 41.906997], [-72.274353, 41.906432], [-72.275037, 41.905865], [-72.275498, 41.905536], [-72.276349, 41.905012], [-72.277056, 41.904634], [-72.277747, 41.904322], [-72.278348, 41.904087], [-72.279187, 41.903805], [-72.280069, 41.903553], [-72.282208, 41.902946], [-72.282755, 41.902777], [-72.28326, 41.902598], [-72.283678, 41.90243], [-72.284483, 41.902062], [-72.284913, 41.901834], [-72.285327, 41.901593], [-72.285695, 41.901357], [-72.286087, 41.901079], [-72.286466, 41.900785], [-72.286828, 41.900477], [-72.287537, 41.899778], [-72.287759, 41.899551], [-72.289824, 41.89745], [-72.290569, 41.896702], [-72.290913, 41.896401], [-72.291345, 41.896063], [-72.291776, 41.895758], [-72.292255, 41.895456], [-72.292777, 41.895161], [-72.293241, 41.894931], [-72.300543, 41.891599], [-72.302873, 41.890537], [-72.303358, 41.890316], [-72.308352, 41.888038], [-72.311765, 41.886467], [-72.316765, 41.884196], [-72.35428, 41.867075], [-72.356398, 41.866108], [-72.356464, 41.866079], [-72.35727, 41.865711], [-72.365397, 41.862002], [-72.367652, 41.860971], [-72.369035, 41.860265], [-72.369138, 41.860207], [-72.369986, 41.859703], [-72.372536, 41.858106], [-72.373095, 41.857774], [-72.373646, 41.857486], [-72.37405, 41.857299], [-72.374673, 41.857046], [-72.375083, 41.856902], [-72.37553, 41.856764], [-72.376176, 41.856589], [-72.378181, 41.856096], [-72.387144, 41.85402], [-72.387892, 41.853871], [-72.388686, 41.853766], [-72.389635, 41.853724], [-72.390243, 41.853738], [-72.391127, 41.853822], [-72.391664, 41.853903], [-72.392092, 41.853988], [-72.392777, 41.854168], [-72.393337, 41.854353], [-72.396272, 41.855493], [-72.396762, 41.855662], [-72.39711, 41.855766], [-72.397727, 41.855914], [-72.39839, 41.856033], [-72.399041, 41.856112], [-72.399707, 41.856149], [-72.400246, 41.85615], [-72.400915, 41.856116], [-72.401569, 41.856044], [-72.402224, 41.855933], [-72.402733, 41.855816], [-72.403337, 41.855644], [-72.403875, 41.855465], [-72.405088, 41.855028], [-72.405672, 41.854858], [-72.406146, 41.854747], [-72.40669, 41.854642], [-72.407284, 41.854559], [-72.407763, 41.854519], [-72.408362, 41.854494], [-72.415646, 41.854357], [-72.416242, 41.854361], [-72.416957, 41.8544], [-72.417431, 41.854446], [-72.421692, 41.854951], [-72.423785, 41.855197], [-72.424484, 41.855247], [-72.425145, 41.855268], [-72.425709, 41.855267], [-72.426286, 41.855241], [-72.427384, 41.855142], [-72.428187, 41.855014], [-72.429118, 41.854812], [-72.429667, 41.854665], [-72.430562, 41.854374], [-72.43108, 41.854177], [-72.431565, 41.853973], [-72.432345, 41.853587], [-72.433191, 41.853085], [-72.433636, 41.852783], [-72.434227, 41.852337], [-72.443242, 41.845162], [-72.443896, 41.844682], [-72.444597, 41.844208], [-72.445346, 41.843746], [-72.446178, 41.843281], [-72.459208, 41.836449], [-72.46133, 41.835336], [-72.466426, 41.832659], [-72.467686, 41.832007], [-72.468467, 41.831638], [-72.469681, 41.831131], [-72.470863, 41.830723], [-72.47186, 41.830426], [-72.472499, 41.830251], [-72.478238, 41.828821], [-72.481404, 41.828036], [-72.484631, 41.827226], [-72.486507, 41.826754], [-72.492528, 41.825268], [-72.497589, 41.823996], [-72.498516, 41.823762], [-72.499129, 41.82361], [-72.499175, 41.823599], [-72.501374, 41.823058], [-72.502068, 41.822869], [-72.502798, 41.822611], [-72.503644, 41.822245], [-72.503786, 41.822176], [-72.504008, 41.822062], [-72.50453, 41.821771], [-72.504902, 41.821542], [-72.505512, 41.821111], [-72.513065, 41.815433], [-72.513866, 41.814881], [-72.514862, 41.814271], [-72.515579, 41.813875], [-72.516304, 41.813509], [-72.517096, 41.81315], [-72.518115, 41.812729], [-72.518723, 41.812507], [-72.519676, 41.812196], [-72.521758, 41.811597], [-72.523692, 41.811045], [-72.524968, 41.81062], [-72.525685, 41.810345], [-72.526348, 41.810067], [-72.528186, 41.809247], [-72.533228, 41.806978], [-72.534332, 41.806506], [-72.534784, 41.806326], [-72.536132, 41.805817], [-72.537242, 41.805438], [-72.538492, 41.805053], [-72.539562, 41.804751], [-72.540619, 41.804482], [-72.542304, 41.804106], [-72.543354, 41.803904], [-72.544837, 41.803653], [-72.545844, 41.803488], [-72.550626, 41.802705], [-72.551415, 41.802533], [-72.552103, 41.802338], [-72.552604, 41.802163], [-72.553451, 41.801808], [-72.553905, 41.801581], [-72.554368, 41.80132], [-72.554737, 41.801085], [-72.555179, 41.80077], [-72.555582, 41.800448], [-72.555976, 41.80009], [-72.556247, 41.799814], [-72.556542, 41.799471], [-72.560199, 41.794839], [-72.56065, 41.794268], [-72.561824, 41.792779], [-72.563076, 41.791083], [-72.564753, 41.788685], [-72.565491, 41.787629], [-72.569531, 41.78185], [-72.570328, 41.780709], [-72.571639, 41.778856], [-72.572274, 41.778106], [-72.57288, 41.777501], [-72.573192, 41.777223], [-72.573747, 41.776777], [-72.574533, 41.776218], [-72.575285, 41.775759], [-72.575848, 41.775453], [-72.576273, 41.775245], [-72.576779, 41.775016], [-72.577326, 41.774792], [-72.578034, 41.774521], [-72.578807, 41.774266], [-72.579794, 41.773988], [-72.580684, 41.773792], [-72.581558, 41.773654], [-72.582336, 41.773579], [-72.583138, 41.77354], [-72.583777, 41.773536], [-72.586597, 41.773579], [-72.587399, 41.773555], [-72.588265, 41.773493], [-72.589039, 41.7734], [-72.597899, 41.772136], [-72.598121, 41.772106], [-72.600672, 41.771769], [-72.603851, 41.771307], [-72.604765, 41.771165], [-72.60578, 41.770983], [-72.606543, 41.770829], [-72.607347, 41.770641], [-72.61279, 41.769256], [-72.617076, 41.768152], [-72.619749, 41.76743], [-72.621143, 41.767048], [-72.626447, 41.765646], [-72.62957, 41.764888], [-72.630204, 41.76466], [-72.633518, 41.763737], [-72.63389, 41.763613], [-72.634376, 41.763412], [-72.634881, 41.763155], [-72.635094, 41.763024], [-72.635521, 41.762721], [-72.635904, 41.762391], [-72.636763, 41.761549], [-72.637125, 41.761236], [-72.637552, 41.760922], [-72.637973, 41.76066], [-72.638429, 41.760416], [-72.638664, 41.760306], [-72.639394, 41.760019], [-72.640534, 41.759688], [-72.640925, 41.759578], [-72.643595, 41.758812], [-72.64411, 41.758665], [-72.645372, 41.758302], [-72.645802, 41.758165], [-72.646486, 41.757917], [-72.647031, 41.757693], [-72.647635, 41.757416], [-72.648264, 41.757088], [-72.648898, 41.75672], [-72.649552, 41.756303], [-72.649853, 41.756098], [-72.657054, 41.751162], [-72.657768, 41.750605], [-72.658439, 41.749989], [-72.658817, 41.749585], [-72.659214, 41.749105], [-72.65968, 41.748441], [-72.660003, 41.747886], [-72.660272, 41.747326], [-72.660547, 41.746598], [-72.660697, 41.746045], [-72.66111, 41.74381], [-72.661278, 41.743142], [-72.661596, 41.742055], [-72.662344, 41.739544], [-72.662458, 41.739315], [-72.662659, 41.738605], [-72.662744, 41.738397], [-72.662882, 41.738149], [-72.663203, 41.737765], [-72.664001, 41.737053], [-72.664175, 41.736924], [-72.66462, 41.736518], [-72.664957, 41.736114], [-72.665087, 41.735854], [-72.665165, 41.735556], [-72.665174, 41.735387], [-72.665156, 41.735172], [-72.665103, 41.734979], [-72.664948, 41.734684], [-72.6641, 41.733435], [-72.663706, 41.732855], [-72.663651, 41.732815], [-72.66351, 41.732715], [-72.663203, 41.73231], [-72.662953, 41.732021], [-72.66262, 41.73168], [-72.662185, 41.731274], [-72.66157, 41.730784], [-72.660436, 41.730031], [-72.659471, 41.729399], [-72.656425, 41.727397], [-72.655749, 41.726895], [-72.654599, 41.725974], [-72.653762, 41.725294], [-72.652825, 41.724533], [-72.652375, 41.724112], [-72.65192, 41.723602], [-72.651546, 41.723076], [-72.651208, 41.722455], [-72.651008, 41.721966], [-72.65089, 41.721571], [-72.650547, 41.720218], [-72.650088, 41.718414], [-72.649922, 41.717835], [-72.649627, 41.716999], [-72.649291, 41.716207], [-72.649068, 41.715751], [-72.648363, 41.714421], [-72.648147, 41.714014], [-72.647159, 41.71215], [-72.646361, 41.710608], [-72.646067, 41.709952], [-72.645903, 41.709536], [-72.645649, 41.708787], [-72.645487, 41.708191], [-72.645014, 41.706067], [-72.644233, 41.702485], [-72.644136, 41.702003], [-72.644054, 41.701469], [-72.643991, 41.700618], [-72.643989, 41.700192], [-72.644011, 41.699781], [-72.644115, 41.69904], [-72.644216, 41.698552], [-72.644285, 41.698276], [-72.644433, 41.697783], [-72.644565, 41.697414], [-72.64482, 41.696833], [-72.645011, 41.696449], [-72.649929, 41.687495], [-72.650195, 41.687005], [-72.650341, 41.68674], [-72.650532, 41.686393], [-72.653077, 41.681764], [-72.653477, 41.681084], [-72.653715, 41.680725], [-72.653836, 41.68056], [-72.654284, 41.680001], [-72.654586, 41.67966], [-72.656424, 41.677792], [-72.659172, 41.675013], [-72.65984, 41.674372], [-72.660643, 41.673662], [-72.662142, 41.672404], [-72.662731, 41.671868], [-72.663124, 41.671461], [-72.663408, 41.671138], [-72.663979, 41.670407], [-72.664318, 41.669894], [-72.664664, 41.669288], [-72.665728, 41.667018], [-72.66596, 41.666606], [-72.666218, 41.666198], [-72.666678, 41.665558], [-72.669505, 41.661965], [-72.670121, 41.661061], [-72.670465, 41.660477], [-72.670813, 41.659828], [-72.67105, 41.659334], [-72.671511, 41.658177], [-72.671666, 41.657709], [-72.671893, 41.656911], [-72.672015, 41.65637], [-72.672156, 41.655559], [-72.672329, 41.653984], [-72.672651, 41.650933], [-72.672761, 41.650287], [-72.672962, 41.649509], [-72.673214, 41.648778], [-72.673564, 41.647966], [-72.673967, 41.647223], [-72.674502, 41.646415], [-72.675033, 41.645725], [-72.675403, 41.645303], [-72.67583, 41.644853], [-72.6822, 41.638492], [-72.682856, 41.637803], [-72.683542, 41.636995], [-72.683924, 41.6365], [-72.685087, 41.634891], [-72.685576, 41.634265], [-72.686132, 41.633659], [-72.686706, 41.6331], [-72.68827, 41.631589], [-72.689488, 41.630411], [-72.690173, 41.629749], [-72.690737, 41.629176], [-72.691598, 41.628188], [-72.692129, 41.627505], [-72.692616, 41.626801], [-72.692878, 41.626394], [-72.693119, 41.626001], [-72.693468, 41.625367], [-72.693802, 41.624662], [-72.693984, 41.624246], [-72.694073, 41.624035], [-72.695688, 41.620051], [-72.697421, 41.615765], [-72.697557, 41.615431], [-72.698007, 41.61433], [-72.698297, 41.613723], [-72.69862, 41.613166], [-72.699435, 41.611934], [-72.699673, 41.611575], [-72.70088, 41.60975], [-72.701353, 41.609036], [-72.704197, 41.604737], [-72.704488, 41.604297], [-72.704624, 41.604091], [-72.705001, 41.603522], [-72.705358, 41.602983], [-72.70695, 41.600576], [-72.707462, 41.599785], [-72.708029, 41.598773], [-72.708442, 41.597886], [-72.708693, 41.597234], [-72.709084, 41.595958], [-72.710779, 41.589599], [-72.711002, 41.58886], [-72.711367, 41.587904], [-72.711808, 41.586979], [-72.712187, 41.586298], [-72.712421, 41.585927], [-72.712768, 41.585407], [-72.713096, 41.584955], [-72.713936, 41.583918], [-72.714217, 41.583577], [-72.717433, 41.579657], [-72.718213, 41.578629], [-72.720813, 41.575058], [-72.721356, 41.574312], [-72.721893, 41.573617], [-72.722612, 41.572744], [-72.72339, 41.571867], [-72.724037, 41.571178], [-72.724935, 41.570286], [-72.72575, 41.569537], [-72.726448, 41.568931], [-72.72746, 41.568099], [-72.728135, 41.567589], [-72.729338, 41.566725], [-72.730046, 41.566243], [-72.730902, 41.565687], [-72.731764, 41.565159], [-72.733173, 41.564352], [-72.737825, 41.561831], [-72.738524, 41.561415], [-72.739343, 41.560868], [-72.739989, 41.560381], [-72.740717, 41.559762], [-72.741205, 41.559299], [-72.741852, 41.558603], [-72.742383, 41.557944], [-72.742724, 41.55747], [-72.74318, 41.556738], [-72.74343, 41.556282], [-72.747118, 41.548913], [-72.74756, 41.548122], [-72.747895, 41.54761], [-72.748293, 41.547074], [-72.748768, 41.54651], [-72.749251, 41.545991], [-72.749901, 41.545371], [-72.750768, 41.544653], [-72.751223, 41.544319], [-72.751741, 41.543967], [-72.752649, 41.543403], [-72.752904, 41.543249], [-72.759601, 41.539202], [-72.765217, 41.535807], [-72.765438, 41.535674], [-72.765634, 41.535555], [-72.766091, 41.535272], [-72.766442, 41.535028], [-72.76676, 41.534784], [-72.767166, 41.534424], [-72.767324, 41.534344], [-72.767423, 41.534263], [-72.769084, 41.532652], [-72.769503, 41.53224], [-72.769658, 41.532049], [-72.769788, 41.531837], [-72.769903, 41.531576], [-72.769973, 41.531326], [-72.76999, 41.531032], [-72.769911, 41.530376], [-72.769899, 41.530118], [-72.769867, 41.530013], [-72.769855, 41.529659], [-72.769882, 41.5294], [-72.769953, 41.529079], [-72.769943, 41.528929], [-72.770808, 41.525555], [-72.770973, 41.524982], [-72.771373, 41.523826], [-72.771803, 41.522824], [-72.772144, 41.522157], [-72.772537, 41.52146], [-72.77318, 41.520456], [-72.773621, 41.519825], [-72.77395, 41.519389], [-72.774477, 41.518738], [-72.775338, 41.517778], [-72.776428, 41.516694], [-72.777663, 41.515613], [-72.781673, 41.512407], [-72.781761, 41.512336], [-72.78615, 41.508825], [-72.786737, 41.508356], [-72.788495, 41.50695], [-72.7918, 41.504306], [-72.793591, 41.502927], [-72.799067, 41.499002], [-72.806054, 41.494009], [-72.809381, 41.491617], [-72.809669, 41.491408], [-72.810184, 41.491039], [-72.810384, 41.490896], [-72.810925, 41.490508], [-72.812319, 41.489513], [-72.812522, 41.489367], [-72.815327, 41.487356], [-72.815745, 41.487046], [-72.816539, 41.486411], [-72.817693, 41.485418], [-72.818793, 41.484395], [-72.819484, 41.483703], [-72.820159, 41.482988], [-72.8208, 41.482257], [-72.821422, 41.481511], [-72.822015, 41.48076], [-72.82285, 41.479608], [-72.823371, 41.478813], [-72.825512, 41.475401], [-72.825678, 41.475129], [-72.827089, 41.472874], [-72.828369, 41.470668], [-72.829367, 41.46906], [-72.830077, 41.468041], [-72.83059, 41.467268], [-72.833376, 41.46284], [-72.833791, 41.462197], [-72.833973, 41.461949], [-72.834608, 41.461083], [-72.835658, 41.459757], [-72.836573, 41.45872], [-72.836693, 41.458593], [-72.838508, 41.456519], [-72.838922, 41.45596], [-72.839497, 41.455039], [-72.839831, 41.454451], [-72.842864, 41.447174], [-72.843733, 41.445742], [-72.84693, 41.441102], [-72.84914, 41.437692], [-72.851441, 41.432972], [-72.851584, 41.432672], [-72.852948, 41.429733], [-72.853391, 41.428393], [-72.856543, 41.41573], [-72.857036, 41.414274], [-72.85783, 41.412673], [-72.860995, 41.406887], [-72.861661, 41.40576], [-72.862258, 41.404886], [-72.864, 41.402944], [-72.867315, 41.399974], [-72.868143, 41.399279], [-72.870412, 41.397252], [-72.872278, 41.395578], [-72.873761, 41.394252], [-72.874632, 41.39345], [-72.875119, 41.393032], [-72.87593, 41.39228], [-72.878001, 41.390936], [-72.880365, 41.389638], [-72.88362, 41.387766], [-72.884474, 41.387321], [-72.885075, 41.387056], [-72.885981, 41.386689], [-72.888858, 41.385809], [-72.892935, 41.384698], [-72.894268, 41.384361], [-72.895238, 41.384065], [-72.895492, 41.383971], [-72.896247, 41.383642], [-72.896713, 41.383389], [-72.897299, 41.383013], [-72.897533, 41.382875], [-72.900449, 41.381048], [-72.901548, 41.380338], [-72.903214, 41.379305], [-72.903662, 41.379028], [-72.904025, 41.378808], [-72.905445, 41.377921], [-72.906308, 41.377373], [-72.906925, 41.376957], [-72.907414, 41.376579], [-72.907679, 41.376347], [-72.911244, 41.372999], [-72.915746, 41.368697], [-72.917318, 41.367259], [-72.917688, 41.366945], [-72.917931, 41.366771], [-72.91822, 41.366595], [-72.918529, 41.366433], [-72.918977, 41.366243], [-72.919421, 41.366094], [-72.919701, 41.366016], [-72.920535, 41.365876], [-72.921079, 41.365843], [-72.921564, 41.365839], [-72.922061, 41.365837], [-72.922366, 41.365837], [-72.92402, 41.365828], [-72.924647, 41.365791], [-72.925112, 41.36574], [-72.925564, 41.365671], [-72.926299, 41.365505], [-72.926771, 41.365358], [-72.92728, 41.365155], [-72.927712, 41.36495], [-72.928112, 41.364727], [-72.932095, 41.362211], [-72.93319, 41.361615], [-72.93694, 41.360117], [-72.937259, 41.359993], [-72.941915, 41.358116], [-72.942214, 41.357997], [-72.943373, 41.357527], [-72.943646, 41.357415], [-72.946999, 41.356044], [-72.947677, 41.355813], [-72.949144, 41.355422], [-72.950807, 41.355012], [-72.953457, 41.354537], [-72.95733, 41.353892], [-72.958767, 41.353578], [-72.960141, 41.353087], [-72.961535, 41.352451], [-72.962231, 41.351989], [-72.963477, 41.351073], [-72.967372, 41.347676], [-72.967942, 41.347158], [-72.968177, 41.346957], [-72.96874, 41.346473], [-72.971559, 41.343981], [-72.976385, 41.33966], [-72.976986, 41.339117], [-72.977082, 41.339032], [-72.978234, 41.338034], [-72.978509, 41.337813], [-72.979041, 41.337317], [-72.979204, 41.337167], [-72.986176, 41.331029], [-72.986468, 41.330779], [-72.987569, 41.329826], [-72.988838, 41.328801], [-72.992067, 41.326386], [-72.993472, 41.325282], [-72.997295, 41.322113], [-72.998233, 41.321364], [-72.9987, 41.321032], [-72.999824, 41.320286], [-73.001098, 41.319575], [-73.001597, 41.319325], [-73.002259, 41.319015], [-73.003252, 41.3186], [-73.003871, 41.318365], [-73.004587, 41.318117], [-73.005065, 41.317972], [-73.006428, 41.317593], [-73.026788, 41.312387], [-73.027421, 41.31221], [-73.028237, 41.311928], [-73.028629, 41.311774], [-73.029145, 41.31154], [-73.02963, 41.311295], [-73.030125, 41.311009], [-73.030546, 41.310741], [-73.030929, 41.31047], [-73.031161, 41.310285], [-73.031744, 41.309776], [-73.032125, 41.309391], [-73.032251, 41.309256], [-73.032649, 41.308771], [-73.033051, 41.308177], [-73.033291, 41.307749], [-73.033522, 41.307277], [-73.033653, 41.306947], [-73.033787, 41.306528], [-73.033974, 41.305723], [-73.034225, 41.304438], [-73.034886, 41.301492], [-73.035618, 41.29838], [-73.036305, 41.295776], [-73.03727, 41.293471], [-73.038558, 41.291254], [-73.039899, 41.2894], [-73.042193, 41.286802], [-73.042681, 41.286249], [-73.043686, 41.285111], [-73.047062, 41.28136], [-73.049509, 41.278628], [-73.052076, 41.275734], [-73.052771, 41.274997], [-73.055032, 41.272704], [-73.056329, 41.271357], [-73.057318, 41.270308], [-73.058899, 41.268578], [-73.06047, 41.266746], [-73.063449, 41.262945], [-73.06681, 41.25917], [-73.067906, 41.257951], [-73.069527, 41.256295], [-73.070418, 41.255462], [-73.071173, 41.254783], [-73.072532, 41.253659], [-73.073844, 41.252633], [-73.074464, 41.252169], [-73.075638, 41.25136], [-73.076234, 41.250965], [-73.07764, 41.250079], [-73.078543, 41.249547], [-73.079341, 41.249097], [-73.080973, 41.248236], [-73.081965, 41.247825], [-73.082472, 41.247638], [-73.083257, 41.247392], [-73.084329, 41.247118], [-73.085078, 41.246955], [-73.085413, 41.246891], [-73.086142, 41.246768], [-73.086953, 41.246667], [-73.087802, 41.246596], [-73.088824, 41.24655], [-73.09542, 41.246298], [-73.09694, 41.246227], [-73.097899, 41.246164], [-73.099519, 41.245967], [-73.100168, 41.245852], [-73.101031, 41.245667], [-73.102061, 41.245381], [-73.102376, 41.245294], [-73.102636, 41.245217], [-73.10658, 41.244101], [-73.117071, 41.241094], [-73.119823, 41.24035], [-73.12114, 41.240025], [-73.122586, 41.239686], [-73.125067, 41.23916], [-73.126403, 41.238895], [-73.129314, 41.238386], [-73.130399, 41.238229], [-73.13063, 41.238192], [-73.132087, 41.23798], [-73.135193, 41.237613], [-73.137617, 41.237366], [-73.138534, 41.237303], [-73.139931, 41.23723], [-73.140169, 41.23722], [-73.141945, 41.23712], [-73.143915, 41.237057], [-73.146422, 41.237012], [-73.148053, 41.237025], [-73.151209, 41.237123], [-73.153042, 41.237231], [-73.153916, 41.23729], [-73.156815, 41.237504], [-73.160456, 41.237877], [-73.161507, 41.237982], [-73.162007, 41.238011], [-73.162515, 41.23802], [-73.162882, 41.238011], [-73.163812, 41.237964], [-73.164298, 41.237913], [-73.165537, 41.237711], [-73.168423, 41.236939], [-73.169024, 41.236801], [-73.169525, 41.236728], [-73.169843, 41.236704], [-73.170164, 41.236695], [-73.170771, 41.236722], [-73.174121, 41.23708], [-73.174376, 41.237107], [-73.175539, 41.23723], [-73.176196, 41.2373], [-73.177369, 41.237404], [-73.177947, 41.237416], [-73.178597, 41.23739], [-73.179482, 41.237292], [-73.179783, 41.237256], [-73.181612, 41.23704], [-73.182345, 41.236954], [-73.184159, 41.236707], [-73.185823, 41.23645], [-73.186137, 41.236405], [-73.188874, 41.236022], [-73.195622, 41.235029], [-73.196087, 41.234959], [-73.199389, 41.234423], [-73.200033, 41.234346], [-73.201083, 41.234245], [-73.204749, 41.233921], [-73.205236, 41.233854], [-73.205735, 41.233752], [-73.206157, 41.23365], [-73.212119, 41.231908], [-73.212444, 41.231829], [-73.212943, 41.23174], [-73.213592, 41.231684], [-73.213909, 41.231682], [-73.214256, 41.231694], [-73.215292, 41.231809], [-73.217101, 41.232008], [-73.219478, 41.232247], [-73.222067, 41.232559], [-73.222873, 41.232601], [-73.223416, 41.232592], [-73.223926, 41.232559], [-73.229142, 41.23209], [-73.233248, 41.231694], [-73.233647, 41.231633], [-73.234031, 41.231556], [-73.234462, 41.231439], [-73.234882, 41.231301], [-73.237417, 41.230395], [-73.238991, 41.229845], [-73.239494, 41.229683], [-73.239873, 41.229576], [-73.240613, 41.229421], [-73.242204, 41.229197], [-73.243005, 41.229026], [-73.243579, 41.22887], [-73.244179, 41.228661], [-73.245235, 41.228228], [-73.248583, 41.226624], [-73.24918, 41.226292], [-73.249481, 41.226104], [-73.250163, 41.225602], [-73.250643, 41.225156], [-73.250923, 41.224859], [-73.253403, 41.222111], [-73.254555, 41.220809], [-73.254678, 41.220673], [-73.2555, 41.219762], [-73.256675, 41.218384], [-73.257783, 41.21698], [-73.259278, 41.215066], [-73.259441, 41.214854], [-73.263459, 41.209698], [-73.264692, 41.208227], [-73.26542, 41.207474], [-73.265985, 41.206964], [-73.267538, 41.205703], [-73.268846, 41.204686], [-73.269287, 41.204332], [-73.269904, 41.203779], [-73.270161, 41.203497], [-73.270416, 41.203101], [-73.270541, 41.20293], [-73.272151, 41.200796], [-73.273367, 41.199132], [-73.273617, 41.198827], [-73.273998, 41.198424], [-73.274465, 41.198028], [-73.275073, 41.197615], [-73.275613, 41.197326], [-73.276139, 41.197093], [-73.276586, 41.196929], [-73.277016, 41.196804], [-73.283076, 41.195184], [-73.28497, 41.194646], [-73.287547, 41.193954], [-73.289303, 41.193499], [-73.291758, 41.192832], [-73.29276, 41.192507], [-73.295392, 41.191601], [-73.295586, 41.191535], [-73.299221, 41.190282], [-73.300305, 41.189922], [-73.301323, 41.189558], [-73.301757, 41.189373], [-73.30219, 41.189163], [-73.302659, 41.188905], [-73.30311, 41.188629], [-73.303644, 41.18826], [-73.304145, 41.187865], [-73.307723, 41.184752], [-73.309763, 41.183028], [-73.311639, 41.181402], [-73.317121, 41.176708], [-73.317851, 41.176126], [-73.318806, 41.175448], [-73.319621, 41.175036], [-73.320475, 41.174673], [-73.321134, 41.17444], [-73.321767, 41.174257], [-73.322067, 41.174166], [-73.327929, 41.172535], [-73.330832, 41.171691], [-73.331174, 41.171595], [-73.334381, 41.170718], [-73.338434, 41.169576], [-73.341426, 41.168709], [-73.343187, 41.168214], [-73.344415, 41.167886], [-73.352134, 41.165713], [-73.354646, 41.16498], [-73.354898, 41.164905], [-73.357955, 41.164062], [-73.358125, 41.164013], [-73.359003, 41.163762], [-73.359725, 41.163605], [-73.360409, 41.163503], [-73.361381, 41.163419], [-73.36234, 41.163397], [-73.363185, 41.16341], [-73.366763, 41.163541], [-73.36767, 41.163577], [-73.373102, 41.163818], [-73.375746, 41.163903], [-73.375988, 41.163912], [-73.376529, 41.163937], [-73.377959, 41.16401], [-73.378871, 41.164028], [-73.379595, 41.164004], [-73.380437, 41.163933], [-73.384658, 41.163232], [-73.385556, 41.163069], [-73.386593, 41.162813], [-73.38712, 41.162652], [-73.387734, 41.162425], [-73.388609, 41.16204], [-73.389244, 41.161708], [-73.392275, 41.159979], [-73.394562, 41.158637], [-73.394813, 41.158496], [-73.396883, 41.157345], [-73.401642, 41.154627], [-73.404006, 41.153245], [-73.40467, 41.152871], [-73.405857, 41.152217], [-73.40745, 41.15131], [-73.41116, 41.149158], [-73.413493, 41.147844], [-73.417673, 41.145438], [-73.419291, 41.144533], [-73.420445, 41.14393], [-73.420883, 41.143746], [-73.421445, 41.143555], [-73.42203, 41.143399], [-73.422708, 41.143261], [-73.424644, 41.142921], [-73.425606, 41.14275], [-73.425841, 41.142705], [-73.427595, 41.142382], [-73.429001, 41.142118], [-73.429552, 41.141982], [-73.430647, 41.141682], [-73.431211, 41.141524], [-73.431729, 41.141379], [-73.4324, 41.141176], [-73.434144, 41.140661], [-73.434474, 41.140568], [-73.438502, 41.139458], [-73.439947, 41.139026], [-73.440461, 41.138878], [-73.440786, 41.138781], [-73.441099, 41.138694], [-73.444232, 41.137786], [-73.444864, 41.137618], [-73.446438, 41.137198], [-73.451961, 41.135656], [-73.454309, 41.134981], [-73.455148, 41.134678], [-73.455596, 41.134466], [-73.4565, 41.13393], [-73.456879, 41.133683], [-73.457151, 41.133516], [-73.458733, 41.132567], [-73.462433, 41.130339], [-73.470061, 41.125538], [-73.472453, 41.124108], [-73.475888, 41.121879], [-73.47711, 41.121198], [-73.478235, 41.120718], [-73.478679, 41.120575], [-73.482351, 41.119391], [-73.483478, 41.119027], [-73.485739, 41.118357], [-73.490967, 41.116747], [-73.49169, 41.116559], [-73.492399, 41.116526], [-73.493568, 41.116574], [-73.498286, 41.117124], [-73.499246, 41.117217], [-73.499433, 41.11724], [-73.500417, 41.117361], [-73.500701, 41.117412], [-73.50423, 41.117843], [-73.513719, 41.118927], [-73.514891, 41.119034], [-73.515871, 41.11907], [-73.520369, 41.118971], [-73.526979, 41.118796], [-73.527685, 41.11874], [-73.528507, 41.118603], [-73.529355, 41.118384], [-73.530772, 41.11788], [-73.53602, 41.115928], [-73.539931, 41.114522], [-73.543321, 41.113261], [-73.546286, 41.112098], [-73.54663, 41.111958], [-73.54733, 41.111709], [-73.550788, 41.110319], [-73.551946, 41.109877], [-73.553874, 41.109113], [-73.555314, 41.108491], [-73.555938, 41.108243], [-73.557097, 41.10779], [-73.557937, 41.107395], [-73.560503, 41.105864], [-73.561196, 41.105521], [-73.56225, 41.105001], [-73.565577, 41.103304], [-73.565897, 41.10314], [-73.566264, 41.102959], [-73.568339, 41.101963], [-73.568881, 41.101749], [-73.569639, 41.101565], [-73.570031, 41.101504], [-73.570588, 41.101458], [-73.574248, 41.10121], [-73.576299, 41.10107], [-73.577302, 41.101002], [-73.58003, 41.100819], [-73.582416, 41.100621], [-73.583621, 41.10057], [-73.584708, 41.100554], [-73.585672, 41.100564], [-73.586455, 41.100599], [-73.589117, 41.100751], [-73.591573, 41.100866], [-73.592867, 41.100941], [-73.593569, 41.100932], [-73.594269, 41.100838], [-73.594729, 41.100735], [-73.595238, 41.100584], [-73.604788, 41.096905], [-73.605173, 41.096718], [-73.605518, 41.096529], [-73.609833, 41.093774], [-73.610662, 41.093288], [-73.611061, 41.093087], [-73.611401, 41.092952], [-73.611905, 41.092775], [-73.612409, 41.092637], [-73.619458, 41.090817], [-73.622241, 41.09006], [-73.622491, 41.089997], [-73.623122, 41.08983], [-73.623774, 41.089726], [-73.624647, 41.089706], [-73.625237, 41.089753], [-73.625793, 41.089855], [-73.626384, 41.090036], [-73.626916, 41.090255], [-73.627574, 41.090647], [-73.6283, 41.091271], [-73.629428, 41.092326], [-73.629843, 41.092661], [-73.632743, 41.094843], [-73.633003, 41.095045], [-73.634131, 41.095916], [-73.634394, 41.096119], [-73.635651, 41.097079], [-73.63605, 41.097325], [-73.636323, 41.097452], [-73.636777, 41.097621], [-73.637011, 41.097683], [-73.637549, 41.097788], [-73.63799, 41.097824], [-73.638238, 41.097827], [-73.638684, 41.097802], [-73.638959, 41.097771], [-73.648256, 41.095815], [-73.648879, 41.095695], [-73.649989, 41.095481], [-73.650163, 41.095442], [-73.650925, 41.095277], [-73.651512, 41.095151], [-73.652039, 41.094998], [-73.652335, 41.094896], [-73.652891, 41.094649], [-73.653258, 41.094445], [-73.653503, 41.094284], [-73.65455, 41.093486], [-73.656156, 41.092244], [-73.658727, 41.090301], [-73.660187, 41.089168], [-73.660937, 41.088559], [-73.663983, 41.086103], [-73.664326, 41.085828], [-73.664629, 41.085485], [-73.664991, 41.084874], [-73.665206, 41.084308], [-73.665256, 41.084129], [-73.665281, 41.084039], [-73.665976, 41.081665], [-73.666311, 41.080952], [-73.668788, 41.077317], [-73.669081, 41.076814], [-73.669302, 41.076263], [-73.669387, 41.075961], [-73.669541, 41.074854], [-73.670059, 41.070092], [-73.670259, 41.067922], [-73.670302, 41.067596], [-73.670421, 41.067138], [-73.670645, 41.066599], [-73.670893, 41.066157], [-73.671074, 41.065883], [-73.672647, 41.063842], [-73.674703, 41.061305], [-73.67496, 41.060993], [-73.675213, 41.060643], [-73.675327, 41.060445], [-73.675415, 41.060236], [-73.675479, 41.060018], [-73.675515, 41.0598], [-73.675524, 41.059579], [-73.675505, 41.059359], [-73.675428, 41.058951], [-73.675371, 41.05866], [-73.674994, 41.056755], [-73.674806, 41.056007], [-73.674477, 41.054943], [-73.674309, 41.054526], [-73.674112, 41.054115], [-73.670208, 41.046933], [-73.670067, 41.046625], [-73.669978, 41.046304], [-73.669948, 41.045979], [-73.669977, 41.045655], [-73.670064, 41.045335], [-73.670153, 41.04513], [-73.670325, 41.044837], [-73.671821, 41.042595], [-73.673967, 41.039375], [-73.674177, 41.03906], [-73.67486, 41.038019], [-73.675444, 41.037014], [-73.675564, 41.036807], [-73.675626, 41.03671], [-73.675803, 41.036414], [-73.676569, 41.035119], [-73.677057, 41.034327], [-73.67833, 41.032371], [-73.679429, 41.030471], [-73.679629, 41.030182], [-73.679866, 41.029905], [-73.680221, 41.029564], [-73.680523, 41.029331], [-73.680844, 41.029119], [-73.681316, 41.028862], [-73.681691, 41.028701], [-73.68222, 41.028527], [-73.682762, 41.028397], [-73.683185, 41.028334], [-73.68382, 41.028274], [-73.686595, 41.027974], [-73.687161, 41.027878], [-73.687712, 41.027745], [-73.688246, 41.027577], [-73.688761, 41.027377], [-73.689254, 41.027143], [-73.689715, 41.02688], [-73.690149, 41.026588], [-73.690449, 41.026352], [-73.691477, 41.025413], [-73.692108, 41.024844], [-73.692514, 41.024534], [-73.693124, 41.024215], [-73.693575, 41.024015], [-73.693838, 41.023928], [-73.694114, 41.023857], [-73.694581, 41.023775], [-73.695438, 41.023688], [-73.695868, 41.023618], [-73.696268, 41.023575], [-73.696724, 41.02356], [-73.697079, 41.023574], [-73.697511, 41.023614], [-73.697746, 41.023655], [-73.698166, 41.023752], [-73.698605, 41.023882], [-73.698883, 41.023925], [-73.700348, 41.024372], [-73.700899, 41.024498], [-73.70132, 41.024568], [-73.701748, 41.024614], [-73.702178, 41.024638], [-73.70261, 41.024638], [-73.70304, 41.024616], [-73.703467, 41.024571], [-73.703889, 41.024505], [-73.704303, 41.024416], [-73.704709, 41.024304], [-73.705103, 41.024171], [-73.706275, 41.02369], [-73.70674, 41.023496], [-73.707506, 41.02319], [-73.708276, 41.022915], [-73.709199, 41.022622], [-73.709849, 41.022439], [-73.710387, 41.022292], [-73.711771, 41.021913], [-73.712847, 41.021589], [-73.713358, 41.021386], [-73.713958, 41.021076], [-73.714499, 41.020716], [-73.714997, 41.020288], [-73.715386, 41.019852], [-73.715595, 41.019563], [-73.715743, 41.019317], [-73.715968, 41.018847], [-73.716131, 41.018307], [-73.716202, 41.01782], [-73.716558, 41.016495], [-73.716661, 41.016225], [-73.716779, 41.016028], [-73.716911, 41.015873], [-73.717051, 41.015744], [-73.717257, 41.015597], [-73.71907, 41.014656], [-73.719216, 41.014591], [-73.719399, 41.014538], [-73.719575, 41.014519], [-73.71978, 41.014531], [-73.721028, 41.014777], [-73.721563, 41.014966], [-73.722187, 41.015259], [-73.722999, 41.015587], [-73.723838, 41.015986], [-73.724528, 41.016464], [-73.724848, 41.016821], [-73.725189, 41.017289], [-73.727716, 41.021323], [-73.728951, 41.023286], [-73.72923, 41.023667], [-73.72953, 41.024029], [-73.729864, 41.024384], [-73.730241, 41.024743], [-73.73062, 41.025062], [-73.731029, 41.02537], [-73.731458, 41.02566], [-73.731911, 41.025931], [-73.733918, 41.026995], [-73.737221, 41.028733], [-73.737951, 41.029082], [-73.738567, 41.029341], [-73.739226, 41.029588], [-73.739887, 41.029805], [-73.740979, 41.030101], [-73.742096, 41.030328], [-73.743239, 41.030492], [-73.744085, 41.030569], [-73.745886, 41.030659], [-73.746465, 41.030686], [-73.747692, 41.030749], [-73.748269, 41.030795], [-73.748831, 41.030877], [-73.749387, 41.030993], [-73.74966, 41.031064], [-73.74994, 41.031147], [-73.75046, 41.031329], [-73.750966, 41.031546], [-73.751208, 41.031663], [-73.751675, 41.031924], [-73.752113, 41.032213], [-73.752432, 41.032463], [-73.75259, 41.032585], [-73.752955, 41.032925], [-73.753281, 41.033287], [-73.7535, 41.033571], [-73.75363, 41.033761], [-73.754514, 41.035284], [-73.754696, 41.0356], [-73.755196, 41.036436], [-73.755479, 41.036821], [-73.755804, 41.037187], [-73.756163, 41.037526], [-73.756361, 41.037691], [-73.756774, 41.037997], [-73.757454, 41.038402], [-73.75794, 41.038634], [-73.758947, 41.039051], [-73.760075, 41.039527], [-73.760551, 41.039773], [-73.760993, 41.040048], [-73.761399, 41.040356], [-73.761589, 41.040518], [-73.761766, 41.040685], [-73.762092, 41.041042], [-73.762371, 41.041422], [-73.762612, 41.041822], [-73.763239, 41.043039], [-73.763406, 41.043351], [-73.763596, 41.043646], [-73.763818, 41.043935], [-73.764063, 41.044203], [-73.764521, 41.044617], [-73.764852, 41.044853], [-73.765194, 41.045064], [-73.765801, 41.045366], [-73.766191, 41.045519], [-73.766595, 41.045651], [-73.767011, 41.045756], [-73.767434, 41.045839], [-73.767861, 41.045896], [-73.768154, 41.04592], [-73.768595, 41.045935], [-73.769173, 41.045917], [-73.769614, 41.045871], [-73.770162, 41.045779], [-73.770715, 41.045641], [-73.773348, 41.044807], [-73.775308, 41.044196], [-73.777687, 41.04352], [-73.77874, 41.04323], [-73.779984, 41.042918], [-73.781237, 41.042665], [-73.782075, 41.042526], [-73.78251, 41.042468], [-73.783089, 41.042416], [-73.783366, 41.042404], [-73.783942, 41.042402], [-73.784228, 41.042415], [-73.784804, 41.042463], [-73.785083, 41.042501], [-73.78537, 41.042545], [-73.785922, 41.042658], [-73.786723, 41.042887], [-73.787495, 41.043187], [-73.788212, 41.043552], [-73.789827, 41.044472], [-73.790299, 41.044729], [-73.790796, 41.044968], [-73.791302, 41.045181], [-73.79183, 41.045373], [-73.792365, 41.045541], [-73.792913, 41.045687], [-73.793761, 41.045862], [-73.794323, 41.045946], [-73.79519, 41.046029], [-73.796852, 41.046104], [-73.797159, 41.046119], [-73.797606, 41.04614], [-73.799637, 41.046243], [-73.8002, 41.046303], [-73.800758, 41.046385], [-73.801325, 41.046494], [-73.801878, 41.046622], [-73.802416, 41.046774], [-73.802981, 41.046957], [-73.803766, 41.047267], [-73.804272, 41.047499], [-73.804768, 41.047757], [-73.805491, 41.048194], [-73.805928, 41.048498], [-73.806373, 41.048843], [-73.806774, 41.04919], [-73.806933, 41.049364], [-73.807128, 41.049553], [-73.807472, 41.049939], [-73.807784, 41.050329], [-73.808214, 41.050947], [-73.808461, 41.051376], [-73.808786, 41.05203], [-73.808911, 41.052315], [-73.809848, 41.054529], [-73.810075, 41.054933], [-73.810336, 41.055311], [-73.81049, 41.055509], [-73.810822, 41.055875], [-73.811182, 41.056216], [-73.811379, 41.05638], [-73.81179, 41.056685], [-73.812122, 41.056894], [-73.812853, 41.057281], [-73.813347, 41.057501], [-73.814027, 41.05773], [-73.81478, 41.057919], [-73.815395, 41.058023], [-73.816329, 41.058145], [-73.817049, 41.058232], [-73.819034, 41.058473], [-73.820152, 41.058606], [-73.822965, 41.05894], [-73.823415, 41.058996], [-73.824263, 41.059099], [-73.826459, 41.059349], [-73.826982, 41.059379], [-73.827606, 41.05938], [-73.828186, 41.059341], [-73.828715, 41.059278], [-73.829287, 41.059177], [-73.829797, 41.059052], [-73.830346, 41.058881], [-73.832024, 41.058235], [-73.832545, 41.058065], [-73.833127, 41.057926], [-73.83382, 41.057831], [-73.834196, 41.057811], [-73.834579, 41.057811], [-73.834959, 41.057833], [-73.835395, 41.057885], [-73.835783, 41.057959], [-73.836232, 41.058082], [-73.836912, 41.058353], [-73.837388, 41.058586], [-73.838826, 41.059336], [-73.83945, 41.059622], [-73.840252, 41.059925], [-73.840826, 41.060104], [-73.841365, 41.060251], [-73.842196, 41.060456], [-73.843033, 41.060616], [-73.843885, 41.060733], [-73.844739, 41.060805], [-73.845611, 41.060832], [-73.85288, 41.06094], [-73.853434, 41.060947], [-73.855127, 41.060973], [-73.856251, 41.061009], [-73.856824, 41.061059], [-73.85726, 41.061114], [-73.857821, 41.061208], [-73.858383, 41.061326], [-73.85926, 41.061568], [-73.859987, 41.061819], [-73.860617, 41.062086], [-73.861325, 41.06244], [-73.861898, 41.062781], [-73.862499, 41.0632], [-73.86309, 41.063694], [-73.863618, 41.064231], [-73.864593, 41.06529], [-73.864746, 41.065483], [-73.864819, 41.06556], [-73.866153, 41.0669], [-73.867345, 41.068046], [-73.86828, 41.068888], [-73.868897, 41.069353], [-73.869222, 41.069568], [-73.869685, 41.069847], [-73.870522, 41.070271], [-73.871029, 41.070486], [-73.871419, 41.070632], [-73.871817, 41.070766], [-73.872362, 41.070925], [-73.873334, 41.071143], [-73.873903, 41.071234], [-73.874479, 41.071301], [-73.875053, 41.071343], [-73.875634, 41.071359], [-73.884381, 41.071359], [-73.887872, 41.071353], [-73.893986, 41.071284], [-73.911745, 41.071283], [-73.912329, 41.071315], [-73.913198, 41.071414], [-73.91391, 41.071541], [-73.914608, 41.071707], [-73.915287, 41.071914], [-73.915946, 41.072157], [-73.916576, 41.072436], [-73.917178, 41.072752], [-73.917741, 41.073101], [-73.918274, 41.073481], [-73.918673, 41.073804], [-73.919135, 41.074237], [-73.919391, 41.074509], [-73.919705, 41.074895], [-73.919961, 41.075255], [-73.920145, 41.075549], [-73.920317, 41.075864], [-73.920511, 41.076289], [-73.921253, 41.07841], [-73.921492, 41.079042], [-73.921855, 41.0799], [-73.922434, 41.081029], [-73.924424, 41.08421], [-73.927584, 41.089263], [-73.928121, 41.09004], [-73.928793, 41.09089], [-73.929278, 41.091437], [-73.92997, 41.092145], [-73.930597, 41.09272], [-73.931332, 41.093309], [-73.931522, 41.093447], [-73.932389, 41.094026], [-73.933303, 41.09455], [-73.933781, 41.094794], [-73.934254, 41.095013], [-73.935155, 41.095371], [-73.935682, 41.09555], [-73.936407, 41.095761], [-73.951243, 41.09974], [-73.951561, 41.099826], [-73.952422, 41.10005], [-73.953537, 41.100299], [-73.954108, 41.100409], [-73.955242, 41.100583], [-73.956103, 41.100684], [-73.957249, 41.100777], [-73.959006, 41.100833], [-73.96537, 41.100954], [-73.965614, 41.100958], [-73.97267, 41.101095], [-73.972865, 41.101099], [-73.984478, 41.101324], [-73.98609, 41.101378], [-73.98774, 41.10148], [-73.992864, 41.10191], [-73.993583, 41.101972], [-73.996916, 41.10226], [-73.998042, 41.102371], [-73.999557, 41.102501], [-74.001074, 41.102612], [-74.010004, 41.103375], [-74.010475, 41.103414], [-74.016908, 41.103964], [-74.018076, 41.104047], [-74.018952, 41.104077], [-74.019832, 41.104079], [-74.020905, 41.104043], [-74.02158, 41.104001], [-74.022737, 41.103889], [-74.023603, 41.103771], [-74.024178, 41.103676], [-74.025025, 41.103514], [-74.025873, 41.103322], [-74.027241, 41.10295], [-74.028048, 41.102689], [-74.028829, 41.102406], [-74.031431, 41.101333], [-74.032697, 41.100787], [-74.033017, 41.100642], [-74.033401, 41.100482], [-74.037342, 41.098794], [-74.038937, 41.098134], [-74.040036, 41.097749], [-74.040986, 41.097481], [-74.041679, 41.097322], [-74.042374, 41.09719], [-74.043078, 41.097078], [-74.043781, 41.096993], [-74.044857, 41.096909], [-74.045568, 41.096887], [-74.046291, 41.096891], [-74.047014, 41.096922], [-74.0477, 41.09697], [-74.047973, 41.096996], [-74.048698, 41.097084], [-74.049418, 41.097202], [-74.049852, 41.097284], [-74.052391, 41.09784], [-74.05363, 41.098135], [-74.054872, 41.098456], [-74.056895, 41.099031], [-74.058611, 41.099492], [-74.060392, 41.099951], [-74.062908, 41.100594], [-74.069047, 41.102176], [-74.06964, 41.102327], [-74.071689, 41.10284], [-74.075253, 41.103758], [-74.076515, 41.104108], [-74.077044, 41.104273], [-74.077916, 41.10459], [-74.078676, 41.104918], [-74.079042, 41.105094], [-74.079748, 41.105468], [-74.080423, 41.105877], [-74.081058, 41.106313], [-74.081673, 41.106785], [-74.084196, 41.108916], [-74.084708, 41.109305], [-74.085263, 41.109671], [-74.085542, 41.109835], [-74.086149, 41.110154], [-74.086764, 41.110434], [-74.08741, 41.110687], [-74.087741, 41.1108], [-74.088759, 41.111085], [-74.098886, 41.113366], [-74.099206, 41.113438], [-74.105738, 41.114908], [-74.106657, 41.115115], [-74.120015, 41.118121], [-74.133823, 41.121227], [-74.134681, 41.121404], [-74.135103, 41.121475], [-74.136381, 41.121633], [-74.137241, 41.121701], [-74.138549, 41.121726], [-74.139859, 41.121667], [-74.141156, 41.121531], [-74.142434, 41.12131], [-74.14327, 41.121119], [-74.144094, 41.120892], [-74.145621, 41.120439], [-74.146138, 41.120285], [-74.147472, 41.119889], [-74.148262, 41.119654], [-74.15174, 41.118633], [-74.153421, 41.118225], [-74.153939, 41.118114], [-74.155111, 41.118061], [-74.155664, 41.118076], [-74.156382, 41.118133], [-74.157056, 41.11823], [-74.157486, 41.118327], [-74.158474, 41.118623], [-74.158903, 41.11872], [-74.159344, 41.118758], [-74.159822, 41.118735], [-74.160257, 41.118658], [-74.160533, 41.118572], [-74.160934, 41.118387], [-74.161171, 41.118235], [-74.161371, 41.118066], [-74.161625, 41.117789], [-74.16177, 41.117561], [-74.161873, 41.117328], [-74.161936, 41.117071], [-74.161955, 41.116794], [-74.161767, 41.11543], [-74.161754, 41.115262], [-74.161765, 41.114932], [-74.161819, 41.114612], [-74.16192, 41.114273], [-74.162046, 41.113942], [-74.162253, 41.113495], [-74.162687, 41.112891], [-74.163575, 41.111746], [-74.163988, 41.111151], [-74.164221, 41.110738], [-74.164911, 41.109362], [-74.165117, 41.108935], [-74.165482, 41.108328], [-74.16593, 41.107739], [-74.16673, 41.106785], [-74.167318, 41.106116], [-74.167927, 41.105256], [-74.168388, 41.10447], [-74.168608, 41.104041], [-74.168795, 41.103628], [-74.169111, 41.102786], [-74.169355, 41.101912], [-74.169501, 41.10111], [-74.169583, 41.100162], [-74.169593, 41.099811], [-74.169579, 41.099408], [-74.169273, 41.096489], [-74.16883, 41.092342], [-74.168792, 41.091992], [-74.168532, 41.089566], [-74.168452, 41.088556], [-74.168434, 41.087542], [-74.168443, 41.087209], [-74.168486, 41.086698], [-74.168563, 41.085884], [-74.168654, 41.085217], [-74.168829, 41.084277], [-74.169057, 41.083341], [-74.169358, 41.082365], [-74.169716, 41.081393], [-74.169989, 41.080751], [-74.170422, 41.07986], [-74.170954, 41.078868], [-74.171328, 41.078249], [-74.171759, 41.077604], [-74.172247, 41.076928], [-74.17276, 41.076278], [-74.176689, 41.071479], [-74.17735, 41.070672], [-74.178494, 41.069275], [-74.178719, 41.068999], [-74.179133, 41.06852], [-74.182392, 41.06453], [-74.182848, 41.063945], [-74.183289, 41.063335], [-74.184107, 41.062111], [-74.184667, 41.061173], [-74.185014, 41.060542], [-74.185499, 41.059568], [-74.187271, 41.05547], [-74.188021, 41.053679], [-74.191448, 41.045673], [-74.191816, 41.044672], [-74.192013, 41.044006], [-74.192176, 41.043327], [-74.192349, 41.042302], [-74.192417, 41.041615], [-74.192575, 41.038794], [-74.192662, 41.038138], [-74.192795, 41.037468], [-74.192899, 41.037046], [-74.193032, 41.036609], [-74.19335, 41.035755], [-74.193747, 41.034924], [-74.193979, 41.034498], [-74.194253, 41.034046], [-74.194433, 41.033775], [-74.194842, 41.033203], [-74.195541, 41.032365], [-74.19634, 41.031551], [-74.1972, 41.030805], [-74.197817, 41.030327], [-74.19881, 41.029656], [-74.199499, 41.029248], [-74.200745, 41.028609], [-74.20209, 41.027942], [-74.203194, 41.027366], [-74.204297, 41.026761], [-74.205708, 41.025919], [-74.206418, 41.025466], [-74.209107, 41.023691], [-74.209411, 41.023491], [-74.210079, 41.023066], [-74.210766, 41.022672], [-74.211482, 41.0223], [-74.212206, 41.021961], [-74.212944, 41.021651], [-74.213712, 41.021365], [-74.214486, 41.021105], [-74.21528, 41.020871], [-74.216105, 41.020661], [-74.216646, 41.020546], [-74.217203, 41.020452], [-74.218033, 41.020375], [-74.218598, 41.020366], [-74.219154, 41.020387], [-74.219719, 41.020442], [-74.220265, 41.020526], [-74.220805, 41.020638], [-74.221346, 41.020784], [-74.22211, 41.021057], [-74.222597, 41.021276], [-74.223035, 41.021505], [-74.223483, 41.021775], [-74.223905, 41.022078], [-74.224303, 41.022409], [-74.224658, 41.022755], [-74.226603, 41.024805], [-74.227179, 41.025309], [-74.227582, 41.025616], [-74.228265, 41.026021], [-74.228751, 41.026256], [-74.229521, 41.026558], [-74.230062, 41.026724], [-74.230616, 41.026857], [-74.23146, 41.026997], [-74.233841, 41.027248], [-74.235198, 41.027392], [-74.236596, 41.027477], [-74.237938, 41.027624], [-74.238271, 41.027665], [-74.241136, 41.028029], [-74.243417, 41.028335], [-74.246712, 41.028786], [-74.247026, 41.028827], [-74.24734, 41.028869], [-74.24796, 41.028932], [-74.248571, 41.028966], [-74.249152, 41.028966], [-74.250033, 41.028915], [-74.25089, 41.028794], [-74.251494, 41.028669], [-74.25206, 41.028524], [-74.252372, 41.02843], [-74.252945, 41.028226], [-74.253452, 41.028009], [-74.253946, 41.027766], [-74.256682, 41.026255], [-74.257172, 41.026006], [-74.25768, 41.025777], [-74.258473, 41.025464], [-74.259006, 41.025286], [-74.259556, 41.025126], [-74.260975, 41.024793], [-74.261978, 41.024591], [-74.262608, 41.024477], [-74.263437, 41.024335], [-74.264326, 41.024202], [-74.26521, 41.024088], [-74.266109, 41.02399], [-74.26759, 41.023864], [-74.268495, 41.023811], [-74.269696, 41.023766], [-74.270299, 41.023759], [-74.270894, 41.023774], [-74.271787, 41.023853], [-74.272661, 41.023992], [-74.273513, 41.024189], [-74.274332, 41.024439], [-74.274866, 41.024641], [-74.278758, 41.026322], [-74.279565, 41.026624], [-74.280401, 41.026863], [-74.281278, 41.027039], [-74.282154, 41.027142], [-74.283046, 41.027182], [-74.283812, 41.027153], [-74.284642, 41.027063], [-74.285528, 41.0269], [-74.286384, 41.026673], [-74.287195, 41.026387], [-74.287977, 41.02603], [-74.288702, 41.025621], [-74.289361, 41.025179], [-74.28979, 41.024821], [-74.290175, 41.024453], [-74.29052, 41.024069], [-74.290823, 41.023679], [-74.29122, 41.023055], [-74.292663, 41.020564], [-74.292921, 41.020176], [-74.293392, 41.019604], [-74.293921, 41.019089], [-74.294522, 41.018609], [-74.295193, 41.018177], [-74.296018, 41.017725], [-74.296647, 41.017388], [-74.296751, 41.017336], [-74.296988, 41.017213], [-74.297995, 41.016677], [-74.298471, 41.016392], [-74.298922, 41.016078], [-74.299333, 41.015747], [-74.299713, 41.0154], [-74.300062, 41.015022], [-74.300511, 41.014452], [-74.30077, 41.014048], [-74.30109, 41.013421], [-74.301256, 41.012991], [-74.301435, 41.012324], [-74.30152, 41.01165], [-74.301535, 41.0112], [-74.301418, 41.006376], [-74.301433, 41.005714], [-74.301485, 41.005281], [-74.301523, 41.00508], [-74.30162, 41.004676], [-74.301761, 41.004261], [-74.30204, 41.003655], [-74.302391, 41.003079], [-74.302679, 41.002695], [-74.302986, 41.002336], [-74.303508, 41.001826], [-74.303889, 41.001515], [-74.306099, 40.999902], [-74.30692, 40.999294], [-74.307124, 40.999123], [-74.307451, 40.998809], [-74.307704, 40.998541], [-74.308085, 40.998078], [-74.3084, 40.997615], [-74.308631, 40.997213], [-74.308946, 40.99651], [-74.309084, 40.996049], [-74.309183, 40.995577], [-74.309245, 40.994927], [-74.309235, 40.99438], [-74.308953, 40.991405], [-74.308928, 40.990954], [-74.308936, 40.990512], [-74.308973, 40.990063], [-74.309047, 40.98962], [-74.309148, 40.98918], [-74.309283, 40.988743], [-74.309453, 40.988309], [-74.309651, 40.987887], [-74.310012, 40.98726], [-74.310428, 40.986677], [-74.312134, 40.984538], [-74.318881, 40.976077], [-74.319475, 40.975351], [-74.320105, 40.974632], [-74.320538, 40.974158], [-74.321214, 40.973471], [-74.321921, 40.972792], [-74.322412, 40.972347], [-74.323624, 40.971318], [-74.323888, 40.97111], [-74.324952, 40.970315], [-74.3254, 40.97001], [-74.329911, 40.966724], [-74.330882, 40.965975], [-74.331807, 40.965205], [-74.332411, 40.964671], [-74.333553, 40.96358], [-74.334361, 40.962727], [-74.334889, 40.962123], [-74.335612, 40.961253], [-74.336076, 40.960651], [-74.336733, 40.959734], [-74.339162, 40.956102], [-74.34017, 40.954547], [-74.344611, 40.947897], [-74.345254, 40.946865], [-74.345703, 40.946064], [-74.346121, 40.945251], [-74.347774, 40.941705], [-74.348107, 40.94104], [-74.348383, 40.940556], [-74.349084, 40.939488], [-74.349445, 40.938991], [-74.349833, 40.9385], [-74.350251, 40.938021], [-74.350794, 40.937445], [-74.351387, 40.93687], [-74.351881, 40.93643], [-74.352655, 40.935795], [-74.354881, 40.934044], [-74.355296, 40.933694], [-74.3557, 40.933315], [-74.356047, 40.932957], [-74.356539, 40.93237], [-74.356993, 40.931758], [-74.357398, 40.931116], [-74.357624, 40.930681], [-74.357822, 40.930243], [-74.358694, 40.927967], [-74.358812, 40.927655], [-74.35904, 40.927088], [-74.359311, 40.926482], [-74.3598, 40.925522], [-74.36036, 40.924581], [-74.360988, 40.923659], [-74.361433, 40.923062], [-74.361913, 40.922473], [-74.362681, 40.921615], [-74.363515, 40.920788], [-74.364458, 40.919942], [-74.365005, 40.919493], [-74.365644, 40.919006], [-74.3663, 40.918542], [-74.366995, 40.918085], [-74.368063, 40.917461], [-74.368822, 40.917047], [-74.369862, 40.916506], [-74.370181, 40.916344], [-74.370394, 40.916236], [-74.370936, 40.915974], [-74.371865, 40.915534], [-74.372853, 40.915089], [-74.374362, 40.914455], [-74.37538, 40.914051], [-74.376792, 40.913524], [-74.377142, 40.913394], [-74.378803, 40.912806], [-74.380419, 40.912269], [-74.382019, 40.911764], [-74.383674, 40.911266], [-74.385996, 40.910616], [-74.389958, 40.909599], [-74.391671, 40.909166], [-74.392804, 40.908845], [-74.393615, 40.908574], [-74.395254, 40.907948], [-74.395453, 40.907872], [-74.398226, 40.906805], [-74.398425, 40.906729], [-74.401399, 40.905584], [-74.402455, 40.905146], [-74.4032, 40.90477], [-74.404981, 40.903756], [-74.405809, 40.903315], [-74.406201, 40.903131], [-74.40679, 40.902893], [-74.407258, 40.902726], [-74.407823, 40.902555], [-74.409322, 40.90216], [-74.409616, 40.902083], [-74.410193, 40.901924], [-74.410735, 40.901748], [-74.411265, 40.90154], [-74.41202, 40.901185], [-74.412494, 40.900913], [-74.412942, 40.900617], [-74.413365, 40.9003], [-74.413763, 40.899952], [-74.414113, 40.899597], [-74.414443, 40.899217], [-74.414737, 40.898827], [-74.414867, 40.898622], [-74.415103, 40.898206], [-74.415299, 40.897788], [-74.415523, 40.897129], [-74.415616, 40.896685], [-74.415676, 40.896238], [-74.41569, 40.895785], [-74.415667, 40.895337], [-74.415352, 40.892008], [-74.415355, 40.891206], [-74.415417, 40.890677], [-74.415466, 40.890399], [-74.415594, 40.889879], [-74.41577, 40.889359], [-74.415993, 40.888837], [-74.417795, 40.885447], [-74.418391, 40.884199], [-74.418798, 40.883264], [-74.419181, 40.882316], [-74.419642, 40.881044], [-74.41995, 40.880086], [-74.420232, 40.879109], [-74.420547, 40.877818], [-74.420676, 40.877102], [-74.420736, 40.876552], [-74.42076, 40.875997], [-74.420757, 40.875439], [-74.420692, 40.87461], [-74.420555, 40.873779], [-74.420344, 40.872964], [-74.420065, 40.872154], [-74.419724, 40.871375], [-74.41941, 40.870777], [-74.419067, 40.87019], [-74.418158, 40.868659], [-74.417684, 40.867669], [-74.417542, 40.867245], [-74.417437, 40.866791], [-74.417402, 40.866568], [-74.417393, 40.866478], [-74.417371, 40.866214], [-74.417374, 40.865693], [-74.417443, 40.865123], [-74.417502, 40.864879], [-74.417574, 40.864622], [-74.417788, 40.864012], [-74.41781, 40.863892], [-74.41814, 40.863061], [-74.418268, 40.862761], [-74.418513, 40.862177], [-74.418789, 40.861581], [-74.419306, 40.860571], [-74.420281, 40.858884], [-74.42094, 40.857811], [-74.421557, 40.856917], [-74.423789, 40.853685], [-74.425238, 40.851639], [-74.427348, 40.848609], [-74.428714, 40.846679], [-74.429022, 40.846257], [-74.429121, 40.846009], [-74.433015, 40.840378], [-74.435549, 40.83677], [-74.435878, 40.836266], [-74.438235, 40.832935], [-74.438504, 40.832538], [-74.438809, 40.832098], [-74.439539, 40.830983], [-74.439931, 40.83035], [-74.440295, 40.829712], [-74.440897, 40.828438], [-74.441145, 40.827795], [-74.441354, 40.827253], [-74.443462, 40.821156], [-74.443861, 40.820015], [-74.444275, 40.818754], [-74.444576, 40.817547], [-74.444924, 40.816052], [-74.444996, 40.815539], [-74.445172, 40.814776], [-74.445253, 40.814457], [-74.445471, 40.813833], [-74.445641, 40.813439], [-74.446041, 40.812722], [-74.446258, 40.812393], [-74.446691, 40.811837], [-74.447228, 40.811256], [-74.44758, 40.810926], [-74.447961, 40.810604], [-74.448386, 40.810288], [-74.448976, 40.809892], [-74.449911, 40.809334], [-74.452982, 40.807524], [-74.453782, 40.807038], [-74.456415, 40.805306], [-74.458607, 40.803836], [-74.459794, 40.803068], [-74.460824, 40.802478], [-74.461487, 40.802125], [-74.462203, 40.801804], [-74.463678, 40.801209], [-74.465185, 40.800659], [-74.465399, 40.800574], [-74.465884, 40.800375], [-74.466659, 40.799943], [-74.467111, 40.799605], [-74.467603, 40.799134], [-74.468037, 40.798592], [-74.468372, 40.798007], [-74.468576, 40.797318], [-74.468643, 40.796939], [-74.468656, 40.79656], [-74.468614, 40.795818], [-74.468562, 40.795284], [-74.468545, 40.794851], [-74.468557, 40.794328], [-74.468879, 40.791459], [-74.46907, 40.789854], [-74.469389, 40.78718], [-74.46946, 40.786726], [-74.469597, 40.78616], [-74.469696, 40.785865], [-74.469991, 40.785276], [-74.470407, 40.784699], [-74.472559, 40.782342], [-74.473707, 40.78096], [-74.475011, 40.779148], [-74.475346, 40.778693], [-74.476619, 40.776833], [-74.477052, 40.776163], [-74.477727, 40.775283], [-74.478183, 40.774762], [-74.478498, 40.774438], [-74.479047, 40.773886], [-74.479537, 40.773453], [-74.480288, 40.772856], [-74.480897, 40.772407], [-74.48118, 40.772223], [-74.48154, 40.771988], [-74.482731, 40.771297], [-74.483567, 40.770866], [-74.485171, 40.770101], [-74.488681, 40.768379], [-74.489095, 40.768183], [-74.491532, 40.767032], [-74.493129, 40.766376], [-74.494536, 40.765843], [-74.496322, 40.765258], [-74.497568, 40.764922], [-74.499537, 40.764471], [-74.501559, 40.764105], [-74.503019, 40.763886], [-74.505995, 40.763483], [-74.51172, 40.762651], [-74.513196, 40.762404], [-74.514406, 40.762148], [-74.515401, 40.76187], [-74.516295, 40.761578], [-74.518135, 40.760813], [-74.519554, 40.760062], [-74.520623, 40.759404], [-74.521752, 40.758598], [-74.522477, 40.757958], [-74.522635, 40.757798], [-74.523528, 40.756894], [-74.524319, 40.755941], [-74.524795, 40.755236], [-74.525216, 40.754553], [-74.525803, 40.753383], [-74.526175, 40.75256], [-74.527136, 40.750401], [-74.527468, 40.749728], [-74.528102, 40.748663], [-74.528551, 40.748044], [-74.528942, 40.747546], [-74.52978, 40.746621], [-74.531605, 40.744814], [-74.532482, 40.743985], [-74.532782, 40.743701], [-74.533624, 40.742722], [-74.534336, 40.741799], [-74.534894, 40.740888], [-74.535735, 40.738937], [-74.536851, 40.735159], [-74.537386, 40.733604], [-74.537738, 40.732723], [-74.537954, 40.732204], [-74.538059, 40.731948], [-74.538689, 40.73065], [-74.539434, 40.729329], [-74.539672, 40.728933], [-74.540387, 40.727887], [-74.541468, 40.726567], [-74.542109, 40.725946], [-74.54279, 40.725286], [-74.54311, 40.725001], [-74.544146, 40.724076], [-74.546017, 40.722671], [-74.548379, 40.720985], [-74.549306, 40.720323], [-74.551828, 40.718416], [-74.553785, 40.7164], [-74.555023, 40.714781], [-74.555286, 40.714393], [-74.555499, 40.714086], [-74.556163, 40.713036], [-74.557493, 40.711195], [-74.559073, 40.708863], [-74.559907, 40.707677], [-74.561056, 40.706105], [-74.561778, 40.705059], [-74.563348, 40.702786], [-74.56545, 40.699598], [-74.567038, 40.697294], [-74.567639, 40.696539], [-74.568566, 40.695457], [-74.569775, 40.694223], [-74.570365, 40.693669], [-74.571167, 40.693009], [-74.571973, 40.692394], [-74.572501, 40.692021], [-74.573368, 40.691441], [-74.574467, 40.690786], [-74.575045, 40.690478], [-74.57589, 40.690041], [-74.577071, 40.689498], [-74.577405, 40.689354], [-74.577884, 40.689148], [-74.578294, 40.688968], [-74.579881, 40.688285], [-74.581758, 40.687478], [-74.582531, 40.687129], [-74.589862, 40.683962], [-74.593613, 40.682315], [-74.595098, 40.681636], [-74.597186, 40.680655], [-74.598506, 40.68001], [-74.606836, 40.675887], [-74.608397, 40.675154], [-74.60986, 40.674508], [-74.611602, 40.673811], [-74.61329, 40.673236], [-74.614428, 40.672891], [-74.615572, 40.672592], [-74.616637, 40.672348], [-74.617694, 40.672138], [-74.61865, 40.671978], [-74.619584, 40.671846], [-74.621555, 40.671603], [-74.62432, 40.671284], [-74.624768, 40.671233], [-74.626443, 40.671028], [-74.62694, 40.670947], [-74.627951, 40.67076], [-74.629003, 40.670521], [-74.629528, 40.670386], [-74.630425, 40.670125], [-74.631314, 40.669833], [-74.632301, 40.669463], [-74.633263, 40.669061], [-74.635033, 40.668148], [-74.636561, 40.667236], [-74.637319, 40.666749], [-74.638027, 40.66623], [-74.639086, 40.665379], [-74.639963, 40.664577], [-74.640384, 40.664164], [-74.641048, 40.663455], [-74.641697, 40.662695], [-74.642207, 40.662036], [-74.642758, 40.661268], [-74.643443, 40.660221], [-74.643999, 40.659277], [-74.644546, 40.658238], [-74.644749, 40.657829], [-74.645203, 40.656802], [-74.645449, 40.656188], [-74.645888, 40.654938], [-74.646286, 40.653506], [-74.646431, 40.652854], [-74.646562, 40.652202], [-74.646756, 40.650866], [-74.646819, 40.65023], [-74.646882, 40.6491], [-74.646892, 40.64857], [-74.646873, 40.647659], [-74.646818, 40.646729], [-74.646747, 40.645951], [-74.646879, 40.645292], [-74.646943, 40.645073], [-74.647067, 40.644818], [-74.647166, 40.644653], [-74.647337, 40.644437], [-74.647682, 40.64412], [-74.647916, 40.643963], [-74.648196, 40.643811], [-74.648513, 40.643677], [-74.648738, 40.643609], [-74.648961, 40.643552], [-74.649216, 40.643508], [-74.649465, 40.643481], [-74.649919, 40.643474], [-74.651856, 40.643614], [-74.651953, 40.643571], [-74.653158, 40.643669], [-74.654636, 40.643745], [-74.661898, 40.644049], [-74.662957, 40.644094], [-74.664371, 40.644151], [-74.665605, 40.644157], [-74.666949, 40.644138], [-74.668131, 40.644094], [-74.66944, 40.644009], [-74.678463, 40.643248], [-74.680872, 40.643058], [-74.682117, 40.642993], [-74.682907, 40.642968], [-74.683771, 40.64296], [-74.684205, 40.642964], [-74.685085, 40.642979], [-74.688295, 40.643142], [-74.688691, 40.643162], [-74.703524, 40.643887], [-74.710391, 40.644197], [-74.712483, 40.644305], [-74.712728, 40.644318], [-74.717899, 40.644575], [-74.719088, 40.644662], [-74.720541, 40.644828], [-74.721787, 40.645009], [-74.72293, 40.645207], [-74.723728, 40.645371], [-74.724133, 40.645456], [-74.743566, 40.650164], [-74.745384, 40.650576], [-74.746338, 40.650738], [-74.747385, 40.650882], [-74.747701, 40.650914], [-74.748864, 40.651018], [-74.750774, 40.651098], [-74.75235, 40.651081], [-74.754002, 40.651014], [-74.754335, 40.651001], [-74.758838, 40.650726], [-74.760412, 40.650649], [-74.761577, 40.650666], [-74.762923, 40.650751], [-74.764833, 40.650906], [-74.765165, 40.65093], [-74.771931, 40.651458], [-74.776275, 40.651846], [-74.780025, 40.652141], [-74.781179, 40.65219], [-74.782195, 40.652195], [-74.78312, 40.652163], [-74.784002, 40.652108], [-74.784779, 40.652033], [-74.785725, 40.65192], [-74.786467, 40.651805], [-74.78761, 40.651583], [-74.789488, 40.651129], [-74.790106, 40.651002], [-74.800894, 40.648399], [-74.803329, 40.647834], [-74.805175, 40.647471], [-74.80738, 40.64712], [-74.808311, 40.646995], [-74.810189, 40.646795], [-74.811237, 40.646706], [-74.813607, 40.646583], [-74.815538, 40.646553], [-74.816971, 40.64657], [-74.818483, 40.64663], [-74.827869, 40.647074], [-74.829117, 40.647133], [-74.833527, 40.647357], [-74.834328, 40.647378], [-74.83726, 40.6475], [-74.839438, 40.647497], [-74.840222, 40.647466], [-74.843062, 40.647265], [-74.85395, 40.646378], [-74.855302, 40.646266], [-74.856297, 40.646155], [-74.858029, 40.645887], [-74.860023, 40.645402], [-74.861601, 40.644915], [-74.864168, 40.644048], [-74.864883, 40.64382], [-74.866529, 40.64335], [-74.86703, 40.643234], [-74.869043, 40.642842], [-74.870809, 40.642496], [-74.871091, 40.642446], [-74.872577, 40.642171], [-74.873395, 40.642], [-74.874773, 40.641648], [-74.87588, 40.64131], [-74.877768, 40.640615], [-74.881512, 40.639045], [-74.882632, 40.638671], [-74.882816, 40.638618], [-74.883629, 40.63842], [-74.884173, 40.63832], [-74.884704, 40.638243], [-74.885643, 40.638147], [-74.886576, 40.638122], [-74.886939, 40.638132], [-74.887911, 40.638192], [-74.889972, 40.638416], [-74.890193, 40.638441], [-74.892035, 40.638635], [-74.892496, 40.63867], [-74.893079, 40.638694], [-74.89366, 40.638698], [-74.894243, 40.638673], [-74.895257, 40.638573], [-74.896032, 40.638448], [-74.896546, 40.638348], [-74.897366, 40.638171], [-74.897905, 40.638036], [-74.898998, 40.637717], [-74.90037, 40.637262], [-74.901774, 40.636676], [-74.901993, 40.636583], [-74.907508, 40.634087], [-74.907723, 40.63399], [-74.908947, 40.63346], [-74.910383, 40.632903], [-74.911132, 40.632657], [-74.912168, 40.632358], [-74.912617, 40.632244], [-74.913497, 40.632037], [-74.914166, 40.631902], [-74.91518, 40.63174], [-74.916077, 40.631619], [-74.917079, 40.631525], [-74.917975, 40.63147], [-74.919184, 40.631441], [-74.919486, 40.631443], [-74.921033, 40.6315], [-74.922014, 40.63158], [-74.931848, 40.63274], [-74.937218, 40.633395], [-74.939371, 40.633642], [-74.941195, 40.633801], [-74.947022, 40.634254], [-74.94799, 40.634356], [-74.948476, 40.634423], [-74.949114, 40.634529], [-74.950147, 40.634726], [-74.95379, 40.635522], [-74.954844, 40.635736], [-74.95572, 40.635885], [-74.957417, 40.63609], [-74.958515, 40.636168], [-74.959687, 40.6362], [-74.960908, 40.636195], [-74.962456, 40.636091], [-74.963606, 40.635965], [-74.964575, 40.635829], [-74.966644, 40.635522], [-74.96828, 40.635303], [-74.968876, 40.635246], [-74.96993, 40.635187], [-74.970817, 40.63519], [-74.971944, 40.635251], [-74.972935, 40.635359], [-74.97353, 40.635451], [-74.974202, 40.635578], [-74.974855, 40.635732], [-74.975867, 40.636015], [-74.976553, 40.636245], [-74.977085, 40.636445], [-74.987728, 40.640785], [-74.987999, 40.640895], [-74.990033, 40.641701], [-74.990604, 40.641911], [-74.992632, 40.642569], [-74.994233, 40.643034], [-75.004005, 40.645861], [-75.004642, 40.646061], [-75.01158, 40.648426], [-75.012343, 40.648667], [-75.012922, 40.648832], [-75.013576, 40.648995], [-75.014155, 40.649132], [-75.014676, 40.649234], [-75.015931, 40.649444], [-75.01653, 40.649524], [-75.017509, 40.649625], [-75.018165, 40.649674], [-75.020039, 40.649785], [-75.030077, 40.650459], [-75.031081, 40.650541], [-75.031798, 40.650638], [-75.032075, 40.650691], [-75.032943, 40.650893], [-75.033609, 40.651091], [-75.034048, 40.651242], [-75.034494, 40.651422], [-75.035172, 40.651736], [-75.035743, 40.652039], [-75.035955, 40.652171], [-75.03675, 40.652711], [-75.037561, 40.653404], [-75.037926, 40.653793], [-75.038238, 40.654161], [-75.038652, 40.654748], [-75.040447, 40.657768], [-75.040631, 40.658048], [-75.04106, 40.658597], [-75.041591, 40.659158], [-75.041846, 40.659401], [-75.042278, 40.659761], [-75.042811, 40.660148], [-75.043511, 40.660587], [-75.043855, 40.660777], [-75.044436, 40.661055], [-75.044755, 40.661188], [-75.04564, 40.661518], [-75.046526, 40.661766], [-75.047123, 40.661897], [-75.047575, 40.661972], [-75.048205, 40.662052], [-75.048795, 40.662093], [-75.049569, 40.662116], [-75.050344, 40.662094], [-75.051016, 40.662037], [-75.052083, 40.66188], [-75.052499, 40.661792], [-75.05341, 40.661544], [-75.054264, 40.661249], [-75.056455, 40.660463], [-75.057475, 40.660099], [-75.058247, 40.659853], [-75.058934, 40.65967], [-75.059604, 40.659523], [-75.060316, 40.659402], [-75.061392, 40.659279], [-75.062435, 40.659227], [-75.063123, 40.659225], [-75.064258, 40.659279], [-75.06541, 40.659384], [-75.066478, 40.65953], [-75.070106, 40.660175], [-75.070458, 40.660238], [-75.070626, 40.660267], [-75.072176, 40.660522], [-75.074913, 40.661006], [-75.075549, 40.661136], [-75.077857, 40.661664], [-75.079319, 40.661995], [-75.079931, 40.662134], [-75.082587, 40.662719], [-75.085095, 40.663301], [-75.0869, 40.663754], [-75.087493, 40.663919], [-75.08901, 40.664391], [-75.090234, 40.664817], [-75.092086, 40.66555], [-75.093114, 40.666006], [-75.094271, 40.666569], [-75.096903, 40.667909], [-75.099953, 40.669368], [-75.100555, 40.66964], [-75.101359, 40.669971], [-75.103028, 40.670593], [-75.104083, 40.670936], [-75.105331, 40.671281], [-75.106091, 40.67148], [-75.106581, 40.671598], [-75.107944, 40.671879], [-75.10944, 40.672128], [-75.110242, 40.672237], [-75.111442, 40.672362], [-75.112908, 40.672473], [-75.113221, 40.67249], [-75.114521, 40.672522], [-75.115439, 40.672517], [-75.116495, 40.672491], [-75.118184, 40.672381], [-75.127719, 40.671522], [-75.128505, 40.671461], [-75.12942, 40.671376], [-75.130629, 40.671209], [-75.13215, 40.670874], [-75.13303, 40.67063], [-75.134141, 40.67029], [-75.134523, 40.670164], [-75.134928, 40.67001], [-75.135798, 40.669667], [-75.136387, 40.669389], [-75.136789, 40.669171], [-75.137449, 40.668799], [-75.137983, 40.668449], [-75.138445, 40.668104], [-75.138856, 40.667747], [-75.139319, 40.667307], [-75.13965, 40.66693], [-75.139908, 40.666603], [-75.140176, 40.666233], [-75.140451, 40.66578], [-75.140672, 40.665349], [-75.141327, 40.663742], [-75.141722, 40.662845], [-75.142046, 40.662201], [-75.142428, 40.661516], [-75.143078, 40.660485], [-75.143695, 40.659621], [-75.144029, 40.659183], [-75.144508, 40.65861], [-75.14511, 40.657929], [-75.145498, 40.657523], [-75.146452, 40.656598], [-75.146977, 40.656145], [-75.147881, 40.655409], [-75.148562, 40.654894], [-75.149785, 40.654061], [-75.150348, 40.65371], [-75.151491, 40.653052], [-75.152699, 40.652433], [-75.153414, 40.652097], [-75.154572, 40.6516], [-75.155373, 40.651293], [-75.155945, 40.651104], [-75.156664, 40.650909], [-75.157062, 40.650821], [-75.157531, 40.650732], [-75.158498, 40.650599], [-75.15894, 40.650561], [-75.159618, 40.650533], [-75.160527, 40.650545], [-75.161092, 40.650582], [-75.161998, 40.650692], [-75.162772, 40.650836], [-75.163227, 40.650937], [-75.164107, 40.651199], [-75.164579, 40.65136], [-75.165647, 40.651816], [-75.166746, 40.652348], [-75.168221, 40.653285], [-75.168809, 40.653745], [-75.169531, 40.654389], [-75.170292, 40.655193], [-75.17052, 40.65546], [-75.171352, 40.656664], [-75.171686, 40.657274], [-75.171864, 40.657643], [-75.171999, 40.657963], [-75.172228, 40.658639], [-75.174389, 40.666918], [-75.17468, 40.668004], [-75.174889, 40.66859], [-75.175039, 40.668926], [-75.175222, 40.669248], [-75.175676, 40.669889], [-75.176768, 40.671191], [-75.177771, 40.672332], [-75.17932, 40.674023], [-75.179827, 40.67457], [-75.180224, 40.674953], [-75.180652, 40.675281], [-75.181018, 40.675553], [-75.181429, 40.675817], [-75.181849, 40.676044], [-75.182294, 40.676258], [-75.182723, 40.676436], [-75.183258, 40.676627], [-75.183799, 40.676781], [-75.18447, 40.676932], [-75.185199, 40.677042], [-75.185913, 40.677107], [-75.186664, 40.677127], [-75.189571, 40.677119], [-75.191165, 40.67705], [-75.192629, 40.676924], [-75.193474, 40.676808], [-75.194822, 40.676561], [-75.195575, 40.676386], [-75.196967, 40.676022], [-75.199499, 40.675238], [-75.202192, 40.674366], [-75.204029, 40.6738], [-75.206717, 40.672957], [-75.207684, 40.672659], [-75.21203, 40.671211], [-75.21279, 40.670992], [-75.213763, 40.670748], [-75.214612, 40.670549], [-75.215624, 40.670342], [-75.216837, 40.670132], [-75.219647, 40.669713], [-75.225467, 40.668868], [-75.227364, 40.668593], [-75.22794, 40.668494], [-75.228715, 40.668313], [-75.229287, 40.668144], [-75.230059, 40.667853], [-75.230799, 40.667497], [-75.231242, 40.667232], [-75.231891, 40.666781], [-75.232438, 40.666321], [-75.232819, 40.665936], [-75.233219, 40.665454], [-75.233436, 40.665149], [-75.233618, 40.664856], [-75.233795, 40.664524], [-75.234091, 40.663812], [-75.234643, 40.662081], [-75.234932, 40.661183], [-75.235429, 40.659776], [-75.235593, 40.659363], [-75.23578, 40.658954], [-75.23599, 40.658555], [-75.236215, 40.658164], [-75.236459, 40.657794], [-75.236738, 40.657409], [-75.237033, 40.657041], [-75.237341, 40.656683], [-75.237685, 40.656325], [-75.238377, 40.655676], [-75.239173, 40.655059], [-75.239809, 40.654631], [-75.240571, 40.654176], [-75.250189, 40.648899], [-75.252767, 40.647542], [-75.253649, 40.647111], [-75.256408, 40.645928], [-75.257538, 40.645467], [-75.261127, 40.643996], [-75.26599, 40.64201], [-75.268231, 40.641086], [-75.269463, 40.640546], [-75.270093, 40.640247], [-75.270691, 40.63993], [-75.271337, 40.639562], [-75.271944, 40.639189], [-75.272797, 40.638618], [-75.273426, 40.638152], [-75.273912, 40.637762], [-75.274408, 40.637334], [-75.274892, 40.636881], [-75.275386, 40.636385], [-75.275836, 40.635896], [-75.276228, 40.635444], [-75.276609, 40.634952], [-75.276904, 40.634537], [-75.277472, 40.633657], [-75.27825, 40.632327], [-75.278475, 40.631928], [-75.278819, 40.631317], [-75.281872, 40.625925], [-75.282593, 40.624668], [-75.282881, 40.624227], [-75.283553, 40.623346], [-75.284335, 40.622482], [-75.2867, 40.62025], [-75.291306, 40.615914], [-75.292516, 40.61475], [-75.293315, 40.61392], [-75.294018, 40.613148], [-75.297432, 40.609173], [-75.298068, 40.60848], [-75.299342, 40.607334], [-75.29983, 40.606968], [-75.300711, 40.606362], [-75.301899, 40.605668], [-75.303125, 40.605091], [-75.304492, 40.604547], [-75.306126, 40.604045], [-75.310721, 40.602672], [-75.312208, 40.602151], [-75.313961, 40.601433], [-75.315442, 40.600721], [-75.316649, 40.600073], [-75.319277, 40.598595], [-75.319728, 40.598346], [-75.320286, 40.598028], [-75.321472, 40.597429], [-75.322775, 40.596872], [-75.324095, 40.596448], [-75.324937, 40.596195], [-75.326391, 40.59591], [-75.327522, 40.595711], [-75.328597, 40.595626], [-75.329316, 40.595607], [-75.329926, 40.595601], [-75.331095, 40.595621], [-75.331986, 40.595666], [-75.339196, 40.596419], [-75.340091, 40.59649], [-75.340797, 40.596555], [-75.342263, 40.596681], [-75.343084, 40.596737], [-75.343883, 40.596764], [-75.345057, 40.596764], [-75.345721, 40.596747], [-75.347403, 40.596621], [-75.348456, 40.596488], [-75.349535, 40.596303], [-75.350182, 40.596175], [-75.350739, 40.596047], [-75.356394, 40.594823], [-75.360278, 40.593947], [-75.362133, 40.593471], [-75.368147, 40.591311], [-75.368791, 40.591112], [-75.372991, 40.589805], [-75.379546, 40.587817], [-75.380909, 40.587335], [-75.381931, 40.586942], [-75.382433, 40.586732], [-75.383554, 40.586097], [-75.384611, 40.585351], [-75.385394, 40.584618], [-75.386225, 40.583693], [-75.386858, 40.582695], [-75.38726, 40.581885], [-75.387496, 40.581243], [-75.388435, 40.577936], [-75.388649, 40.57727], [-75.38876, 40.576983], [-75.389001, 40.576466], [-75.389282, 40.575979], [-75.389477, 40.575696], [-75.390101, 40.574919], [-75.390681, 40.574339], [-75.391054, 40.574024], [-75.391747, 40.573515], [-75.392134, 40.573269], [-75.392667, 40.572966], [-75.393334, 40.572649], [-75.394047, 40.57236], [-75.394818, 40.572109], [-75.395594, 40.57191], [-75.400702, 40.570786], [-75.401867, 40.570508], [-75.402632, 40.570297], [-75.403282, 40.570109], [-75.40409, 40.56985], [-75.405224, 40.569447], [-75.406405, 40.568974], [-75.407643, 40.568419], [-75.408965, 40.567747], [-75.409981, 40.56717], [-75.410498, 40.566853], [-75.41897, 40.561348], [-75.423982, 40.558078], [-75.425246, 40.557247], [-75.427508, 40.55576], [-75.427998, 40.555493], [-75.428674, 40.555202], [-75.429355, 40.554971], [-75.429975, 40.554829], [-75.4306, 40.554725], [-75.431123, 40.554672], [-75.431683, 40.554649], [-75.432175, 40.554662], [-75.432641, 40.5547], [-75.433081, 40.554753], [-75.433583, 40.554837], [-75.434074, 40.554955], [-75.434559, 40.555104], [-75.435162, 40.555335], [-75.439188, 40.557063], [-75.439952, 40.557394], [-75.442318, 40.558415], [-75.443402, 40.558807], [-75.444931, 40.559253], [-75.44565, 40.559423], [-75.452246, 40.560743], [-75.457108, 40.561583], [-75.458595, 40.561816], [-75.46066, 40.562094], [-75.471262, 40.56318], [-75.475781, 40.563631], [-75.476191, 40.563672], [-75.478483, 40.563906], [-75.479272, 40.563988], [-75.482259, 40.564284], [-75.482905, 40.564349], [-75.484347, 40.564479], [-75.485214, 40.56457], [-75.487725, 40.564832], [-75.48816, 40.564895], [-75.491771, 40.565338], [-75.497195, 40.565886], [-75.497772, 40.565932], [-75.501863, 40.566253], [-75.504733, 40.566506], [-75.512968, 40.56734], [-75.513264, 40.56737], [-75.518465, 40.567887], [-75.519109, 40.567955], [-75.521403, 40.568188], [-75.526467, 40.5687], [-75.529128, 40.568931], [-75.531145, 40.569241], [-75.533269, 40.569751], [-75.533666, 40.569869], [-75.534658, 40.570162], [-75.535431, 40.570428], [-75.536152, 40.570704], [-75.538968, 40.571982], [-75.539452, 40.572209], [-75.539914, 40.572415], [-75.543079, 40.573892], [-75.543594, 40.574146], [-75.548337, 40.576292], [-75.550848, 40.57741], [-75.551607, 40.577734], [-75.552311, 40.577965], [-75.553129, 40.578148], [-75.553679, 40.578224], [-75.558011, 40.578701], [-75.558522, 40.578762], [-75.559052, 40.578832], [-75.559544, 40.578916], [-75.560012, 40.579005], [-75.561132, 40.579262], [-75.562634, 40.579688], [-75.56406, 40.58021], [-75.565779, 40.580996], [-75.567955, 40.582056], [-75.573842, 40.584878], [-75.574736, 40.585273], [-75.576402, 40.585939], [-75.577829, 40.586395], [-75.581517, 40.587426], [-75.587029, 40.588901], [-75.587576, 40.589033], [-75.587796, 40.589075], [-75.58846, 40.589177], [-75.58901, 40.589215], [-75.589277, 40.589219], [-75.589499, 40.589216], [-75.590077, 40.589178], [-75.590643, 40.589097], [-75.590929, 40.589039], [-75.591487, 40.588892], [-75.592483, 40.588558], [-75.59348, 40.588133], [-75.594599, 40.587639], [-75.601236, 40.584807], [-75.602254, 40.584411], [-75.602455, 40.584339], [-75.603024, 40.584144], [-75.603152, 40.584102], [-75.604391, 40.583741], [-75.605202, 40.583543], [-75.606035, 40.583368], [-75.607767, 40.58305], [-75.610771, 40.582499], [-75.618636, 40.581048], [-75.619988, 40.580799], [-75.620875, 40.58062], [-75.622723, 40.580281], [-75.624132, 40.580022], [-75.624583, 40.579939], [-75.625327, 40.579803], [-75.628288, 40.579259], [-75.63056, 40.578842], [-75.640366, 40.577043], [-75.648638, 40.575528], [-75.649199, 40.57544], [-75.650341, 40.575301], [-75.65148, 40.575214], [-75.652624, 40.57517], [-75.653198, 40.575169], [-75.653772, 40.575179], [-75.654917, 40.575237], [-75.656677, 40.575387], [-75.656796, 40.575398], [-75.669523, 40.57654], [-75.670672, 40.576665], [-75.673932, 40.577092], [-75.674344, 40.577156], [-75.675284, 40.577317], [-75.680959, 40.578391], [-75.682099, 40.578565], [-75.68325, 40.578688], [-75.684407, 40.578759], [-75.693212, 40.579042], [-75.694644, 40.579112], [-75.703338, 40.579822], [-75.70456, 40.579923], [-75.712114, 40.580548], [-75.714203, 40.580721], [-75.72299, 40.581446], [-75.72357, 40.58148], [-75.724145, 40.581492], [-75.724737, 40.581478], [-75.725319, 40.581435], [-75.725901, 40.581368], [-75.726462, 40.581275], [-75.727024, 40.581156], [-75.727579, 40.581013], [-75.728864, 40.580598], [-75.729139, 40.580506], [-75.730694, 40.579989], [-75.731408, 40.579751], [-75.731953, 40.579576], [-75.732486, 40.579431], [-75.733036, 40.579311], [-75.733594, 40.579222], [-75.73444, 40.579146], [-75.73607, 40.579108], [-75.740772, 40.579046], [-75.741935, 40.579003], [-75.743074, 40.578911], [-75.743677, 40.578845], [-75.745996, 40.578531], [-75.746118, 40.578515], [-75.749318, 40.578081], [-75.754486, 40.577382], [-75.761044, 40.576499], [-75.762453, 40.576346], [-75.763893, 40.57623], [-75.764573, 40.57619], [-75.764678, 40.576184], [-75.766668, 40.576115], [-75.767315, 40.576107], [-75.768731, 40.576121], [-75.76944, 40.57614], [-75.77886, 40.576567], [-75.78298, 40.576754], [-75.783184, 40.576763], [-75.789211, 40.577036], [-75.791854, 40.577156], [-75.793555, 40.577233], [-75.797884, 40.577422], [-75.802305, 40.577535], [-75.803965, 40.577578], [-75.809513, 40.577721], [-75.811017, 40.577767], [-75.811687, 40.577812], [-75.812902, 40.577932], [-75.814019, 40.578097], [-75.822571, 40.579599], [-75.823419, 40.579724], [-75.824704, 40.579861], [-75.825561, 40.579919], [-75.82686, 40.579952], [-75.827879, 40.579932], [-75.828327, 40.579916], [-75.841056, 40.57943], [-75.842217, 40.579364], [-75.843366, 40.57925], [-75.854845, 40.57775], [-75.856051, 40.577566], [-75.856883, 40.57741], [-75.857717, 40.577223], [-75.86274, 40.57589], [-75.864342, 40.57549], [-75.865998, 40.575107], [-75.868496, 40.574583], [-75.870155, 40.57427], [-75.872418, 40.573904], [-75.872827, 40.573854], [-75.873666, 40.573787], [-75.874097, 40.57377], [-75.874902, 40.573769], [-75.875511, 40.573799], [-75.876636, 40.573917], [-75.877455, 40.574057], [-75.878223, 40.574229], [-75.882491, 40.575287], [-75.885945, 40.576142], [-75.888167, 40.576693], [-75.888616, 40.576804], [-75.889527, 40.577029], [-75.889803, 40.577178], [-75.889917, 40.577281], [-75.889953, 40.57741], [-75.889921, 40.577505], [-75.889857, 40.577582], [-75.889761, 40.577643], [-75.889644, 40.577679], [-75.888662, 40.577855], [-75.888446, 40.577893], [-75.888373, 40.577931], [-75.88849, 40.5783], [-75.888954, 40.579764], [-75.889094, 40.5801], [-75.889503, 40.580768], [-75.889669, 40.580985], [-75.889891, 40.581231], [-75.89024, 40.581546], [-75.891007, 40.582167], [-75.89236, 40.583615], [-75.893277, 40.584398], [-75.893476, 40.584552], [-75.89388, 40.584808], [-75.894338, 40.585233], [-75.894731, 40.585658], [-75.89505, 40.586103], [-75.896827, 40.585474], [-75.897155, 40.58534], [-75.897303, 40.585334], [-75.897988, 40.585364], [-75.898911, 40.585282], [-75.89984, 40.585221], [-75.899981, 40.585202], [-75.902644, 40.58463], [-75.902747, 40.584624], [-75.902949, 40.584662], [-75.903104, 40.584745], [-75.903211, 40.584901], [-75.903242, 40.585053], [-75.903297, 40.585184], [-75.903386, 40.585318], [-75.903518, 40.585455], [-75.904145, 40.585899], [-75.904239, 40.585951], [-75.904466, 40.586053], [-75.905203, 40.586292], [-75.905592, 40.586475], [-75.906717, 40.587205], [-75.90685, 40.587275], [-75.907205, 40.587421], [-75.908195, 40.587765], [-75.908292, 40.587786], [-75.908373, 40.587993], [-75.9085, 40.588599], [-75.908607, 40.589006], [-75.908868, 40.590016], [-75.909072, 40.590067], [-75.909401, 40.590175]], "type": "LineString"}}], "metadata": {"attribution": "openrouteservice.org | OpenStreetMap contributors", "service": "routing", "timestamp": 1769468445769, "query": {"coordinates": [[-68.963113, 45.834989], [-75.9094401, 40.590105199999996]], "profile": "driving-car", "profileName": "driving-car", "format": "geojson"}, "engine": {"version": "9.5.0", "build_date": "2025-10-31T12:33:09Z", "graph_date": "2026-01-25T11:10:32Z", "osm_date": "2026-01-19T01:00:01Z"}}}