{"type": "FeatureCollection", "bbox": [-73.830032, 41.383462, -68.522979, 45.83502], "features": [{"bbox": [-73.830032, 41.383462, -68.522979, 45.83502], "type": "Feature", "properties": {"segments": [{"distance": 815876.8, "duration": 33628.0, "steps": [{"distance": 11653.1, "duration": 697.4, "type": 11, "instruction": "Head east on Golden Road", "name": "Golden Road", "way_points": [0, 94]}, {"distance": 68.3, "duration": 9.8, "type": 0, "instruction": "Turn left", "name": "-", "way_points": [94, 95]}, {"distance": 17978.4, "duration": 1139.9, "type": 1, "instruction": "Turn right onto Baxter Park Road, ITS 85, ITS 86", "name": "Baxter Park Road, ITS 85, ITS 86", "way_points": [95, 300]}, {"distance": 275.5, "duration": 28.3, "type": 5, "instruction": "Turn slight right onto Katahdin Avenue", "name": "Katahdin Avenue", "way_points": [300, 302]}, {"distance": 17940.5, "duration": 1202.0, "type": 0, "instruction": "Turn left onto Central Street, ME 11, ME 157", "name": "Central Street, ME 11, ME 157", "way_points": [302, 494]}, {"distance": 226937.4, "duration": 8035.8, "type": 13, "instruction": "Keep right", "name": "-", "way_points": [494, 1315]}, {"distance": 66551.1, "duration": 2518.0, "type": 13, "instruction": "Keep right onto I 295", "name": "I 295", "way_points": [1315, 1625]}, {"distance": 2068.0, "duration": 101.1, "type": 13, "instruction": "Keep right", "name": "-", "way_points": [1625, 1653]}, {"distance": 4083.6, "duration": 205.6, "type": 12, "instruction": "Keep left onto Falmouth Spur", "name": "Falmouth Spur", "way_points": [1653, 1671]}, {"distance": 98383.6, "duration": 3905.1, "type": 12, "instruction": "Keep left", "name": "-", "way_points": [1671, 1986]}, {"distance": 12347.0, "duration": 467.9, "type": 12, "instruction": "Keep left onto Blue Star Turnpike, I 95", "name": "Blue Star Turnpike, I 95", "way_points": [1986, 2026]}, {"distance": 49186.2, "duration": 2050.9, "type": 13, "instruction": "Keep right onto I 495", "name": "I 495", "way_points": [2026, 2389]}, {"distance": 324.8, "duration": 12.3, "type": 13, "instruction": "Keep right", "name": "-", "way_points": [2389, 2391]}, {"distance": 401.3, "duration": 15.2, "type": 12, "instruction": "Keep left", "name": "-", "way_points": [2391, 2395]}, {"distance": 587.4, "duration": 22.3, "type": 12, "instruction": "Keep left", "name": "-", "way_points": [2395, 2403]}, {"distance": 50392.8, "duration": 1909.6, "type": 12, "instruction": "Keep left", "name": "-", "way_points": [2403, 2685]}, {"distance": 376.3, "duration": 34.9, "type": 13, "instruction": "Keep right", "name": "-", "way_points": [2685, 2695]}, {"distance": 44464.1, "duration": 1719.0, "type": 12, "instruction": "Keep left", "name": "-", "way_points": [2695, 3002]}, {"distance": 53989.8, "duration": 2061.6, "type": 13, "instruction": "Keep right onto Wilbur Cross Highway, I 84", "name": "Wilbur Cross Highway, I 84", "way_points": [3002, 3305]}, {"distance": 37183.2, "duration": 1863.8, "type": 6, "instruction": "Continue straight onto I 84", "name": "I 84", "way_points": [3305, 3653]}, {"distance": 73613.5, "duration": 3313.9, "type": 12, "instruction": "Keep left onto I 84", "name": "I 84", "way_points": [3653, 4326]}, {"distance": 36200.5, "duration": 1647.4, "type": 13, "instruction": "Keep right onto I 84", "name": "I 84", "way_points": [4326, 4619]}, {"distance": 9765.9, "duration": 566.7, "type": 13, "instruction": "Keep right", "name": "-", "way_points": [4619, 4777]}, {"distance": 153.1, "duration": 15.8, "type": 1, "instruction": "Turn right", "name": "-", "way_points": [4777, 4785]}, {"distance": 897.5, "duration": 70.8, "type": 1, "instruction": "Turn right onto Cold Spring Turnpike, NY 301", "name": "Cold Spring Turnpike, NY 301", "way_points": [4785, 4801]}, {"distance": 54.0, "duration": 13.0, "type": 1, "instruction": "Turn right", "name": "-", "way_points": [4801, 4805]}, {"distance": 0.0, "duration": 0.0, "type": 10, "instruction": "Arrive at your destination, on the left", "name": "-", "way_points": [4805, 4805]}]}], "way_points": [0, 4805], "summary": {"distance": 815876.8, "duration": 33628.0}}, "geometry": {"coordinates": [[-68.963097, 45.83502], [-68.962909, 45.834975], [-68.962427, 45.834801], [-68.962133, 45.834662], [-68.961942, 45.834566], [-68.961555, 45.834295], [-68.961278, 45.834045], [-68.961034, 45.833733], [-68.960855, 45.833401], [-68.960729, 45.833053], [-68.960676, 45.832698], [-68.960691, 45.832343], [-68.960761, 45.831992], [-68.961036, 45.83094], [-68.961942, 45.828071], [-68.962113, 45.827457], [-68.962166, 45.827101], [-68.962165, 45.826889], [-68.962134, 45.826679], [-68.962074, 45.826471], [-68.961985, 45.826266], [-68.961872, 45.826064], [-68.961382, 45.825438], [-68.960326, 45.824214], [-68.959668, 45.823502], [-68.957301, 45.82093], [-68.957018, 45.820636], [-68.956613, 45.82026], [-68.956153, 45.819899], [-68.955732, 45.819613], [-68.955397, 45.819411], [-68.954982, 45.819195], [-68.954547, 45.819005], [-68.95105, 45.817531], [-68.946169, 45.815507], [-68.940938, 45.813369], [-68.939258, 45.812642], [-68.938194, 45.812212], [-68.937901, 45.812084], [-68.937115, 45.811657], [-68.936014, 45.811079], [-68.933943, 45.809832], [-68.933274, 45.809467], [-68.932419, 45.809049], [-68.929422, 45.807649], [-68.927337, 45.806631], [-68.925794, 45.805831], [-68.925274, 45.80556], [-68.924843, 45.805383], [-68.924427, 45.805175], [-68.922774, 45.804333], [-68.921784, 45.803806], [-68.920754, 45.803221], [-68.918826, 45.802052], [-68.918038, 45.801623], [-68.916501, 45.800686], [-68.91316, 45.798593], [-68.911439, 45.797566], [-68.909154, 45.796154], [-68.908408, 45.795666], [-68.906486, 45.794493], [-68.905007, 45.793503], [-68.90426, 45.792978], [-68.902641, 45.791861], [-68.900232, 45.790242], [-68.899141, 45.78948], [-68.897455, 45.788265], [-68.896626, 45.787692], [-68.896287, 45.78742], [-68.895992, 45.787126], [-68.89575, 45.786811], [-68.895554, 45.78648], [-68.894915, 45.785111], [-68.894473, 45.784085], [-68.894156, 45.783408], [-68.892521, 45.77965], [-68.89161, 45.777609], [-68.891255, 45.776921], [-68.890954, 45.776529], [-68.890673, 45.776236], [-68.889481, 45.775099], [-68.889069, 45.774738], [-68.886591, 45.772681], [-68.885503, 45.771812], [-68.884391, 45.771133], [-68.882819, 45.77013], [-68.882218, 45.769684], [-68.881807, 45.769381], [-68.87986, 45.768015], [-68.875356, 45.764809], [-68.873903, 45.763806], [-68.871365, 45.762011], [-68.870867, 45.761678], [-68.870496, 45.761414], [-68.86833, 45.759868], [-68.867799, 45.760359], [-68.866473, 45.759717], [-68.8643, 45.758702], [-68.863688, 45.758522], [-68.862584, 45.75831], [-68.862352, 45.758227], [-68.862163, 45.758111], [-68.861465, 45.757345], [-68.861156, 45.757065], [-68.860742, 45.756813], [-68.860183, 45.756552], [-68.859314, 45.756182], [-68.858616, 45.755822], [-68.857591, 45.755202], [-68.857368, 45.755041], [-68.857176, 45.75487], [-68.856997, 45.754663], [-68.856858, 45.75444], [-68.856518, 45.753747], [-68.856378, 45.753271], [-68.856249, 45.752044], [-68.85631, 45.751061], [-68.856282, 45.750568], [-68.856178, 45.750079], [-68.856015, 45.749599], [-68.855793, 45.749131], [-68.855507, 45.748676], [-68.855192, 45.748235], [-68.854507, 45.747374], [-68.852939, 45.745742], [-68.852214, 45.744902], [-68.851568, 45.744032], [-68.851166, 45.743395], [-68.850577, 45.742417], [-68.850172, 45.741773], [-68.847918, 45.738722], [-68.847552, 45.738298], [-68.847358, 45.738132], [-68.847138, 45.737983], [-68.846911, 45.737844], [-68.846308, 45.737586], [-68.843611, 45.737046], [-68.842987, 45.736836], [-68.842473, 45.73651], [-68.842043, 45.736123], [-68.841656, 45.735714], [-68.841176, 45.735347], [-68.840571, 45.735093], [-68.839892, 45.734884], [-68.839394, 45.734599], [-68.838928, 45.734209], [-68.838755, 45.734043], [-68.838647, 45.733851], [-68.838553, 45.733224], [-68.838372, 45.732743], [-68.838215, 45.732237], [-68.838204, 45.732064], [-68.838233, 45.731857], [-68.838339, 45.731596], [-68.838675, 45.731005], [-68.838746, 45.730748], [-68.838758, 45.730527], [-68.838753, 45.730478], [-68.838726, 45.730358], [-68.838652, 45.730198], [-68.838352, 45.729749], [-68.838269, 45.729634], [-68.838069, 45.729302], [-68.837946, 45.729007], [-68.837845, 45.728714], [-68.83773, 45.728272], [-68.837675, 45.727964], [-68.837631, 45.727542], [-68.837625, 45.727332], [-68.837667, 45.726677], [-68.837633, 45.726139], [-68.837582, 45.725967], [-68.837441, 45.725626], [-68.837257, 45.725294], [-68.836973, 45.724848], [-68.836309, 45.723815], [-68.835605, 45.72267], [-68.835368, 45.722351], [-68.835103, 45.722039], [-68.834839, 45.721756], [-68.834506, 45.721483], [-68.834284, 45.72133], [-68.83406, 45.721208], [-68.833597, 45.720969], [-68.833171, 45.720776], [-68.831836, 45.720205], [-68.831021, 45.719821], [-68.830635, 45.719598], [-68.830258, 45.719354], [-68.829903, 45.719096], [-68.829571, 45.718822], [-68.829263, 45.718537], [-68.828978, 45.718236], [-68.828734, 45.717926], [-68.828303, 45.717288], [-68.825288, 45.712495], [-68.824677, 45.711588], [-68.823885, 45.710722], [-68.822701, 45.709962], [-68.819887, 45.7086], [-68.818771, 45.70781], [-68.816204, 45.705655], [-68.814856, 45.704741], [-68.814082, 45.704247], [-68.813634, 45.703985], [-68.81295, 45.703642], [-68.812417, 45.703425], [-68.811275, 45.703093], [-68.808733, 45.702502], [-68.807857, 45.702122], [-68.806229, 45.700736], [-68.80414, 45.698926], [-68.802235, 45.697124], [-68.802024, 45.696904], [-68.799854, 45.694648], [-68.79893, 45.693898], [-68.798094, 45.693478], [-68.796769, 45.693044], [-68.795534, 45.692941], [-68.795019, 45.692898], [-68.792577, 45.692715], [-68.791649, 45.692573], [-68.790215, 45.692262], [-68.789038, 45.691937], [-68.786843, 45.691059], [-68.784297, 45.689886], [-68.782759, 45.689196], [-68.778452, 45.687479], [-68.776749, 45.68683], [-68.775959, 45.68651], [-68.77559, 45.686366], [-68.775124, 45.686119], [-68.774593, 45.68574], [-68.773746, 45.685051], [-68.773082, 45.684608], [-68.772604, 45.684358], [-68.771375, 45.683994], [-68.766466, 45.682741], [-68.766093, 45.682607], [-68.761513, 45.680972], [-68.760701, 45.680659], [-68.760405, 45.680522], [-68.759187, 45.679736], [-68.758819, 45.679514], [-68.758419, 45.679305], [-68.757845, 45.679125], [-68.756982, 45.678983], [-68.755571, 45.679062], [-68.748598, 45.680433], [-68.747718, 45.680524], [-68.746789, 45.680471], [-68.745888, 45.680242], [-68.742953, 45.679272], [-68.739413, 45.67814], [-68.737551, 45.677877], [-68.736321, 45.677807], [-68.734746, 45.677308], [-68.732772, 45.676674], [-68.731302, 45.676383], [-68.729494, 45.676108], [-68.725992, 45.675652], [-68.724718, 45.67548], [-68.724373, 45.675418], [-68.723648, 45.67525], [-68.722348, 45.674718], [-68.721732, 45.674436], [-68.721266, 45.674151], [-68.720955, 45.673879], [-68.720688, 45.673553], [-68.720433, 45.67314], [-68.720315, 45.672709], [-68.720251, 45.672272], [-68.720199, 45.671659], [-68.720184, 45.67131], [-68.720171, 45.671011], [-68.720158, 45.670858], [-68.720068, 45.669343], [-68.719999, 45.668714], [-68.719943, 45.668316], [-68.719909, 45.668199], [-68.719896, 45.668154], [-68.719577, 45.667405], [-68.719055, 45.666809], [-68.718653, 45.66641], [-68.718371, 45.666168], [-68.716694, 45.66472], [-68.716513, 45.664572], [-68.716362, 45.66445], [-68.716132, 45.664263], [-68.715974, 45.664134], [-68.715797, 45.663984], [-68.715593, 45.663796], [-68.715463, 45.663664], [-68.71451, 45.662503], [-68.713964, 45.661815], [-68.713537, 45.661297], [-68.713422, 45.661213], [-68.713209, 45.661102], [-68.71308, 45.661021], [-68.712902, 45.660884], [-68.712817, 45.660746], [-68.712768, 45.659276], [-68.71272, 45.658269], [-68.712538, 45.658255], [-68.712308, 45.658168], [-68.71147, 45.657813], [-68.710291, 45.65736], [-68.710193, 45.657341], [-68.710039, 45.657328], [-68.70916, 45.65734], [-68.708112, 45.657365], [-68.707192, 45.657387], [-68.70622, 45.657412], [-68.705234, 45.657437], [-68.704841, 45.65745], [-68.704482, 45.657459], [-68.703269, 45.657485], [-68.702556, 45.657487], [-68.702309, 45.657488], [-68.700171, 45.65747], [-68.699423, 45.657457], [-68.699099, 45.657452], [-68.696323, 45.657405], [-68.694735, 45.657369], [-68.692114, 45.657337], [-68.692091, 45.657337], [-68.691607, 45.65733], [-68.691487, 45.657328], [-68.690614, 45.657315], [-68.690483, 45.657313], [-68.688791, 45.657285], [-68.687445, 45.657261], [-68.686006, 45.657236], [-68.684034, 45.657202], [-68.683475, 45.657191], [-68.678996, 45.657111], [-68.678766, 45.657107], [-68.678299, 45.657099], [-68.678174, 45.657096], [-68.675664, 45.657048], [-68.664045, 45.656859], [-68.658766, 45.65677], [-68.65697, 45.656778], [-68.656552, 45.656803], [-68.655175, 45.656883], [-68.653916, 45.65703], [-68.653359, 45.657118], [-68.651471, 45.657455], [-68.650796, 45.657611], [-68.649289, 45.658011], [-68.647951, 45.658458], [-68.645982, 45.659251], [-68.642201, 45.661024], [-68.640832, 45.661606], [-68.639276, 45.662268], [-68.636545, 45.663394], [-68.636365, 45.663469], [-68.635058, 45.663936], [-68.632499, 45.664716], [-68.631494, 45.665005], [-68.630995, 45.66513], [-68.630496, 45.665208], [-68.630058, 45.665242], [-68.629588, 45.665255], [-68.629258, 45.665245], [-68.628707, 45.665183], [-68.628473, 45.665151], [-68.627986, 45.665043], [-68.627504, 45.664909], [-68.627096, 45.664756], [-68.626876, 45.66466], [-68.626493, 45.664452], [-68.62431, 45.663037], [-68.623811, 45.662771], [-68.623513, 45.662639], [-68.623165, 45.662523], [-68.622827, 45.662427], [-68.62244, 45.662339], [-68.621716, 45.662225], [-68.621498, 45.662194], [-68.620481, 45.662044], [-68.620271, 45.662008], [-68.619973, 45.661963], [-68.619287, 45.661829], [-68.618867, 45.661726], [-68.618313, 45.66156], [-68.617241, 45.661145], [-68.616999, 45.661034], [-68.616361, 45.660689], [-68.61583, 45.660338], [-68.614888, 45.659633], [-68.611098, 45.656459], [-68.610226, 45.655733], [-68.608854, 45.654592], [-68.60794, 45.653655], [-68.607602, 45.653166], [-68.607288, 45.652672], [-68.606815, 45.651744], [-68.606075, 45.649598], [-68.604579, 45.645656], [-68.604347, 45.645188], [-68.604188, 45.644913], [-68.604119, 45.644794], [-68.602813, 45.642757], [-68.601614, 45.64103], [-68.599986, 45.638567], [-68.599296, 45.637594], [-68.597832, 45.635399], [-68.597144, 45.6344], [-68.596583, 45.633696], [-68.596304, 45.633367], [-68.595984, 45.633032], [-68.595325, 45.63246], [-68.594888, 45.632129], [-68.594041, 45.631596], [-68.593754, 45.631446], [-68.592644, 45.630881], [-68.592029, 45.630651], [-68.58901, 45.6297], [-68.585007, 45.628437], [-68.584448, 45.628256], [-68.580542, 45.627006], [-68.579394, 45.626629], [-68.578276, 45.626269], [-68.577838, 45.626148], [-68.577544, 45.626068], [-68.577122, 45.625951], [-68.576968, 45.625909], [-68.57636, 45.625744], [-68.57631, 45.62573], [-68.575947, 45.625632], [-68.575859, 45.625609], [-68.575701, 45.625568], [-68.575, 45.625388], [-68.574793, 45.625348], [-68.574435, 45.62526], [-68.573654, 45.625138], [-68.573214, 45.625072], [-68.572311, 45.624908], [-68.571706, 45.624737], [-68.571002, 45.624501], [-68.569859, 45.624029], [-68.569412, 45.623819], [-68.569012, 45.623598], [-68.568708, 45.623402], [-68.568327, 45.623129], [-68.56756, 45.622514], [-68.566888, 45.621951], [-68.566152, 45.621369], [-68.565356, 45.620837], [-68.564714, 45.620482], [-68.564219, 45.620224], [-68.563709, 45.619972], [-68.563338, 45.619784], [-68.562731, 45.619475], [-68.562332, 45.619291], [-68.559609, 45.617912], [-68.559019, 45.617652], [-68.558402, 45.617406], [-68.555597, 45.616604], [-68.554425, 45.616281], [-68.553882, 45.616101], [-68.553401, 45.615921], [-68.552837, 45.615686], [-68.552285, 45.615427], [-68.551826, 45.615185], [-68.550711, 45.614598], [-68.548899, 45.613706], [-68.548168, 45.613449], [-68.547758, 45.613337], [-68.546967, 45.613186], [-68.545986, 45.613067], [-68.54524, 45.613045], [-68.544463, 45.613067], [-68.542028, 45.613204], [-68.539902, 45.613277], [-68.538438, 45.613329], [-68.536378, 45.613395], [-68.533867, 45.613439], [-68.53346, 45.613431], [-68.533058, 45.613401], [-68.532894, 45.613372], [-68.532416, 45.613247], [-68.531895, 45.61309], [-68.530153, 45.612473], [-68.529892, 45.612372], [-68.525784, 45.610863], [-68.525191, 45.61057], [-68.524827, 45.610314], [-68.524293, 45.609905], [-68.523965, 45.609558], [-68.523818, 45.609369], [-68.523434, 45.608798], [-68.523108, 45.608373], [-68.523051, 45.608286], [-68.522988, 45.607887], [-68.522979, 45.607661], [-68.523055, 45.607255], [-68.523355, 45.606775], [-68.523709, 45.606392], [-68.525007, 45.605251], [-68.526974, 45.603789], [-68.529949, 45.601567], [-68.530477, 45.601173], [-68.53095, 45.600819], [-68.53376, 45.598723], [-68.537699, 45.595774], [-68.538774, 45.59492], [-68.539655, 45.5941], [-68.540277, 45.593458], [-68.541041, 45.592519], [-68.541512, 45.591763], [-68.542021, 45.590743], [-68.542476, 45.589663], [-68.5427, 45.588659], [-68.543233, 45.584107], [-68.544171, 45.575043], [-68.544408, 45.572935], [-68.54463, 45.571401], [-68.544956, 45.569804], [-68.545366, 45.568117], [-68.545724, 45.566916], [-68.54623, 45.565473], [-68.550846, 45.553863], [-68.551627, 45.551961], [-68.552061, 45.550394], [-68.552505, 45.548679], [-68.552807, 45.545851], [-68.553018, 45.535699], [-68.553319, 45.515918], [-68.553409, 45.513943], [-68.55359, 45.512338], [-68.554045, 45.510136], [-68.554585, 45.508447], [-68.555019, 45.507264], [-68.555636, 45.505804], [-68.557092, 45.503155], [-68.558143, 45.501675], [-68.56013, 45.499053], [-68.580833, 45.471198], [-68.587547, 45.462108], [-68.589003, 45.460261], [-68.589881, 45.458699], [-68.590565, 45.457224], [-68.591163, 45.455588], [-68.591452, 45.45412], [-68.591751, 45.452449], [-68.591809, 45.450873], [-68.591345, 45.446704], [-68.589609, 45.432745], [-68.589406, 45.430999], [-68.589348, 45.428922], [-68.589464, 45.427311], [-68.589705, 45.425579], [-68.59011, 45.423981], [-68.590602, 45.422467], [-68.593774, 45.414392], [-68.601542, 45.395056], [-68.601709, 45.394583], [-68.604745, 45.38695], [-68.605214, 45.385268], [-68.605336, 45.38379], [-68.605387, 45.382216], [-68.605454, 45.380902], [-68.605752, 45.370839], [-68.605961, 45.363693], [-68.605983, 45.362951], [-68.606048, 45.360722], [-68.606133, 45.359351], [-68.606325, 45.357936], [-68.606534, 45.356976], [-68.606865, 45.355816], [-68.607405, 45.354651], [-68.608239, 45.353269], [-68.609133, 45.352022], [-68.610167, 45.350894], [-68.611209, 45.349967], [-68.624417, 45.340009], [-68.633221, 45.333411], [-68.647728, 45.322461], [-68.65306, 45.318406], [-68.654796, 45.317104], [-68.655857, 45.316067], [-68.657217, 45.314575], [-68.658191, 45.313144], [-68.658972, 45.311612], [-68.65956, 45.309971], [-68.662536, 45.300931], [-68.665039, 45.292981], [-68.666022, 45.289976], [-68.667015, 45.287792], [-68.668269, 45.285634], [-68.671413, 45.281368], [-68.675006, 45.276815], [-68.677587, 45.273398], [-68.678487, 45.272053], [-68.679122, 45.270693], [-68.67953, 45.269576], [-68.679801, 45.268295], [-68.679915, 45.267743], [-68.680139, 45.266522], [-68.680481, 45.264793], [-68.68087, 45.262448], [-68.680907, 45.26145], [-68.68087, 45.260263], [-68.678061, 45.239897], [-68.677582, 45.236511], [-68.676847, 45.230673], [-68.675589, 45.221721], [-68.675399, 45.220102], [-68.67531, 45.219122], [-68.675298, 45.218001], [-68.675411, 45.216896], [-68.675714, 45.215473], [-68.676201, 45.214338], [-68.67689, 45.213016], [-68.677679, 45.211808], [-68.682558, 45.205252], [-68.690245, 45.19512], [-68.691091, 45.193932], [-68.691871, 45.192776], [-68.692465, 45.191797], [-68.692993, 45.190541], [-68.693408, 45.188908], [-68.693691, 45.186955], [-68.693897, 45.184978], [-68.69478, 45.177349], [-68.695083, 45.175498], [-68.695416, 45.173973], [-68.695974, 45.172294], [-68.696545, 45.170765], [-68.697575, 45.168716], [-68.699778, 45.164814], [-68.703538, 45.158085], [-68.704095, 45.156946], [-68.704494, 45.155708], [-68.704791, 45.154497], [-68.704967, 45.153129], [-68.704911, 45.151499], [-68.704689, 45.150098], [-68.704224, 45.148461], [-68.70272, 45.144246], [-68.696023, 45.124938], [-68.695363, 45.12264], [-68.695149, 45.121534], [-68.694941, 45.119936], [-68.694857, 45.118826], [-68.694838, 45.117529], [-68.694894, 45.116271], [-68.695023, 45.114128], [-68.695701, 45.106411], [-68.695887, 45.103958], [-68.696036, 45.102331], [-68.696101, 45.100628], [-68.69611, 45.098957], [-68.696008, 45.096729], [-68.695831, 45.095103], [-68.690296, 45.065182], [-68.689352, 45.059921], [-68.688556, 45.055652], [-68.688342, 45.054235], [-68.688242, 45.052985], [-68.688237, 45.051387], [-68.688286, 45.050167], [-68.688415, 45.048965], [-68.688568, 45.04793], [-68.688845, 45.046542], [-68.689333, 45.044769], [-68.696664, 45.023761], [-68.697006, 45.022811], [-68.697585, 45.021199], [-68.69884, 45.017588], [-68.699337, 45.015856], [-68.699783, 45.013978], [-68.700103, 45.012349], [-68.703136, 44.991573], [-68.704864, 44.979666], [-68.705779, 44.973352], [-68.70724, 44.963046], [-68.707725, 44.959697], [-68.708283, 44.956131], [-68.708327, 44.954839], [-68.708322, 44.95323], [-68.708278, 44.951938], [-68.707914, 44.948038], [-68.707836, 44.947173], [-68.707496, 44.943335], [-68.706787, 44.935903], [-68.706462, 44.932837], [-68.706214, 44.931579], [-68.705941, 44.930427], [-68.705591, 44.929262], [-68.705216, 44.928208], [-68.704589, 44.926678], [-68.704309, 44.926068], [-68.702223, 44.922177], [-68.700501, 44.91886], [-68.700244, 44.91839], [-68.69685, 44.912042], [-68.69364, 44.905994], [-68.692744, 44.904352], [-68.691786, 44.90246], [-68.691487, 44.901648], [-68.691214, 44.900746], [-68.691048, 44.899719], [-68.690931, 44.898506], [-68.690936, 44.897534], [-68.691007, 44.896731], [-68.691265, 44.895286], [-68.691798, 44.893715], [-68.694011, 44.888797], [-68.697936, 44.87992], [-68.698493, 44.878707], [-68.69908, 44.877773], [-68.70021, 44.876294], [-68.700676, 44.875727], [-68.705309, 44.870084], [-68.707886, 44.866939], [-68.708378, 44.866398], [-68.709134, 44.86565], [-68.709882, 44.86502], [-68.71123, 44.864004], [-68.712015, 44.863507], [-68.717563, 44.860442], [-68.718349, 44.859959], [-68.719083, 44.859477], [-68.719838, 44.858907], [-68.720585, 44.858315], [-68.721238, 44.857745], [-68.721869, 44.857096], [-68.722909, 44.855917], [-68.736194, 44.839448], [-68.737298, 44.83811], [-68.739126, 44.835844], [-68.739791, 44.835012], [-68.740833, 44.833644], [-68.74195, 44.832383], [-68.742902, 44.831403], [-68.743635, 44.830804], [-68.744797, 44.829881], [-68.745602, 44.829325], [-68.746733, 44.82865], [-68.748219, 44.827882], [-68.749566, 44.827306], [-68.749983, 44.827152], [-68.750837, 44.826838], [-68.755468, 44.825281], [-68.756381, 44.825003], [-68.758247, 44.82434], [-68.759633, 44.82388], [-68.761608, 44.823194], [-68.763316, 44.822576], [-68.765488, 44.821755], [-68.767092, 44.821168], [-68.769638, 44.820297], [-68.770226, 44.820098], [-68.770822, 44.819928], [-68.771305, 44.819806], [-68.771871, 44.819696], [-68.772349, 44.819616], [-68.773, 44.819547], [-68.773543, 44.81953], [-68.774107, 44.819535], [-68.775457, 44.81951], [-68.775756, 44.819506], [-68.776602, 44.819476], [-68.777087, 44.819442], [-68.777533, 44.819391], [-68.778328, 44.819272], [-68.779074, 44.819113], [-68.779659, 44.818954], [-68.780229, 44.818774], [-68.780783, 44.818564], [-68.786357, 44.816233], [-68.786874, 44.815985], [-68.787287, 44.815756], [-68.78776, 44.815444], [-68.788107, 44.815182], [-68.788415, 44.814922], [-68.7887, 44.814644], [-68.788864, 44.814458], [-68.789049, 44.814209], [-68.790281, 44.812332], [-68.790564, 44.811946], [-68.791137, 44.811291], [-68.79416, 44.808061], [-68.794865, 44.807342], [-68.795242, 44.806993], [-68.795826, 44.806491], [-68.796229, 44.806165], [-68.799169, 44.803968], [-68.799756, 44.803466], [-68.800257, 44.802922], [-68.800406, 44.802727], [-68.800655, 44.802343], [-68.800958, 44.801731], [-68.801192, 44.801097], [-68.802133, 44.798352], [-68.80348, 44.794452], [-68.803718, 44.793832], [-68.803925, 44.79342], [-68.804443, 44.792631], [-68.808296, 44.787213], [-68.808613, 44.786775], [-68.808788, 44.786522], [-68.809342, 44.785757], [-68.809798, 44.785187], [-68.810301, 44.784644], [-68.810852, 44.784124], [-68.811351, 44.783706], [-68.811465, 44.783619], [-68.812089, 44.783129], [-68.812907, 44.782621], [-68.814224, 44.781927], [-68.814826, 44.781652], [-68.815763, 44.781294], [-68.816634, 44.781025], [-68.817662, 44.780769], [-68.818598, 44.780555], [-68.819767, 44.78037], [-68.820916, 44.780211], [-68.832445, 44.778657], [-68.844692, 44.77705], [-68.848794, 44.776485], [-68.850066, 44.776271], [-68.852331, 44.775838], [-68.854575, 44.775311], [-68.855662, 44.775027], [-68.856705, 44.774706], [-68.857395, 44.774491], [-68.858666, 44.774086], [-68.859847, 44.773747], [-68.865791, 44.771923], [-68.868825, 44.770993], [-68.869625, 44.770739], [-68.87409, 44.769341], [-68.875433, 44.768954], [-68.877269, 44.768473], [-68.879282, 44.76804], [-68.880866, 44.767731], [-68.881602, 44.767602], [-68.884072, 44.767211], [-68.884659, 44.767112], [-68.888549, 44.76642], [-68.892604, 44.765728], [-68.894194, 44.7654], [-68.894732, 44.765302], [-68.904993, 44.763528], [-68.906645, 44.763266], [-68.90775, 44.763121], [-68.908922, 44.763011], [-68.909904, 44.762964], [-68.911292, 44.762918], [-68.912756, 44.762944], [-68.914564, 44.76303], [-68.916214, 44.763202], [-68.91784, 44.763429], [-68.919001, 44.763661], [-68.920134, 44.763869], [-68.932067, 44.766204], [-68.933499, 44.766432], [-68.93518, 44.766608], [-68.936274, 44.766668], [-68.937386, 44.766702], [-68.938619, 44.766676], [-68.939943, 44.766603], [-68.941086, 44.766496], [-68.942267, 44.766327], [-68.943189, 44.766168], [-68.944322, 44.765936], [-68.945254, 44.765709], [-68.946439, 44.765358], [-68.947671, 44.764945], [-68.950828, 44.763795], [-68.954119, 44.762665], [-68.956056, 44.762071], [-68.957787, 44.761623], [-68.959408, 44.761243], [-68.96202, 44.760672], [-68.966003, 44.759766], [-68.967591, 44.759428], [-68.969164, 44.759153], [-68.970327, 44.759006], [-68.971299, 44.758935], [-68.972447, 44.758927], [-68.973933, 44.75896], [-68.974762, 44.75901], [-68.975756, 44.759124], [-68.976754, 44.759283], [-68.977849, 44.75952], [-68.979533, 44.759955], [-68.980697, 44.760338], [-68.981904, 44.760836], [-68.983395, 44.761545], [-68.995385, 44.767645], [-69.002941, 44.77147], [-69.003685, 44.771796], [-69.004454, 44.772108], [-69.006179, 44.772756], [-69.00701, 44.773011], [-69.008921, 44.773478], [-69.009932, 44.77368], [-69.011067, 44.773861], [-69.011979, 44.773989], [-69.012916, 44.774081], [-69.014026, 44.774134], [-69.020763, 44.774125], [-69.028392, 44.774072], [-69.029391, 44.774103], [-69.030278, 44.774165], [-69.031364, 44.774284], [-69.032641, 44.774449], [-69.03666, 44.775033], [-69.090494, 44.782897], [-69.093714, 44.783345], [-69.097426, 44.783891], [-69.100112, 44.784242], [-69.104815, 44.784846], [-69.105321, 44.78492], [-69.110248, 44.785566], [-69.116462, 44.786331], [-69.124035, 44.787318], [-69.125787, 44.787575], [-69.127826, 44.787818], [-69.129444, 44.78798], [-69.131196, 44.788107], [-69.132898, 44.788166], [-69.13601, 44.78817], [-69.151006, 44.787592], [-69.152609, 44.787568], [-69.155284, 44.787571], [-69.156624, 44.787603], [-69.15909, 44.787709], [-69.160078, 44.787765], [-69.161347, 44.787863], [-69.168353, 44.788529], [-69.170459, 44.788743], [-69.172978, 44.789012], [-69.193181, 44.791038], [-69.196778, 44.791379], [-69.198171, 44.791534], [-69.199491, 44.791735], [-69.201003, 44.792008], [-69.202183, 44.792301], [-69.203477, 44.792687], [-69.204549, 44.793048], [-69.205843, 44.793544], [-69.206879, 44.794003], [-69.207979, 44.794589], [-69.209039, 44.79522], [-69.210095, 44.795888], [-69.221317, 44.803196], [-69.225532, 44.805943], [-69.226506, 44.806563], [-69.22796, 44.807376], [-69.22924, 44.808056], [-69.230699, 44.808781], [-69.231974, 44.809306], [-69.233327, 44.809841], [-69.234394, 44.810221], [-69.235909, 44.81072], [-69.240352, 44.81203], [-69.246402, 44.813747], [-69.248622, 44.814363], [-69.250167, 44.81486], [-69.251659, 44.815384], [-69.253301, 44.815991], [-69.254818, 44.816603], [-69.25582, 44.817071], [-69.261771, 44.819849], [-69.269518, 44.82354], [-69.274014, 44.825658], [-69.274621, 44.825939], [-69.282014, 44.829422], [-69.282518, 44.829659], [-69.287314, 44.831935], [-69.291183, 44.833766], [-69.292075, 44.834206], [-69.293389, 44.834734], [-69.294554, 44.835169], [-69.295857, 44.835564], [-69.29692, 44.835786], [-69.298222, 44.836028], [-69.299535, 44.836177], [-69.300771, 44.836275], [-69.30234, 44.836315], [-69.303807, 44.836271], [-69.305149, 44.836158], [-69.306698, 44.83594], [-69.308531, 44.835529], [-69.309924, 44.8351], [-69.311885, 44.834395], [-69.313214, 44.83376], [-69.314452, 44.833013], [-69.333901, 44.819446], [-69.335394, 44.818448], [-69.337156, 44.817369], [-69.339061, 44.816345], [-69.340831, 44.815589], [-69.342814, 44.814767], [-69.362877, 44.8083], [-69.36481, 44.807655], [-69.367234, 44.806949], [-69.368506, 44.806626], [-69.369949, 44.806288], [-69.373943, 44.805482], [-69.377121, 44.804935], [-69.377934, 44.804798], [-69.386318, 44.803305], [-69.387405, 44.803069], [-69.388242, 44.802843], [-69.389261, 44.80254], [-69.390243, 44.802198], [-69.39154, 44.801613], [-69.392317, 44.801227], [-69.393284, 44.800683], [-69.394262, 44.800001], [-69.394637, 44.799726], [-69.395257, 44.799238], [-69.395921, 44.79865], [-69.397091, 44.797389], [-69.39795, 44.79616], [-69.401796, 44.789328], [-69.404201, 44.785094], [-69.40448, 44.784582], [-69.405117, 44.783504], [-69.405965, 44.781999], [-69.406596, 44.780865], [-69.407227, 44.779585], [-69.408004, 44.777717], [-69.411107, 44.769722], [-69.411267, 44.769296], [-69.411378, 44.769007], [-69.41215, 44.767319], [-69.412624, 44.766524], [-69.414102, 44.764307], [-69.430543, 44.740003], [-69.437137, 44.730221], [-69.443457, 44.720909], [-69.44531, 44.718134], [-69.448188, 44.713996], [-69.449052, 44.712836], [-69.44999, 44.711673], [-69.451067, 44.710454], [-69.452067, 44.709369], [-69.453608, 44.70786], [-69.462367, 44.699641], [-69.465255, 44.696957], [-69.467698, 44.694648], [-69.468849, 44.693416], [-69.469664, 44.692575], [-69.472818, 44.688815], [-69.477779, 44.68282], [-69.488049, 44.670519], [-69.489436, 44.668961], [-69.490827, 44.667557], [-69.492377, 44.66616], [-69.49389, 44.664936], [-69.495083, 44.664087], [-69.496483, 44.66314], [-69.500946, 44.660227], [-69.504031, 44.658174], [-69.513343, 44.652128], [-69.515003, 44.65108], [-69.516743, 44.649927], [-69.518945, 44.6484], [-69.521073, 44.646721], [-69.522886, 44.645255], [-69.525122, 44.643109], [-69.52685, 44.641412], [-69.528158, 44.640172], [-69.528584, 44.639748], [-69.532892, 44.635598], [-69.534425, 44.634149], [-69.536086, 44.632515], [-69.537057, 44.631523], [-69.538327, 44.630443], [-69.539439, 44.629583], [-69.541098, 44.628378], [-69.546912, 44.62466], [-69.550882, 44.622185], [-69.578199, 44.604865], [-69.578946, 44.604448], [-69.579751, 44.604048], [-69.58042, 44.60374], [-69.581301, 44.603379], [-69.582199, 44.603071], [-69.582988, 44.602826], [-69.583638, 44.602644], [-69.584623, 44.602421], [-69.585969, 44.602196], [-69.586897, 44.602085], [-69.58781, 44.602021], [-69.590301, 44.601953], [-69.594547, 44.601889], [-69.595866, 44.601877], [-69.596364, 44.601875], [-69.598231, 44.60184], [-69.599148, 44.60179], [-69.600888, 44.601619], [-69.601948, 44.601465], [-69.602795, 44.601315], [-69.603834, 44.601104], [-69.605316, 44.600718], [-69.606572, 44.600325], [-69.607459, 44.600011], [-69.608045, 44.599777], [-69.60874, 44.599482], [-69.609583, 44.599084], [-69.610428, 44.59865], [-69.611252, 44.598185], [-69.611892, 44.5978], [-69.612503, 44.597401], [-69.613063, 44.597002], [-69.614294, 44.595972], [-69.615071, 44.595233], [-69.615897, 44.594334], [-69.6181, 44.591797], [-69.621344, 44.587977], [-69.627662, 44.580604], [-69.628432, 44.57973], [-69.630042, 44.577795], [-69.63097, 44.576731], [-69.631855, 44.575818], [-69.632749, 44.575095], [-69.633726, 44.574427], [-69.635102, 44.573683], [-69.636531, 44.573097], [-69.637922, 44.572602], [-69.639256, 44.572275], [-69.640682, 44.572024], [-69.641301, 44.571951], [-69.642412, 44.571886], [-69.646199, 44.571851], [-69.650498, 44.571754], [-69.654483, 44.571728], [-69.65581, 44.571704], [-69.656866, 44.571692], [-69.657792, 44.571661], [-69.658871, 44.571554], [-69.660894, 44.571226], [-69.662209, 44.570905], [-69.663161, 44.570594], [-69.663872, 44.570319], [-69.664402, 44.570093], [-69.665054, 44.569791], [-69.665525, 44.569539], [-69.666129, 44.569197], [-69.666576, 44.568911], [-69.667164, 44.568504], [-69.667805, 44.567992], [-69.668385, 44.567462], [-69.669201, 44.566595], [-69.669684, 44.565988], [-69.670152, 44.565272], [-69.670775, 44.564138], [-69.674776, 44.557165], [-69.676187, 44.55447], [-69.677614, 44.551172], [-69.678915, 44.547942], [-69.679235, 44.547152], [-69.679726, 44.546038], [-69.680075, 44.545323], [-69.680325, 44.544793], [-69.681125, 44.543415], [-69.681831, 44.542319], [-69.682196, 44.541786], [-69.682912, 44.540805], [-69.684337, 44.539057], [-69.688537, 44.53421], [-69.69635, 44.525022], [-69.696664, 44.524647], [-69.698912, 44.521739], [-69.699685, 44.520619], [-69.700111, 44.519926], [-69.700513, 44.519223], [-69.700784, 44.51871], [-69.701287, 44.517672], [-69.701927, 44.516082], [-69.702447, 44.514587], [-69.702903, 44.512918], [-69.703263, 44.511196], [-69.703554, 44.509021], [-69.703614, 44.508432], [-69.703647, 44.507948], [-69.704, 44.504936], [-69.704048, 44.504714], [-69.704241, 44.503078], [-69.704601, 44.499316], [-69.706318, 44.484256], [-69.706502, 44.482771], [-69.706672, 44.481662], [-69.706918, 44.480713], [-69.70803, 44.477082], [-69.709075, 44.473564], [-69.712405, 44.462568], [-69.71313, 44.460166], [-69.713516, 44.458993], [-69.713982, 44.457923], [-69.714948, 44.455898], [-69.715631, 44.454763], [-69.716272, 44.453763], [-69.716948, 44.452831], [-69.718801, 44.450473], [-69.719528, 44.449549], [-69.729988, 44.436537], [-69.739636, 44.424579], [-69.741026, 44.422642], [-69.741886, 44.421138], [-69.744158, 44.416758], [-69.747398, 44.410887], [-69.750159, 44.405793], [-69.752885, 44.400809], [-69.754152, 44.398753], [-69.755511, 44.396843], [-69.762105, 44.387322], [-69.762792, 44.386285], [-69.764341, 44.384331], [-69.767883, 44.380353], [-69.768895, 44.379111], [-69.769817, 44.378042], [-69.77064, 44.377008], [-69.771462, 44.375816], [-69.772529, 44.374073], [-69.777804, 44.363615], [-69.778663, 44.36194], [-69.779059, 44.361162], [-69.780708, 44.357869], [-69.78143, 44.356415], [-69.782167, 44.355016], [-69.782537, 44.354198], [-69.782849, 44.353649], [-69.783177, 44.353202], [-69.783638, 44.352625], [-69.783962, 44.352274], [-69.784368, 44.351904], [-69.784909, 44.351468], [-69.785717, 44.350924], [-69.791463, 44.34785], [-69.794353, 44.346322], [-69.794893, 44.346036], [-69.79771, 44.34453], [-69.799602, 44.343521], [-69.800907, 44.342781], [-69.802227, 44.341913], [-69.804386, 44.340425], [-69.807239, 44.338317], [-69.808337, 44.337515], [-69.809548, 44.336604], [-69.810138, 44.33611], [-69.810798, 44.335478], [-69.81158, 44.334648], [-69.812004, 44.33417], [-69.812716, 44.333267], [-69.813053, 44.332789], [-69.81335, 44.332313], [-69.813718, 44.331656], [-69.814015, 44.33105], [-69.814253, 44.330503], [-69.814464, 44.329954], [-69.814662, 44.329339], [-69.814816, 44.328797], [-69.814935, 44.328238], [-69.815086, 44.327203], [-69.815152, 44.326052], [-69.815128, 44.325388], [-69.815067, 44.324735], [-69.814966, 44.324068], [-69.814813, 44.323279], [-69.814658, 44.322719], [-69.814498, 44.322228], [-69.814284, 44.321662], [-69.813654, 44.320357], [-69.813206, 44.319409], [-69.812188, 44.317407], [-69.809802, 44.312551], [-69.809302, 44.311572], [-69.808804, 44.310465], [-69.808459, 44.309534], [-69.808249, 44.308747], [-69.808147, 44.308167], [-69.808135, 44.308098], [-69.808001, 44.307127], [-69.807297, 44.294052], [-69.80713, 44.291606], [-69.807002, 44.28927], [-69.806983, 44.288827], [-69.806775, 44.284295], [-69.806401, 44.277477], [-69.806373, 44.276963], [-69.806359, 44.276402], [-69.806406, 44.274517], [-69.806506, 44.272048], [-69.806838, 44.264714], [-69.807029, 44.25983], [-69.80727, 44.254961], [-69.807345, 44.252511], [-69.807475, 44.250063], [-69.80766, 44.245192], [-69.807669, 44.244932], [-69.807887, 44.240307], [-69.807913, 44.239422], [-69.807968, 44.238586], [-69.808068, 44.237862], [-69.808204, 44.237154], [-69.80847, 44.236224], [-69.808751, 44.235412], [-69.80905, 44.234723], [-69.809446, 44.233973], [-69.810021, 44.232998], [-69.810344, 44.232537], [-69.810873, 44.231857], [-69.812551, 44.230036], [-69.816405, 44.225951], [-69.816621, 44.225704], [-69.818004, 44.224231], [-69.818242, 44.224114], [-69.819088, 44.223545], [-69.819838, 44.223149], [-69.821023, 44.222569], [-69.821464, 44.222306], [-69.82195, 44.221951], [-69.822345, 44.221601], [-69.822753, 44.221181], [-69.823086, 44.220739], [-69.823348, 44.22032], [-69.823598, 44.219766], [-69.823748, 44.219272], [-69.823794, 44.219036], [-69.823846, 44.218459], [-69.823945, 44.217325], [-69.824002, 44.216762], [-69.824336, 44.213137], [-69.824479, 44.211825], [-69.824696, 44.209878], [-69.824927, 44.207791], [-69.825327, 44.203791], [-69.82555, 44.201428], [-69.8257, 44.200266], [-69.825796, 44.198866], [-69.826043, 44.197243], [-69.826499, 44.19581], [-69.826823, 44.194985], [-69.827366, 44.193864], [-69.827941, 44.192776], [-69.828254, 44.1922], [-69.829217, 44.190596], [-69.831943, 44.186236], [-69.832401, 44.185435], [-69.832729, 44.184735], [-69.833048, 44.183992], [-69.833456, 44.182746], [-69.833646, 44.181976], [-69.833775, 44.180621], [-69.834199, 44.176815], [-69.834246, 44.176131], [-69.834624, 44.17247], [-69.83463, 44.172424], [-69.834869, 44.17047], [-69.835409, 44.164653], [-69.835547, 44.163341], [-69.835814, 44.160786], [-69.836353, 44.158568], [-69.839493, 44.150152], [-69.847521, 44.129321], [-69.848684, 44.126459], [-69.849239, 44.125192], [-69.850554, 44.123014], [-69.851305, 44.121883], [-69.851996, 44.120922], [-69.856466, 44.115685], [-69.857672, 44.114193], [-69.858719, 44.113104], [-69.85926, 44.112437], [-69.863369, 44.107729], [-69.866358, 44.104285], [-69.87068, 44.099288], [-69.872312, 44.096832], [-69.873626, 44.09459], [-69.874455, 44.09269], [-69.874837, 44.091673], [-69.875207, 44.090574], [-69.876235, 44.086745], [-69.878577, 44.078453], [-69.879423, 44.075704], [-69.883049, 44.065484], [-69.88378, 44.064181], [-69.888891, 44.057186], [-69.892763, 44.051563], [-69.893594, 44.050251], [-69.895875, 44.045527], [-69.896983, 44.043884], [-69.897238, 44.043539], [-69.897707, 44.042904], [-69.899473, 44.040997], [-69.90134, 44.0393], [-69.904494, 44.036632], [-69.907653, 44.034123], [-69.911549, 44.030682], [-69.914233, 44.02846], [-69.915344, 44.027469], [-69.916417, 44.026276], [-69.917734, 44.024483], [-69.918128, 44.023818], [-69.918565, 44.022833], [-69.919181, 44.021149], [-69.920456, 44.017344], [-69.92052, 44.017112], [-69.921167, 44.014785], [-69.922304, 44.011513], [-69.922666, 44.010492], [-69.923377, 44.008535], [-69.9243, 44.007007], [-69.925094, 44.005896], [-69.925759, 44.005139], [-69.926682, 44.003997], [-69.930887, 44.000478], [-69.933055, 43.998456], [-69.936767, 43.995199], [-69.937754, 43.994227], [-69.938247, 43.993578], [-69.938762, 43.992837], [-69.939685, 43.991232], [-69.9402, 43.990089], [-69.940779, 43.988129], [-69.94138, 43.986508], [-69.942196, 43.98518], [-69.94276, 43.984314], [-69.943371, 43.983207], [-69.943917, 43.982402], [-69.944881, 43.980803], [-69.945896, 43.978545], [-69.946273, 43.977367], [-69.947024, 43.975838], [-69.948332, 43.974248], [-69.950264, 43.972549], [-69.951817, 43.971234], [-69.952944, 43.970222], [-69.953963, 43.969365], [-69.954875, 43.968431], [-69.955851, 43.967211], [-69.956946, 43.965365], [-69.958115, 43.962995], [-69.958448, 43.962392], [-69.959091, 43.961118], [-69.959875, 43.959991], [-69.960948, 43.958709], [-69.962364, 43.957372], [-69.963941, 43.955975], [-69.966362, 43.953952], [-69.967226, 43.953208], [-69.967424, 43.953033], [-69.972778, 43.948404], [-69.974388, 43.946925], [-69.975127, 43.946202], [-69.97638, 43.94493], [-69.978396, 43.942888], [-69.979543, 43.94173], [-69.979878, 43.941401], [-69.981233, 43.940156], [-69.983112, 43.938531], [-69.98416, 43.937709], [-69.985172, 43.936958], [-69.98522, 43.936921], [-69.985838, 43.936462], [-69.987515, 43.935282], [-69.987895, 43.935024], [-69.98902, 43.934304], [-69.991498, 43.932822], [-69.991823, 43.93264], [-69.992579, 43.932184], [-69.995028, 43.930745], [-70.008808, 43.922618], [-70.010085, 43.921901], [-70.011578, 43.921128], [-70.012373, 43.920744], [-70.013311, 43.920316], [-70.014117, 43.919965], [-70.015545, 43.919388], [-70.016575, 43.919001], [-70.017828, 43.918563], [-70.021725, 43.9173], [-70.02582, 43.915994], [-70.040968, 43.911107], [-70.042109, 43.910774], [-70.044993, 43.909817], [-70.055288, 43.906485], [-70.056686, 43.906034], [-70.05809, 43.905602], [-70.059505, 43.905214], [-70.070354, 43.902443], [-70.071564, 43.902104], [-70.072322, 43.901833], [-70.072726, 43.901664], [-70.073392, 43.901351], [-70.074027, 43.901007], [-70.07476, 43.900533], [-70.074996, 43.900361], [-70.075561, 43.899896], [-70.075886, 43.8996], [-70.076191, 43.899291], [-70.076475, 43.898964], [-70.076789, 43.898561], [-70.076996, 43.898262], [-70.077224, 43.89789], [-70.07749, 43.897373], [-70.077708, 43.89684], [-70.078002, 43.895937], [-70.081118, 43.885899], [-70.081526, 43.884726], [-70.081879, 43.883921], [-70.082325, 43.883083], [-70.084458, 43.87959], [-70.085169, 43.878459], [-70.085427, 43.87809], [-70.085826, 43.877611], [-70.086127, 43.877297], [-70.086559, 43.876893], [-70.087125, 43.876432], [-70.08748, 43.876181], [-70.088093, 43.875791], [-70.088948, 43.875294], [-70.090529, 43.874424], [-70.09163, 43.873852], [-70.092687, 43.873331], [-70.09362, 43.872888], [-70.095151, 43.872203], [-70.100421, 43.869894], [-70.101484, 43.869404], [-70.102203, 43.869032], [-70.103158, 43.868489], [-70.10378, 43.8681], [-70.104634, 43.867526], [-70.105111, 43.867185], [-70.106138, 43.866359], [-70.106575, 43.865973], [-70.107425, 43.865175], [-70.107777, 43.864805], [-70.108371, 43.864117], [-70.109117, 43.863109], [-70.109727, 43.862202], [-70.110144, 43.861448], [-70.110908, 43.859951], [-70.112119, 43.857438], [-70.114786, 43.852065], [-70.114911, 43.851821], [-70.115256, 43.851149], [-70.11549, 43.850742], [-70.116141, 43.849783], [-70.116772, 43.849006], [-70.11833, 43.847249], [-70.118756, 43.846788], [-70.119318, 43.846095], [-70.119879, 43.845295], [-70.120165, 43.844819], [-70.120975, 43.843479], [-70.121133, 43.843221], [-70.121767, 43.842178], [-70.122215, 43.841602], [-70.12321, 43.840542], [-70.124445, 43.839422], [-70.130206, 43.834137], [-70.13537, 43.829054], [-70.135665, 43.828763], [-70.146335, 43.818218], [-70.147391, 43.817206], [-70.148501, 43.81625], [-70.149665, 43.815366], [-70.150878, 43.814549], [-70.152146, 43.813824], [-70.153446, 43.81324], [-70.153778, 43.813117], [-70.154863, 43.812746], [-70.155567, 43.812537], [-70.161079, 43.810973], [-70.161885, 43.81074], [-70.163272, 43.810286], [-70.163948, 43.809985], [-70.164571, 43.809637], [-70.166194, 43.808371], [-70.167117, 43.807526], [-70.169758, 43.804973], [-70.172127, 43.802747], [-70.17529, 43.799692], [-70.176817, 43.79825], [-70.177129, 43.797973], [-70.177616, 43.79755], [-70.177995, 43.797246], [-70.178459, 43.796809], [-70.17886, 43.796432], [-70.179051, 43.79624], [-70.180025, 43.795146], [-70.185222, 43.789046], [-70.186186, 43.787947], [-70.187247, 43.786948], [-70.187668, 43.786624], [-70.188289, 43.78615], [-70.188585, 43.785957], [-70.190183, 43.785024], [-70.190697, 43.784728], [-70.191834, 43.784072], [-70.192283, 43.783796], [-70.193138, 43.7832], [-70.19354, 43.782884], [-70.194109, 43.782392], [-70.194633, 43.78187], [-70.19501, 43.781446], [-70.195312, 43.781139], [-70.203159, 43.769353], [-70.203422, 43.768958], [-70.211367, 43.75702], [-70.211777, 43.756412], [-70.212656, 43.755247], [-70.213132, 43.754699], [-70.213634, 43.754169], [-70.216805, 43.751147], [-70.217841, 43.750106], [-70.218849, 43.749049], [-70.220305, 43.747435], [-70.221253, 43.746322], [-70.22217, 43.7452], [-70.223497, 43.743463], [-70.224757, 43.741683], [-70.22595, 43.739858], [-70.226335, 43.739237], [-70.22931, 43.734207], [-70.230075, 43.733256], [-70.230676, 43.732561], [-70.23084, 43.732408], [-70.231075, 43.732225], [-70.231442, 43.73203], [-70.231572, 43.731984], [-70.231898, 43.731948], [-70.232058, 43.731948], [-70.232266, 43.731977], [-70.232718, 43.73209], [-70.233519, 43.732384], [-70.233777, 43.732488], [-70.234062, 43.732596], [-70.234716, 43.732838], [-70.235236, 43.733018], [-70.236795, 43.733486], [-70.237546, 43.733687], [-70.238707, 43.733934], [-70.240277, 43.734182], [-70.240934, 43.734268], [-70.24157, 43.734339], [-70.24285, 43.734427], [-70.24411, 43.734463], [-70.244613, 43.734462], [-70.245803, 43.734426], [-70.24683, 43.734371], [-70.24783, 43.734268], [-70.252717, 43.733641], [-70.252982, 43.733554], [-70.254734, 43.733317], [-70.256448, 43.73306], [-70.25676, 43.733061], [-70.263928, 43.731949], [-70.277253, 43.730005], [-70.278688, 43.729772], [-70.279829, 43.729539], [-70.280798, 43.7293], [-70.281372, 43.729138], [-70.28484, 43.728069], [-70.28611, 43.727688], [-70.293631, 43.725323], [-70.298286, 43.723876], [-70.298942, 43.723677], [-70.299808, 43.723395], [-70.300657, 43.723092], [-70.301052, 43.722951], [-70.301929, 43.722613], [-70.304215, 43.721874], [-70.305586, 43.721396], [-70.306384, 43.721094], [-70.306613, 43.720971], [-70.306869, 43.72078], [-70.307074, 43.720536], [-70.307174, 43.720354], [-70.307235, 43.720073], [-70.307204, 43.71975], [-70.307059, 43.719452], [-70.306883, 43.719241], [-70.30623, 43.71855], [-70.306131, 43.71839], [-70.30602, 43.718135], [-70.305974, 43.717938], [-70.30598, 43.71776], [-70.305936, 43.717601], [-70.306334, 43.715981], [-70.306419, 43.715626], [-70.306649, 43.714749], [-70.306871, 43.714049], [-70.307144, 43.713357], [-70.307455, 43.712679], [-70.307801, 43.712017], [-70.308236, 43.711312], [-70.309538, 43.709356], [-70.315913, 43.699804], [-70.316161, 43.699433], [-70.317708, 43.697096], [-70.318108, 43.696427], [-70.318298, 43.696071], [-70.318777, 43.695066], [-70.322468, 43.686886], [-70.322738, 43.686285], [-70.323436, 43.68474], [-70.324644, 43.682067], [-70.326769, 43.67736], [-70.327581, 43.67556], [-70.329323, 43.671708], [-70.329615, 43.671067], [-70.33072, 43.668603], [-70.331282, 43.66735], [-70.33154, 43.666698], [-70.331767, 43.666007], [-70.331948, 43.665327], [-70.332093, 43.664613], [-70.332202, 43.66379], [-70.332248, 43.662823], [-70.332242, 43.662451], [-70.332166, 43.661372], [-70.331424, 43.655583], [-70.331321, 43.654755], [-70.33119, 43.653507], [-70.331177, 43.652771], [-70.331204, 43.652056], [-70.331339, 43.650065], [-70.331421, 43.648835], [-70.331506, 43.648121], [-70.331633, 43.647407], [-70.331803, 43.646707], [-70.332022, 43.646003], [-70.332288, 43.645297], [-70.332639, 43.644513], [-70.332939, 43.643944], [-70.333766, 43.642705], [-70.334377, 43.641887], [-70.334981, 43.64118], [-70.335681, 43.640461], [-70.339567, 43.636732], [-70.341448, 43.634937], [-70.350172, 43.626558], [-70.351213, 43.625567], [-70.354688, 43.622223], [-70.358844, 43.618236], [-70.359747, 43.617373], [-70.362641, 43.614596], [-70.367952, 43.609496], [-70.374545, 43.603156], [-70.375853, 43.601894], [-70.376532, 43.60117], [-70.384884, 43.591942], [-70.385757, 43.591064], [-70.389095, 43.587913], [-70.446058, 43.534192], [-70.452347, 43.528264], [-70.452824, 43.527782], [-70.454695, 43.526033], [-70.455547, 43.52531], [-70.456706, 43.524414], [-70.46162, 43.520887], [-70.46496, 43.51849], [-70.467691, 43.516531], [-70.483998, 43.503949], [-70.485079, 43.50299], [-70.485589, 43.502485], [-70.48608, 43.501959], [-70.486766, 43.501132], [-70.487185, 43.500552], [-70.487794, 43.499655], [-70.488817, 43.498117], [-70.490538, 43.495515], [-70.490971, 43.494804], [-70.491309, 43.494177], [-70.491613, 43.493518], [-70.491888, 43.492856], [-70.492123, 43.492171], [-70.492975, 43.489399], [-70.493219, 43.488717], [-70.49352, 43.488053], [-70.493786, 43.487558], [-70.494238, 43.486792], [-70.494602, 43.486217], [-70.495026, 43.485624], [-70.495485, 43.485039], [-70.496222, 43.484203], [-70.500593, 43.47952], [-70.501282, 43.47878], [-70.502443, 43.477533], [-70.50318, 43.47678], [-70.503862, 43.476161], [-70.504293, 43.4758], [-70.504862, 43.475354], [-70.505459, 43.474921], [-70.521378, 43.463998], [-70.521965, 43.463565], [-70.522521, 43.463125], [-70.523094, 43.462627], [-70.523636, 43.462111], [-70.524382, 43.461329], [-70.524854, 43.460776], [-70.525296, 43.460209], [-70.547664, 43.429974], [-70.547746, 43.429864], [-70.551286, 43.425064], [-70.552151, 43.423828], [-70.552519, 43.423247], [-70.553933, 43.420779], [-70.556988, 43.415271], [-70.557246, 43.414815], [-70.562146, 43.406037], [-70.562954, 43.404588], [-70.565175, 43.400636], [-70.56565, 43.399792], [-70.605274, 43.328673], [-70.607249, 43.325104], [-70.607334, 43.324948], [-70.608415, 43.323009], [-70.608566, 43.322733], [-70.608762, 43.322399], [-70.609533, 43.321043], [-70.609749, 43.320644], [-70.612897, 43.314949], [-70.613588, 43.313665], [-70.613892, 43.313013], [-70.614158, 43.312331], [-70.614385, 43.311639], [-70.614572, 43.310924], [-70.614766, 43.309856], [-70.619774, 43.260654], [-70.619931, 43.259184], [-70.620049, 43.258464], [-70.62021, 43.257754], [-70.620413, 43.257053], [-70.620665, 43.256356], [-70.620952, 43.255682], [-70.621446, 43.254719], [-70.622204, 43.253463], [-70.634254, 43.233918], [-70.634615, 43.233282], [-70.634956, 43.232634], [-70.635269, 43.231984], [-70.635556, 43.231322], [-70.635827, 43.230632], [-70.636062, 43.229949], [-70.63627, 43.229248], [-70.636612, 43.227842], [-70.636735, 43.227124], [-70.637181, 43.224016], [-70.637317, 43.223246], [-70.63745, 43.222686], [-70.63763, 43.222096], [-70.643662, 43.204112], [-70.643877, 43.203412], [-70.644027, 43.202849], [-70.644216, 43.202001], [-70.64434, 43.201285], [-70.645813, 43.189356], [-70.645932, 43.188664], [-70.64609, 43.187951], [-70.646273, 43.187251], [-70.646486, 43.186551], [-70.646723, 43.185864], [-70.650975, 43.174236], [-70.65347, 43.167411], [-70.653819, 43.166527], [-70.654141, 43.165858], [-70.65466, 43.164932], [-70.655062, 43.164315], [-70.655495, 43.163723], [-70.655956, 43.163152], [-70.656671, 43.162354], [-70.657372, 43.161666], [-70.657945, 43.161158], [-70.65852, 43.160687], [-70.659132, 43.160229], [-70.659784, 43.159782], [-70.660446, 43.159355], [-70.661275, 43.158879], [-70.661932, 43.158523], [-70.67162, 43.153942], [-70.672018, 43.153738], [-70.685489, 43.14736], [-70.692426, 43.144104], [-70.694299, 43.143224], [-70.703237, 43.138997], [-70.710251, 43.135692], [-70.711567, 43.135029], [-70.712192, 43.134679], [-70.713365, 43.133936], [-70.71428, 43.133276], [-70.71485, 43.132825], [-70.715422, 43.132331], [-70.715898, 43.131882], [-70.717246, 43.130495], [-70.724421, 43.123024], [-70.725199, 43.122231], [-70.725755, 43.121696], [-70.726262, 43.121253], [-70.72713, 43.120555], [-70.732675, 43.116269], [-70.73433, 43.114992], [-70.734506, 43.114854], [-70.743306, 43.108044], [-70.751244, 43.101898], [-70.753084, 43.100564], [-70.754812, 43.099404], [-70.756201, 43.098535], [-70.756487, 43.098356], [-70.757552, 43.097741], [-70.75886, 43.097007], [-70.76046, 43.096067], [-70.761526, 43.09544], [-70.762312, 43.095005], [-70.764408, 43.093865], [-70.768411, 43.091639], [-70.769271, 43.091147], [-70.769828, 43.090788], [-70.770448, 43.090278], [-70.770892, 43.089849], [-70.771436, 43.08917], [-70.771653, 43.088785], [-70.772205, 43.087597], [-70.77233, 43.087315], [-70.773559, 43.08446], [-70.773678, 43.084173], [-70.77491, 43.081217], [-70.774987, 43.081029], [-70.775088, 43.080791], [-70.775249, 43.080433], [-70.775569, 43.079854], [-70.775911, 43.079374], [-70.776407, 43.078799], [-70.776783, 43.078455], [-70.777474, 43.077908], [-70.779827, 43.076336], [-70.78001, 43.076229], [-70.782604, 43.074539], [-70.782955, 43.074307], [-70.783766, 43.073736], [-70.784574, 43.073103], [-70.787274, 43.070882], [-70.78759, 43.070602], [-70.788196, 43.070019], [-70.790649, 43.067393], [-70.791333, 43.066756], [-70.792281, 43.065978], [-70.797781, 43.062412], [-70.801418, 43.060068], [-70.804971, 43.057777], [-70.806611, 43.056718], [-70.80707, 43.056399], [-70.807773, 43.055847], [-70.808342, 43.055335], [-70.809028, 43.054623], [-70.809953, 43.053496], [-70.810756, 43.052409], [-70.811198, 43.05175], [-70.811668, 43.051029], [-70.812124, 43.050281], [-70.812221, 43.050118], [-70.814868, 43.045716], [-70.816658, 43.042745], [-70.820397, 43.03663], [-70.826722, 43.026155], [-70.827869, 43.024369], [-70.839818, 43.007116], [-70.840991, 43.005453], [-70.843673, 43.001543], [-70.847408, 42.996149], [-70.84828, 42.994831], [-70.848839, 42.993896], [-70.84953, 42.992597], [-70.849937, 42.991741], [-70.850376, 42.990726], [-70.850675, 42.989957], [-70.851172, 42.98844], [-70.85147, 42.987335], [-70.852071, 42.984474], [-70.852767, 42.981055], [-70.853361, 42.977948], [-70.853502, 42.977219], [-70.85409, 42.974301], [-70.855004, 42.969817], [-70.855388, 42.967845], [-70.855383, 42.96756], [-70.856414, 42.962462], [-70.857456, 42.957366], [-70.858065, 42.954705], [-70.858162, 42.95446], [-70.859002, 42.950301], [-70.86074, 42.941672], [-70.860845, 42.941177], [-70.861589, 42.937473], [-70.861782, 42.936724], [-70.862089, 42.935772], [-70.862246, 42.935342], [-70.862575, 42.934617], [-70.862961, 42.933868], [-70.863066, 42.933663], [-70.863768, 42.932282], [-70.876708, 42.90734], [-70.877158, 42.90639], [-70.877463, 42.90567], [-70.877827, 42.90449], [-70.87921, 42.898504], [-70.880151, 42.894367], [-70.88027, 42.893847], [-70.880521, 42.892748], [-70.88135, 42.889163], [-70.881606, 42.888053], [-70.882652, 42.883483], [-70.883121, 42.88148], [-70.883473, 42.880181], [-70.883795, 42.87937], [-70.884119, 42.878673], [-70.884646, 42.877726], [-70.885828, 42.875949], [-70.887438, 42.873546], [-70.888091, 42.872503], [-70.888825, 42.871267], [-70.889573, 42.869889], [-70.891393, 42.866493], [-70.892043, 42.865293], [-70.894234, 42.861202], [-70.89453, 42.860886], [-70.89534, 42.859601], [-70.895765, 42.859037], [-70.896198, 42.858519], [-70.896975, 42.857704], [-70.897369, 42.857352], [-70.897858, 42.85696], [-70.898422, 42.856571], [-70.899155, 42.856121], [-70.900112, 42.855658], [-70.900674, 42.855432], [-70.903127, 42.854544], [-70.906467, 42.85336], [-70.907609, 42.852946], [-70.908466, 42.852614], [-70.909295, 42.852283], [-70.910588, 42.851709], [-70.911978, 42.851043], [-70.912271, 42.850891], [-70.914004, 42.84997], [-70.917442, 42.84801], [-70.917835, 42.847781], [-70.91843, 42.847431], [-70.91948, 42.846846], [-70.920064, 42.84651], [-70.920676, 42.846158], [-70.921129, 42.845896], [-70.923913, 42.8443], [-70.925288, 42.843542], [-70.926824, 42.842797], [-70.927304, 42.842582], [-70.927871, 42.842326], [-70.929013, 42.841871], [-70.930546, 42.841341], [-70.93173, 42.840986], [-70.932615, 42.840773], [-70.933699, 42.840473], [-70.936233, 42.839958], [-70.937046, 42.839804], [-70.94159, 42.838912], [-70.957929, 42.83568], [-70.958965, 42.835504], [-70.961461, 42.835169], [-70.962345, 42.835075], [-70.964544, 42.834894], [-70.965327, 42.834852], [-70.968997, 42.834641], [-70.974482, 42.83435], [-70.974758, 42.834313], [-70.976494, 42.834148], [-70.977356, 42.834029], [-70.978973, 42.833768], [-70.979807, 42.833605], [-70.98055, 42.833444], [-70.981011, 42.83334], [-70.98256, 42.83294], [-70.99069, 42.830763], [-70.993118, 42.830103], [-70.994426, 42.829755], [-70.996908, 42.8291], [-70.999423, 42.82842], [-70.999986, 42.828254], [-71.001305, 42.827836], [-71.002515, 42.827416], [-71.002732, 42.827336], [-71.005995, 42.826083], [-71.007383, 42.825524], [-71.008712, 42.82501], [-71.01017, 42.824373], [-71.011463, 42.82383], [-71.013068, 42.823106], [-71.014499, 42.822394], [-71.01594, 42.821626], [-71.016817, 42.821133], [-71.018209, 42.820272], [-71.019162, 42.819651], [-71.019933, 42.819099], [-71.020963, 42.818318], [-71.021579, 42.817797], [-71.022305, 42.81715], [-71.022558, 42.816915], [-71.023552, 42.815903], [-71.029609, 42.809381], [-71.030148, 42.808842], [-71.030838, 42.808221], [-71.031439, 42.807737], [-71.032178, 42.807194], [-71.032834, 42.806758], [-71.033426, 42.806398], [-71.033789, 42.806193], [-71.035642, 42.805163], [-71.036343, 42.804811], [-71.036635, 42.804675], [-71.037655, 42.80425], [-71.038658, 42.803885], [-71.039169, 42.803717], [-71.040136, 42.803441], [-71.040829, 42.803262], [-71.041399, 42.803134], [-71.042466, 42.802921], [-71.043008, 42.802829], [-71.044078, 42.802672], [-71.044638, 42.802609], [-71.045449, 42.802539], [-71.046311, 42.802488], [-71.047693, 42.802461], [-71.04859, 42.802475], [-71.049485, 42.802519], [-71.050741, 42.802619], [-71.051668, 42.80272], [-71.051907, 42.802755], [-71.05235, 42.802825], [-71.057705, 42.803801], [-71.065696, 42.805258], [-71.066009, 42.805318], [-71.066986, 42.805488], [-71.067874, 42.805662], [-71.068731, 42.805799], [-71.069684, 42.80593], [-71.070638, 42.806035], [-71.072553, 42.806183], [-71.073539, 42.806233], [-71.074506, 42.80626], [-71.075472, 42.80625], [-71.076408, 42.80621], [-71.078325, 42.806075], [-71.079879, 42.80584], [-71.081, 42.805609], [-71.081591, 42.805461], [-71.082935, 42.805071], [-71.083494, 42.804881], [-71.084415, 42.804528], [-71.085199, 42.804196], [-71.087196, 42.803304], [-71.095366, 42.799663], [-71.096985, 42.798916], [-71.098302, 42.798351], [-71.09962, 42.797722], [-71.100507, 42.797252], [-71.101414, 42.796734], [-71.10187, 42.796451], [-71.102431, 42.796092], [-71.10344, 42.795409], [-71.104249, 42.794811], [-71.109539, 42.790759], [-71.110039, 42.790358], [-71.111089, 42.789447], [-71.111979, 42.7886], [-71.112414, 42.788149], [-71.113204, 42.787257], [-71.113987, 42.786266], [-71.114545, 42.78549], [-71.115193, 42.784467], [-71.115742, 42.783474], [-71.115901, 42.783161], [-71.116397, 42.782054], [-71.117518, 42.77901], [-71.119251, 42.77421], [-71.119515, 42.773396], [-71.119798, 42.772419], [-71.120522, 42.769516], [-71.120998, 42.767582], [-71.122269, 42.762416], [-71.122323, 42.762194], [-71.122469, 42.76161], [-71.12255, 42.761285], [-71.122799, 42.760399], [-71.122952, 42.75996], [-71.12326, 42.759252], [-71.123415, 42.758951], [-71.123705, 42.758463], [-71.124074, 42.757923], [-71.124448, 42.757449], [-71.124744, 42.757116], [-71.125259, 42.756581], [-71.125692, 42.75619], [-71.126373, 42.755636], [-71.127585, 42.754666], [-71.129164, 42.753391], [-71.136756, 42.747291], [-71.137947, 42.746314], [-71.138782, 42.745533], [-71.139158, 42.745126], [-71.139419, 42.744843], [-71.139823, 42.744355], [-71.140344, 42.743653], [-71.140861, 42.742829], [-71.141264, 42.742056], [-71.141513, 42.741511], [-71.141875, 42.740537], [-71.142121, 42.739616], [-71.142231, 42.73907], [-71.142318, 42.738464], [-71.142367, 42.737808], [-71.142375, 42.737158], [-71.142306, 42.736179], [-71.142155, 42.735219], [-71.142051, 42.734773], [-71.141885, 42.734195], [-71.141545, 42.733267], [-71.140464, 42.730842], [-71.139222, 42.728091], [-71.138376, 42.726168], [-71.138096, 42.725478], [-71.137869, 42.72482], [-71.137676, 42.724146], [-71.137584, 42.723733], [-71.137408, 42.722755], [-71.137335, 42.721994], [-71.137311, 42.721527], [-71.13732, 42.719459], [-71.137339, 42.717997], [-71.137362, 42.717526], [-71.137385, 42.714044], [-71.137389, 42.713757], [-71.137422, 42.712381], [-71.137478, 42.711722], [-71.137531, 42.71131], [-71.13758, 42.710923], [-71.137859, 42.709514], [-71.138087, 42.708645], [-71.138325, 42.707927], [-71.139395, 42.705057], [-71.13988, 42.703774], [-71.140002, 42.703438], [-71.140044, 42.703309], [-71.140254, 42.702761], [-71.141992, 42.698158], [-71.142085, 42.69789], [-71.142174, 42.697614], [-71.142368, 42.696897], [-71.14246, 42.696458], [-71.14255, 42.695714], [-71.142566, 42.695251], [-71.142522, 42.69437], [-71.142343, 42.69305], [-71.14219, 42.692049], [-71.142068, 42.690989], [-71.142045, 42.690306], [-71.142065, 42.689534], [-71.142164, 42.688652], [-71.142317, 42.687851], [-71.142485, 42.687253], [-71.142752, 42.686555], [-71.142989, 42.686049], [-71.143108, 42.685835], [-71.143581, 42.685081], [-71.144137, 42.684371], [-71.144742, 42.683736], [-71.145373, 42.683151], [-71.145992, 42.682634], [-71.146793, 42.68203], [-71.147364, 42.681644], [-71.148554, 42.680926], [-71.149184, 42.680602], [-71.149623, 42.680383], [-71.150474, 42.679989], [-71.151282, 42.67966], [-71.151746, 42.679495], [-71.15236, 42.679277], [-71.152672, 42.679172], [-71.153048, 42.679045], [-71.153394, 42.67894], [-71.154539, 42.67859], [-71.156363, 42.678125], [-71.15744, 42.677883], [-71.159542, 42.677485], [-71.160036, 42.677392], [-71.161032, 42.677204], [-71.170487, 42.67541], [-71.172018, 42.675073], [-71.172319, 42.675002], [-71.17459, 42.674412], [-71.176215, 42.673931], [-71.177813, 42.673411], [-71.179352, 42.672871], [-71.180237, 42.672542], [-71.181147, 42.672178], [-71.181856, 42.671883], [-71.183667, 42.671071], [-71.185406, 42.670224], [-71.186511, 42.669649], [-71.187662, 42.669001], [-71.1885, 42.668521], [-71.189201, 42.668083], [-71.190578, 42.667203], [-71.191539, 42.666557], [-71.192905, 42.665539], [-71.193583, 42.665008], [-71.194023, 42.664695], [-71.194747, 42.664124], [-71.195061, 42.663889], [-71.197748, 42.661799], [-71.200055, 42.660017], [-71.201382, 42.658992], [-71.201857, 42.658622], [-71.207664, 42.654154], [-71.208577, 42.653512], [-71.210273, 42.652451], [-71.211771, 42.651635], [-71.213554, 42.650804], [-71.214189, 42.65053], [-71.216597, 42.649615], [-71.217206, 42.649392], [-71.222205, 42.647499], [-71.223031, 42.64717], [-71.224393, 42.646582], [-71.22554, 42.646039], [-71.226732, 42.645452], [-71.232073, 42.642821], [-71.23243, 42.64265], [-71.235121, 42.641323], [-71.240214, 42.63883], [-71.240571, 42.638654], [-71.243217, 42.637357], [-71.243961, 42.637011], [-71.245545, 42.63631], [-71.247008, 42.635697], [-71.248554, 42.635092], [-71.250221, 42.634476], [-71.25189, 42.6339], [-71.255588, 42.632771], [-71.257671, 42.632218], [-71.260194, 42.631618], [-71.261196, 42.631385], [-71.265381, 42.630403], [-71.266941, 42.62997], [-71.268305, 42.629528], [-71.269271, 42.62918], [-71.270306, 42.628772], [-71.271399, 42.628299], [-71.272209, 42.627916], [-71.272433, 42.627804], [-71.27292, 42.627571], [-71.274135, 42.626911], [-71.275206, 42.626291], [-71.275881, 42.625878], [-71.276935, 42.625227], [-71.277817, 42.624685], [-71.277978, 42.624584], [-71.282487, 42.621816], [-71.283099, 42.621423], [-71.285163, 42.620302], [-71.285743, 42.620023], [-71.286507, 42.619675], [-71.286811, 42.619526], [-71.287709, 42.619141], [-71.288996, 42.618628], [-71.289244, 42.618536], [-71.290269, 42.61817], [-71.291477, 42.617777], [-71.292049, 42.61759], [-71.292328, 42.617498], [-71.292991, 42.617288], [-71.295441, 42.616502], [-71.296077, 42.616298], [-71.299332, 42.615243], [-71.300198, 42.614931], [-71.30138, 42.614462], [-71.308524, 42.611376], [-71.309944, 42.610794], [-71.310464, 42.610594], [-71.311352, 42.610281], [-71.313544, 42.609681], [-71.31508, 42.609279], [-71.316121, 42.609008], [-71.317382, 42.608712], [-71.31877, 42.608422], [-71.319771, 42.608233], [-71.320717, 42.608058], [-71.3215, 42.607934], [-71.322703, 42.607769], [-71.323712, 42.607649], [-71.324634, 42.607569], [-71.325165, 42.607529], [-71.326325, 42.60744], [-71.32685, 42.607411], [-71.327665, 42.60737], [-71.33184, 42.607229], [-71.332352, 42.607212], [-71.332637, 42.607202], [-71.333944, 42.607156], [-71.334539, 42.607114], [-71.33547, 42.607022], [-71.336431, 42.606885], [-71.337599, 42.606759], [-71.339104, 42.606545], [-71.339498, 42.606475], [-71.340727, 42.606227], [-71.342229, 42.605884], [-71.342627, 42.605795], [-71.343681, 42.605548], [-71.344156, 42.605443], [-71.345134, 42.605211], [-71.350464, 42.603971], [-71.353839, 42.603183], [-71.354073, 42.603129], [-71.35615, 42.602644], [-71.357094, 42.60238], [-71.357897, 42.602119], [-71.358766, 42.601796], [-71.359336, 42.601562], [-71.360233, 42.601153], [-71.361298, 42.600597], [-71.364051, 42.599051], [-71.365711, 42.598137], [-71.373122, 42.59404], [-71.373993, 42.593573], [-71.378487, 42.591066], [-71.378906, 42.590828], [-71.379501, 42.590517], [-71.385076, 42.587431], [-71.385844, 42.587031], [-71.386611, 42.586665], [-71.387308, 42.586355], [-71.388615, 42.585819], [-71.389417, 42.585525], [-71.390588, 42.58511], [-71.397702, 42.582664], [-71.406535, 42.579609], [-71.407345, 42.57931], [-71.411706, 42.577801], [-71.412411, 42.577561], [-71.413754, 42.577079], [-71.414917, 42.576594], [-71.416226, 42.576001], [-71.417707, 42.575251], [-71.419273, 42.574338], [-71.419804, 42.574003], [-71.421088, 42.573137], [-71.42164, 42.572696], [-71.425747, 42.569533], [-71.426135, 42.56924], [-71.429425, 42.566728], [-71.437516, 42.560553], [-71.437939, 42.56026], [-71.438814, 42.559707], [-71.439721, 42.559191], [-71.440506, 42.558787], [-71.441038, 42.558547], [-71.442346, 42.557999], [-71.443764, 42.557504], [-71.445525, 42.557028], [-71.44684, 42.556743], [-71.449619, 42.55611], [-71.45017, 42.555986], [-71.461133, 42.553495], [-71.462382, 42.553242], [-71.464624, 42.552731], [-71.466709, 42.55223], [-71.468852, 42.551745], [-71.47571, 42.550189], [-71.476624, 42.54997], [-71.478084, 42.549579], [-71.478764, 42.549371], [-71.479049, 42.549283], [-71.479643, 42.549088], [-71.481199, 42.548515], [-71.482807, 42.54784], [-71.483977, 42.547272], [-71.485013, 42.546723], [-71.485775, 42.546289], [-71.486555, 42.545817], [-71.486943, 42.545563], [-71.487908, 42.544905], [-71.48851, 42.544468], [-71.489678, 42.543522], [-71.489881, 42.543355], [-71.490858, 42.542459], [-71.491306, 42.542012], [-71.492087, 42.541191], [-71.493024, 42.540071], [-71.493317, 42.539711], [-71.494427, 42.538298], [-71.496492, 42.535725], [-71.499631, 42.531787], [-71.499918, 42.531426], [-71.505042, 42.525028], [-71.505307, 42.524698], [-71.505415, 42.524561], [-71.507008, 42.52257], [-71.507874, 42.521586], [-71.508246, 42.52119], [-71.508323, 42.521099], [-71.508686, 42.52071], [-71.509294, 42.520134], [-71.510463, 42.518941], [-71.51144, 42.51808], [-71.511726, 42.517868], [-71.511945, 42.517706], [-71.51358, 42.516349], [-71.51656, 42.513919], [-71.520447, 42.510733], [-71.523634, 42.508158], [-71.532008, 42.501329], [-71.533332, 42.50027], [-71.535085, 42.498808], [-71.536194, 42.497845], [-71.537833, 42.49626], [-71.539181, 42.494858], [-71.539696, 42.494285], [-71.540883, 42.492883], [-71.541961, 42.491508], [-71.545197, 42.486958], [-71.548475, 42.482393], [-71.5491, 42.481524], [-71.551316, 42.478682], [-71.55316, 42.476511], [-71.554751, 42.474692], [-71.556697, 42.472643], [-71.557506, 42.471829], [-71.558338, 42.471058], [-71.558735, 42.470701], [-71.55992, 42.469636], [-71.563199, 42.46677], [-71.575246, 42.456283], [-71.581711, 42.450651], [-71.582135, 42.450272], [-71.582534, 42.449914], [-71.583501, 42.448964], [-71.584363, 42.448043], [-71.58509, 42.447179], [-71.58551, 42.446663], [-71.585969, 42.44606], [-71.586315, 42.445572], [-71.587432, 42.443843], [-71.588183, 42.442447], [-71.58872, 42.441314], [-71.589122, 42.440336], [-71.589536, 42.439223], [-71.590808, 42.435442], [-71.591382, 42.433925], [-71.591586, 42.433487], [-71.592263, 42.43219], [-71.592481, 42.431816], [-71.59293, 42.431138], [-71.593242, 42.430691], [-71.593262, 42.43066], [-71.59363, 42.430095], [-71.594287, 42.429263], [-71.595051, 42.428387], [-71.596158, 42.427225], [-71.604065, 42.418447], [-71.604983, 42.417368], [-71.605645, 42.416495], [-71.605764, 42.416337], [-71.606304, 42.415518], [-71.60708, 42.414175], [-71.607661, 42.412975], [-71.607853, 42.412523], [-71.608106, 42.411822], [-71.608465, 42.41065], [-71.608746, 42.409444], [-71.608903, 42.408558], [-71.609, 42.407554], [-71.609042, 42.40659], [-71.608995, 42.405202], [-71.608907, 42.404421], [-71.608718, 42.403215], [-71.608066, 42.399429], [-71.607374, 42.395406], [-71.607357, 42.395303], [-71.607289, 42.394872], [-71.607193, 42.39434], [-71.606785, 42.392561], [-71.60642, 42.391376], [-71.606089, 42.390464], [-71.605879, 42.389947], [-71.604666, 42.387399], [-71.598853, 42.375492], [-71.596833, 42.371332], [-71.596554, 42.370743], [-71.595938, 42.369509], [-71.595437, 42.368603], [-71.595183, 42.368197], [-71.594527, 42.367224], [-71.594124, 42.366674], [-71.593816, 42.366268], [-71.593581, 42.365982], [-71.592708, 42.364992], [-71.592017, 42.364281], [-71.591313, 42.36361], [-71.591143, 42.363452], [-71.590611, 42.362958], [-71.590387, 42.362756], [-71.589829, 42.362241], [-71.586531, 42.359181], [-71.586139, 42.358817], [-71.583953, 42.356814], [-71.579621, 42.352402], [-71.578063, 42.350784], [-71.577394, 42.349988], [-71.577013, 42.349456], [-71.576573, 42.348747], [-71.576209, 42.348045], [-71.576004, 42.347566], [-71.57573, 42.34677], [-71.575619, 42.34638], [-71.575428, 42.345334], [-71.575386, 42.34489], [-71.57537, 42.344476], [-71.575385, 42.343747], [-71.575467, 42.342637], [-71.575533, 42.341377], [-71.575582, 42.340617], [-71.575815, 42.336964], [-71.575893, 42.335513], [-71.575841, 42.334015], [-71.575719, 42.332652], [-71.575487, 42.331236], [-71.575191, 42.32994], [-71.574773, 42.328553], [-71.574306, 42.327286], [-71.573714, 42.325932], [-71.570799, 42.319368], [-71.569473, 42.31634], [-71.568973, 42.315109], [-71.568829, 42.314751], [-71.568431, 42.313802], [-71.568052, 42.312866], [-71.566369, 42.30876], [-71.566148, 42.308124], [-71.565896, 42.307258], [-71.565801, 42.306875], [-71.565526, 42.305327], [-71.565441, 42.304522], [-71.565416, 42.303779], [-71.565429, 42.303216], [-71.565492, 42.302557], [-71.565552, 42.302178], [-71.565757, 42.301243], [-71.565917, 42.300685], [-71.566105, 42.30013], [-71.567171, 42.297632], [-71.567624, 42.29646], [-71.56791, 42.295385], [-71.568008, 42.294871], [-71.568086, 42.294318], [-71.568139, 42.29354], [-71.568125, 42.292643], [-71.568029, 42.291784], [-71.56758, 42.289011], [-71.567473, 42.288423], [-71.567175, 42.286183], [-71.567121, 42.285535], [-71.567092, 42.284856], [-71.567076, 42.283805], [-71.56711, 42.283007], [-71.567116, 42.282048], [-71.567047, 42.280874], [-71.56693, 42.279889], [-71.566249, 42.276118], [-71.566216, 42.275931], [-71.564959, 42.26909], [-71.564875, 42.268625], [-71.564574, 42.26696], [-71.564467, 42.266372], [-71.564256, 42.265363], [-71.564012, 42.264465], [-71.564077, 42.263992], [-71.564134, 42.263807], [-71.564328, 42.263429], [-71.564496, 42.263232], [-71.564709, 42.263075], [-71.564961, 42.262962], [-71.565269, 42.262899], [-71.565708, 42.262867], [-71.566567, 42.263012], [-71.56711, 42.263155], [-71.567818, 42.263401], [-71.568352, 42.263668], [-71.56883, 42.263973], [-71.569288, 42.264355], [-71.569691, 42.264721], [-71.570098, 42.26509], [-71.570304, 42.265247], [-71.570544, 42.265365], [-71.570826, 42.265452], [-71.571117, 42.265489], [-71.571417, 42.265483], [-71.571706, 42.26543], [-71.571974, 42.265335], [-71.572096, 42.265272], [-71.572314, 42.265116], [-71.572401, 42.26503], [-71.57248, 42.264933], [-71.572589, 42.264734], [-71.572644, 42.264519], [-71.572683, 42.263706], [-71.57275, 42.263514], [-71.572833, 42.263388], [-71.572994, 42.263217], [-71.573192, 42.263059], [-71.574039, 42.262515], [-71.574371, 42.262275], [-71.574769, 42.261946], [-71.575406, 42.261483], [-71.576015, 42.261], [-71.576597, 42.260492], [-71.577142, 42.259965], [-71.585783, 42.250661], [-71.586066, 42.250347], [-71.588454, 42.247759], [-71.590336, 42.245736], [-71.590871, 42.245191], [-71.592088, 42.244099], [-71.592736, 42.243565], [-71.593321, 42.243108], [-71.594233, 42.242449], [-71.594922, 42.241978], [-71.599988, 42.23852], [-71.601078, 42.237805], [-71.601921, 42.237291], [-71.602798, 42.23681], [-71.603841, 42.236269], [-71.609282, 42.233581], [-71.609418, 42.233518], [-71.615072, 42.230735], [-71.616006, 42.230317], [-71.61696, 42.229934], [-71.617625, 42.229705], [-71.618632, 42.229395], [-71.620349, 42.228953], [-71.626556, 42.227419], [-71.628127, 42.227081], [-71.629013, 42.226935], [-71.629729, 42.22684], [-71.63081, 42.22674], [-71.631898, 42.226688], [-71.632806, 42.226681], [-71.633811, 42.226714], [-71.635168, 42.226828], [-71.640258, 42.227386], [-71.644695, 42.22787], [-71.652745, 42.228741], [-71.6529, 42.228758], [-71.654325, 42.22888], [-71.655465, 42.228916], [-71.656084, 42.228912], [-71.656963, 42.228883], [-71.657529, 42.228848], [-71.658339, 42.228771], [-71.65962, 42.228603], [-71.660368, 42.228469], [-71.665222, 42.227425], [-71.666089, 42.227264], [-71.666695, 42.227175], [-71.667973, 42.227028], [-71.669237, 42.226958], [-71.67001, 42.226939], [-71.671477, 42.226974], [-71.676963, 42.227176], [-71.692955, 42.22772], [-71.693827, 42.227727], [-71.695016, 42.227682], [-71.696034, 42.227602], [-71.697042, 42.227478], [-71.697545, 42.2274], [-71.698022, 42.227319], [-71.699009, 42.227116], [-71.699898, 42.226888], [-71.701956, 42.226312], [-71.705945, 42.225162], [-71.706399, 42.225034], [-71.707601, 42.224683], [-71.708293, 42.224505], [-71.709138, 42.224299], [-71.710258, 42.224055], [-71.711575, 42.223814], [-71.712432, 42.223681], [-71.714199, 42.223477], [-71.715242, 42.223392], [-71.716426, 42.22333], [-71.729168, 42.222977], [-71.729502, 42.222968], [-71.73023, 42.22295], [-71.734925, 42.222831], [-71.735209, 42.222824], [-71.736363, 42.222789], [-71.739813, 42.222697], [-71.740762, 42.222669], [-71.744214, 42.222572], [-71.745973, 42.222488], [-71.747987, 42.222335], [-71.748344, 42.222294], [-71.748553, 42.22227], [-71.749445, 42.222175], [-71.751052, 42.221969], [-71.752101, 42.221818], [-71.754251, 42.221454], [-71.755983, 42.2211], [-71.757142, 42.220835], [-71.7586, 42.220469], [-71.759416, 42.220245], [-71.759694, 42.220166], [-71.761035, 42.219773], [-71.76199, 42.219475], [-71.763296, 42.21903], [-71.765086, 42.218365], [-71.766078, 42.217969], [-71.767841, 42.217208], [-71.768824, 42.216755], [-71.769867, 42.216241], [-71.771549, 42.215372], [-71.781044, 42.210377], [-71.782007, 42.209867], [-71.783075, 42.209307], [-71.783886, 42.208881], [-71.785128, 42.208299], [-71.785934, 42.207965], [-71.787091, 42.207558], [-71.787871, 42.207325], [-71.788756, 42.207087], [-71.789674, 42.20689], [-71.790782, 42.206697], [-71.791645, 42.206585], [-71.792234, 42.206527], [-71.793679, 42.206435], [-71.795632, 42.206368], [-71.7987, 42.206207], [-71.802278, 42.206029], [-71.803531, 42.205934], [-71.804703, 42.205817], [-71.806008, 42.205659], [-71.807188, 42.205501], [-71.808935, 42.205214], [-71.813152, 42.204352], [-71.814285, 42.204117], [-71.816697, 42.203644], [-71.818216, 42.203377], [-71.820285, 42.203088], [-71.82336, 42.202733], [-71.823853, 42.202679], [-71.825338, 42.202493], [-71.830364, 42.201914], [-71.831795, 42.201745], [-71.832704, 42.201616], [-71.833277, 42.201514], [-71.834032, 42.201353], [-71.834543, 42.201227], [-71.835686, 42.200899], [-71.836233, 42.200699], [-71.836979, 42.200392], [-71.838087, 42.199881], [-71.838749, 42.199515], [-71.842194, 42.19732], [-71.842748, 42.196989], [-71.843428, 42.196624], [-71.844411, 42.196124], [-71.844935, 42.195876], [-71.846119, 42.195329], [-71.846961, 42.194954], [-71.847527, 42.194706], [-71.849134, 42.194017], [-71.850975, 42.193275], [-71.8519, 42.192936], [-71.852885, 42.192615], [-71.853691, 42.192397], [-71.854453, 42.192213], [-71.855819, 42.191957], [-71.856595, 42.191845], [-71.85713, 42.191784], [-71.857717, 42.191728], [-71.858788, 42.191654], [-71.860078, 42.19157], [-71.862378, 42.191418], [-71.863314, 42.191315], [-71.864021, 42.191215], [-71.864917, 42.191062], [-71.866246, 42.190764], [-71.86735, 42.190459], [-71.868064, 42.190231], [-71.868524, 42.190067], [-71.869501, 42.189683], [-71.871788, 42.188693], [-71.872713, 42.188297], [-71.873326, 42.188026], [-71.874495, 42.187551], [-71.875134, 42.187323], [-71.875781, 42.187119], [-71.885906, 42.18436], [-71.886752, 42.184144], [-71.887754, 42.183912], [-71.896369, 42.181997], [-71.896604, 42.181941], [-71.897457, 42.181737], [-71.89803, 42.181588], [-71.898747, 42.181401], [-71.901184, 42.18064], [-71.903156, 42.179908], [-71.907227, 42.178318], [-71.909341, 42.177535], [-71.911228, 42.176948], [-71.91224, 42.176667], [-71.913452, 42.17636], [-71.914007, 42.176236], [-71.914958, 42.176024], [-71.91893, 42.175218], [-71.920354, 42.174912], [-71.921509, 42.174642], [-71.922444, 42.174403], [-71.923578, 42.174076], [-71.924914, 42.173663], [-71.925596, 42.173429], [-71.92693, 42.172942], [-71.928096, 42.172473], [-71.928693, 42.172216], [-71.930363, 42.171447], [-71.937044, 42.167972], [-71.93799, 42.167473], [-71.942228, 42.165246], [-71.942953, 42.164883], [-71.944131, 42.164335], [-71.94477, 42.164058], [-71.946696, 42.163273], [-71.951943, 42.161211], [-71.955843, 42.159646], [-71.95786, 42.158734], [-71.959033, 42.158141], [-71.959989, 42.157625], [-71.961477, 42.156812], [-71.963239, 42.155897], [-71.964404, 42.155388], [-71.965019, 42.155145], [-71.96625, 42.154715], [-71.967139, 42.154447], [-71.968122, 42.154188], [-71.969195, 42.15394], [-71.970341, 42.153724], [-71.971916, 42.153515], [-71.972774, 42.153434], [-71.973691, 42.153375], [-71.976063, 42.153297], [-71.978114, 42.153196], [-71.978306, 42.153189], [-71.981229, 42.153067], [-71.982507, 42.152998], [-71.984165, 42.152848], [-71.9852, 42.15273], [-71.985955, 42.152622], [-71.986346, 42.152574], [-71.987335, 42.152419], [-71.988324, 42.152239], [-71.9918, 42.151527], [-71.992565, 42.151373], [-71.996212, 42.150626], [-71.996874, 42.150475], [-71.999405, 42.149955], [-72.000326, 42.149748], [-72.001029, 42.149621], [-72.003868, 42.149036], [-72.004366, 42.14895], [-72.005755, 42.148642], [-72.006904, 42.148406], [-72.008053, 42.148149], [-72.009456, 42.147795], [-72.011376, 42.147238], [-72.012454, 42.146876], [-72.01326, 42.146584], [-72.014997, 42.145899], [-72.015677, 42.145607], [-72.016612, 42.145178], [-72.017832, 42.144588], [-72.021369, 42.142822], [-72.025334, 42.140866], [-72.025911, 42.140605], [-72.026732, 42.140268], [-72.027234, 42.140045], [-72.029597, 42.139201], [-72.031067, 42.13873], [-72.033544, 42.138037], [-72.037208, 42.136968], [-72.040082, 42.13604], [-72.043375, 42.134964], [-72.046607, 42.133913], [-72.053197, 42.131768], [-72.054456, 42.131459], [-72.054884, 42.131375], [-72.055416, 42.131304], [-72.055932, 42.131285], [-72.056351, 42.131303], [-72.058203, 42.131518], [-72.058808, 42.131534], [-72.059296, 42.131504], [-72.059661, 42.131449], [-72.060217, 42.131323], [-72.060614, 42.131196], [-72.060967, 42.131051], [-72.06138, 42.13084], [-72.061739, 42.130608], [-72.062141, 42.1303], [-72.063868, 42.128707], [-72.066134, 42.126661], [-72.067279, 42.125651], [-72.069943, 42.123234], [-72.070549, 42.122658], [-72.071254, 42.121925], [-72.071574, 42.121546], [-72.072015, 42.120939], [-72.073491, 42.118646], [-72.073901, 42.118101], [-72.074398, 42.117568], [-72.074838, 42.117169], [-72.075304, 42.116818], [-72.075598, 42.116623], [-72.075917, 42.116413], [-72.078751, 42.114732], [-72.079144, 42.114474], [-72.079776, 42.114011], [-72.080217, 42.113656], [-72.08045, 42.113427], [-72.08127, 42.112523], [-72.081782, 42.111701], [-72.081977, 42.111345], [-72.08235, 42.110498], [-72.082588, 42.109899], [-72.082706, 42.109605], [-72.082999, 42.108866], [-72.084109, 42.105992], [-72.084462, 42.104994], [-72.084599, 42.104553], [-72.086071, 42.099291], [-72.086448, 42.098275], [-72.086892, 42.09734], [-72.087107, 42.096827], [-72.087548, 42.095974], [-72.088001, 42.095206], [-72.088522, 42.094426], [-72.089078, 42.093656], [-72.090076, 42.092435], [-72.093339, 42.088628], [-72.094838, 42.086873], [-72.095444, 42.086108], [-72.095907, 42.085482], [-72.096756, 42.084218], [-72.097367, 42.083126], [-72.097701, 42.082463], [-72.098886, 42.079857], [-72.099066, 42.07948], [-72.099454, 42.078753], [-72.099863, 42.078069], [-72.100462, 42.077158], [-72.10116, 42.07621], [-72.101835, 42.075394], [-72.102178, 42.075005], [-72.105434, 42.071512], [-72.106182, 42.07066], [-72.107118, 42.069512], [-72.108726, 42.067357], [-72.109058, 42.066955], [-72.109531, 42.0663], [-72.110994, 42.064354], [-72.111555, 42.063567], [-72.114874, 42.058748], [-72.115909, 42.057298], [-72.11692, 42.055953], [-72.117567, 42.055143], [-72.11831, 42.054221], [-72.11978, 42.052557], [-72.120618, 42.05148], [-72.121177, 42.050709], [-72.121974, 42.049503], [-72.122338, 42.04891], [-72.122638, 42.048347], [-72.123102, 42.047448], [-72.123714, 42.046133], [-72.124163, 42.045302], [-72.124821, 42.044234], [-72.125643, 42.043068], [-72.125999, 42.042615], [-72.126576, 42.041932], [-72.129192, 42.038957], [-72.129839, 42.0382], [-72.133161, 42.034448], [-72.135646, 42.03162], [-72.136816, 42.030286], [-72.137535, 42.029461], [-72.138727, 42.028105], [-72.139306, 42.027528], [-72.139633, 42.027263], [-72.140084, 42.026948], [-72.141349, 42.026192], [-72.141422, 42.026149], [-72.142454, 42.025539], [-72.143726, 42.024748], [-72.144826, 42.024037], [-72.145938, 42.0233], [-72.148509, 42.021543], [-72.152341, 42.018924], [-72.15299, 42.018464], [-72.153459, 42.018089], [-72.153844, 42.017731], [-72.154239, 42.017329], [-72.154632, 42.016855], [-72.159241, 42.010462], [-72.160539, 42.008551], [-72.162509, 42.005437], [-72.163099, 42.004469], [-72.166494, 41.998543], [-72.166892, 41.997895], [-72.167371, 41.997167], [-72.167983, 41.996295], [-72.168524, 41.995576], [-72.172558, 41.990493], [-72.175951, 41.986225], [-72.176922, 41.984955], [-72.17738, 41.984338], [-72.177884, 41.98364], [-72.178718, 41.982424], [-72.179881, 41.980612], [-72.181111, 41.978598], [-72.182126, 41.976941], [-72.182871, 41.975813], [-72.183453, 41.97501], [-72.185059, 41.972917], [-72.192918, 41.962714], [-72.1996, 41.954037], [-72.200835, 41.952436], [-72.201591, 41.951525], [-72.202348, 41.950722], [-72.20327, 41.949872], [-72.203726, 41.94949], [-72.204172, 41.949144], [-72.204672, 41.94878], [-72.205452, 41.948252], [-72.206386, 41.947686], [-72.207767, 41.946962], [-72.208492, 41.94663], [-72.209722, 41.946135], [-72.227873, 41.939216], [-72.229554, 41.938563], [-72.230474, 41.938176], [-72.231451, 41.937735], [-72.255873, 41.9262], [-72.256751, 41.925756], [-72.257431, 41.925367], [-72.257943, 41.925036], [-72.258617, 41.924548], [-72.259084, 41.924173], [-72.259523, 41.923776], [-72.259947, 41.923357], [-72.261049, 41.922084], [-72.265698, 41.916559], [-72.273341, 41.907475], [-72.273769, 41.906997], [-72.274353, 41.906432], [-72.275037, 41.905865], [-72.275498, 41.905536], [-72.276349, 41.905012], [-72.277056, 41.904634], [-72.277747, 41.904322], [-72.278348, 41.904087], [-72.279187, 41.903805], [-72.280069, 41.903553], [-72.282208, 41.902946], [-72.282755, 41.902777], [-72.28326, 41.902598], [-72.283678, 41.90243], [-72.284483, 41.902062], [-72.284913, 41.901834], [-72.285327, 41.901593], [-72.285695, 41.901357], [-72.286087, 41.901079], [-72.286466, 41.900785], [-72.286828, 41.900477], [-72.287537, 41.899778], [-72.287759, 41.899551], [-72.289824, 41.89745], [-72.290569, 41.896702], [-72.290913, 41.896401], [-72.291345, 41.896063], [-72.291776, 41.895758], [-72.292255, 41.895456], [-72.292777, 41.895161], [-72.293241, 41.894931], [-72.300543, 41.891599], [-72.302873, 41.890537], [-72.303358, 41.890316], [-72.308352, 41.888038], [-72.311765, 41.886467], [-72.316765, 41.884196], [-72.35428, 41.867075], [-72.356398, 41.866108], [-72.356464, 41.866079], [-72.35727, 41.865711], [-72.365397, 41.862002], [-72.367652, 41.860971], [-72.369035, 41.860265], [-72.369138, 41.860207], [-72.369986, 41.859703], [-72.372536, 41.858106], [-72.373095, 41.857774], [-72.373646, 41.857486], [-72.37405, 41.857299], [-72.374673, 41.857046], [-72.375083, 41.856902], [-72.37553, 41.856764], [-72.376176, 41.856589], [-72.378181, 41.856096], [-72.387144, 41.85402], [-72.387892, 41.853871], [-72.388686, 41.853766], [-72.389635, 41.853724], [-72.390243, 41.853738], [-72.391127, 41.853822], [-72.391664, 41.853903], [-72.392092, 41.853988], [-72.392777, 41.854168], [-72.393337, 41.854353], [-72.396272, 41.855493], [-72.396762, 41.855662], [-72.39711, 41.855766], [-72.397727, 41.855914], [-72.39839, 41.856033], [-72.399041, 41.856112], [-72.399707, 41.856149], [-72.400246, 41.85615], [-72.400915, 41.856116], [-72.401569, 41.856044], [-72.402224, 41.855933], [-72.402733, 41.855816], [-72.403337, 41.855644], [-72.403875, 41.855465], [-72.405088, 41.855028], [-72.405672, 41.854858], [-72.406146, 41.854747], [-72.40669, 41.854642], [-72.407284, 41.854559], [-72.407763, 41.854519], [-72.408362, 41.854494], [-72.415646, 41.854357], [-72.416242, 41.854361], [-72.416957, 41.8544], [-72.417431, 41.854446], [-72.421692, 41.854951], [-72.423785, 41.855197], [-72.424484, 41.855247], [-72.425145, 41.855268], [-72.425709, 41.855267], [-72.426286, 41.855241], [-72.427384, 41.855142], [-72.428187, 41.855014], [-72.429118, 41.854812], [-72.429667, 41.854665], [-72.430562, 41.854374], [-72.43108, 41.854177], [-72.431565, 41.853973], [-72.432345, 41.853587], [-72.433191, 41.853085], [-72.433636, 41.852783], [-72.434227, 41.852337], [-72.443242, 41.845162], [-72.443896, 41.844682], [-72.444597, 41.844208], [-72.445346, 41.843746], [-72.446178, 41.843281], [-72.459208, 41.836449], [-72.46133, 41.835336], [-72.466426, 41.832659], [-72.467686, 41.832007], [-72.468467, 41.831638], [-72.469681, 41.831131], [-72.470863, 41.830723], [-72.47186, 41.830426], [-72.472499, 41.830251], [-72.478238, 41.828821], [-72.481404, 41.828036], [-72.484631, 41.827226], [-72.486507, 41.826754], [-72.492528, 41.825268], [-72.497589, 41.823996], [-72.498516, 41.823762], [-72.499129, 41.82361], [-72.499175, 41.823599], [-72.501374, 41.823058], [-72.502068, 41.822869], [-72.502798, 41.822611], [-72.503644, 41.822245], [-72.503786, 41.822176], [-72.504008, 41.822062], [-72.50453, 41.821771], [-72.504902, 41.821542], [-72.505512, 41.821111], [-72.513065, 41.815433], [-72.513866, 41.814881], [-72.514862, 41.814271], [-72.515579, 41.813875], [-72.516304, 41.813509], [-72.517096, 41.81315], [-72.518115, 41.812729], [-72.518723, 41.812507], [-72.519676, 41.812196], [-72.521758, 41.811597], [-72.523692, 41.811045], [-72.524968, 41.81062], [-72.525685, 41.810345], [-72.526348, 41.810067], [-72.528186, 41.809247], [-72.533228, 41.806978], [-72.534332, 41.806506], [-72.534784, 41.806326], [-72.536132, 41.805817], [-72.537242, 41.805438], [-72.538492, 41.805053], [-72.539562, 41.804751], [-72.540619, 41.804482], [-72.542304, 41.804106], [-72.543354, 41.803904], [-72.544837, 41.803653], [-72.545844, 41.803488], [-72.550626, 41.802705], [-72.551415, 41.802533], [-72.552103, 41.802338], [-72.552604, 41.802163], [-72.553451, 41.801808], [-72.553905, 41.801581], [-72.554368, 41.80132], [-72.554737, 41.801085], [-72.555179, 41.80077], [-72.555582, 41.800448], [-72.555976, 41.80009], [-72.556247, 41.799814], [-72.556542, 41.799471], [-72.560199, 41.794839], [-72.56065, 41.794268], [-72.561824, 41.792779], [-72.563076, 41.791083], [-72.564753, 41.788685], [-72.565491, 41.787629], [-72.569531, 41.78185], [-72.570328, 41.780709], [-72.571639, 41.778856], [-72.572274, 41.778106], [-72.57288, 41.777501], [-72.573192, 41.777223], [-72.573747, 41.776777], [-72.574533, 41.776218], [-72.575285, 41.775759], [-72.575848, 41.775453], [-72.576273, 41.775245], [-72.576779, 41.775016], [-72.577326, 41.774792], [-72.578034, 41.774521], [-72.578807, 41.774266], [-72.579794, 41.773988], [-72.580684, 41.773792], [-72.581558, 41.773654], [-72.582336, 41.773579], [-72.583138, 41.77354], [-72.583777, 41.773536], [-72.586597, 41.773579], [-72.587399, 41.773555], [-72.588265, 41.773493], [-72.589039, 41.7734], [-72.597899, 41.772136], [-72.598121, 41.772106], [-72.600672, 41.771769], [-72.603851, 41.771307], [-72.604765, 41.771165], [-72.60578, 41.770983], [-72.606543, 41.770829], [-72.607347, 41.770641], [-72.61279, 41.769256], [-72.617076, 41.768152], [-72.619749, 41.76743], [-72.621143, 41.767048], [-72.626447, 41.765646], [-72.62957, 41.764888], [-72.631762, 41.764319], [-72.632357, 41.764178], [-72.633499, 41.763946], [-72.634529, 41.763761], [-72.635228, 41.763658], [-72.636139, 41.763553], [-72.636982, 41.763484], [-72.637104, 41.763478], [-72.638396, 41.763449], [-72.639663, 41.763465], [-72.640508, 41.763513], [-72.64135, 41.763602], [-72.642244, 41.763745], [-72.64303, 41.763916], [-72.645523, 41.764595], [-72.645924, 41.764706], [-72.64658, 41.764887], [-72.647868, 41.765241], [-72.649138, 41.76556], [-72.651531, 41.766219], [-72.653107, 41.766663], [-72.655348, 41.767392], [-72.656613, 41.767814], [-72.658025, 41.768285], [-72.658393, 41.768408], [-72.659574, 41.768827], [-72.659943, 41.768956], [-72.660133, 41.769023], [-72.660975, 41.769313], [-72.661566, 41.769453], [-72.66216, 41.769537], [-72.662703, 41.769571], [-72.663352, 41.769573], [-72.666687, 41.769573], [-72.666914, 41.769569], [-72.667718, 41.769542], [-72.668128, 41.769536], [-72.669163, 41.769554], [-72.671298, 41.7697], [-72.672608, 41.769746], [-72.674222, 41.769793], [-72.674585, 41.769806], [-72.674919, 41.769842], [-72.675206, 41.76989], [-72.675566, 41.769971], [-72.675942, 41.770078], [-72.676196, 41.770169], [-72.676713, 41.770392], [-72.677792, 41.770897], [-72.678087, 41.771003], [-72.678385, 41.771086], [-72.67873, 41.771157], [-72.679089, 41.771207], [-72.679389, 41.771227], [-72.67972, 41.771225], [-72.680019, 41.771204], [-72.68037, 41.771157], [-72.680657, 41.771096], [-72.680977, 41.771004], [-72.681387, 41.770843], [-72.681721, 41.770668], [-72.682109, 41.770411], [-72.68234, 41.770218], [-72.682572, 41.769983], [-72.682717, 41.769805], [-72.68296, 41.769447], [-72.683418, 41.768754], [-72.68374, 41.768322], [-72.684189, 41.76788], [-72.6846, 41.767562], [-72.685124, 41.767253], [-72.685574, 41.767048], [-72.686307, 41.766779], [-72.687648, 41.766328], [-72.68935, 41.765746], [-72.690641, 41.765366], [-72.691535, 41.765075], [-72.69297, 41.764548], [-72.693856, 41.764173], [-72.694666, 41.763792], [-72.695146, 41.763541], [-72.695555, 41.763284], [-72.696739, 41.762339], [-72.697159, 41.76207], [-72.697591, 41.761856], [-72.698496, 41.761486], [-72.69887, 41.761314], [-72.699209, 41.76112], [-72.699543, 41.760882], [-72.69984, 41.760625], [-72.700113, 41.760315], [-72.70036, 41.759948], [-72.700528, 41.759607], [-72.700638, 41.759306], [-72.700764, 41.758812], [-72.700815, 41.758505], [-72.700843, 41.758034], [-72.70085, 41.75763], [-72.700855, 41.755467], [-72.700932, 41.754885], [-72.701078, 41.754367], [-72.701218, 41.753976], [-72.701357, 41.753669], [-72.701521, 41.753362], [-72.701841, 41.752884], [-72.702156, 41.752504], [-72.702579, 41.752092], [-72.703121, 41.75165], [-72.703665, 41.751257], [-72.704031, 41.751036], [-72.704582, 41.750753], [-72.705098, 41.750523], [-72.705535, 41.750358], [-72.705979, 41.750225], [-72.706449, 41.750106], [-72.707006, 41.750002], [-72.707521, 41.749938], [-72.708075, 41.749902], [-72.70871, 41.749898], [-72.711912, 41.750005], [-72.713221, 41.750044], [-72.714821, 41.75008], [-72.719593, 41.75013], [-72.727939, 41.75021], [-72.728511, 41.750186], [-72.729164, 41.750119], [-72.729704, 41.750027], [-72.730211, 41.749906], [-72.731709, 41.749526], [-72.733057, 41.749176], [-72.733692, 41.748951], [-72.734224, 41.748709], [-72.734491, 41.748547], [-72.734667, 41.748417], [-72.734839, 41.748268], [-72.735063, 41.748032], [-72.735222, 41.747822], [-72.735352, 41.747596], [-72.735481, 41.747281], [-72.735568, 41.747005], [-72.735633, 41.746655], [-72.73564, 41.746423], [-72.735524, 41.745134], [-72.735374, 41.743621], [-72.735364, 41.74333], [-72.735432, 41.742773], [-72.735542, 41.742373], [-72.735632, 41.74215], [-72.735864, 41.74173], [-72.736191, 41.741284], [-72.737629, 41.739748], [-72.738966, 41.738375], [-72.739681, 41.737639], [-72.740437, 41.73686], [-72.740767, 41.736554], [-72.740967, 41.736399], [-72.741303, 41.736175], [-72.741599, 41.736003], [-72.741904, 41.735853], [-72.742326, 41.735679], [-72.7427, 41.735552], [-72.742972, 41.735477], [-72.743663, 41.735323], [-72.74722, 41.734583], [-72.749975, 41.734004], [-72.750369, 41.733904], [-72.750772, 41.733779], [-72.751374, 41.733552], [-72.751977, 41.733267], [-72.752373, 41.733046], [-72.752817, 41.732748], [-72.753062, 41.732564], [-72.753321, 41.732349], [-72.753633, 41.732054], [-72.753858, 41.731811], [-72.754134, 41.731474], [-72.755451, 41.729782], [-72.756103, 41.728978], [-72.756376, 41.728707], [-72.75669, 41.72844], [-72.757126, 41.72813], [-72.757458, 41.72793], [-72.75752, 41.727897], [-72.75799, 41.727663], [-72.758417, 41.727486], [-72.759039, 41.72729], [-72.75959, 41.727168], [-72.760205, 41.727079], [-72.760774, 41.727036], [-72.761154, 41.727029], [-72.762941, 41.727096], [-72.76505, 41.727178], [-72.76546, 41.727194], [-72.767381, 41.727264], [-72.768593, 41.727272], [-72.769615, 41.727261], [-72.771518, 41.727189], [-72.773396, 41.727065], [-72.77506, 41.7269], [-72.776929, 41.726657], [-72.77904, 41.726308], [-72.780896, 41.72596], [-72.781428, 41.725844], [-72.78285, 41.725497], [-72.784378, 41.725077], [-72.785139, 41.724852], [-72.789181, 41.723574], [-72.791443, 41.722859], [-72.791915, 41.722684], [-72.792379, 41.722477], [-72.792979, 41.722163], [-72.793368, 41.72191], [-72.793869, 41.721529], [-72.794186, 41.721255], [-72.794561, 41.720891], [-72.794986, 41.720435], [-72.795454, 41.719867], [-72.795891, 41.719271], [-72.796249, 41.718705], [-72.796527, 41.718182], [-72.796687, 41.717875], [-72.801323, 41.708987], [-72.802126, 41.70749], [-72.802762, 41.706261], [-72.80343, 41.704954], [-72.803964, 41.703995], [-72.804592, 41.702968], [-72.805305, 41.701906], [-72.814514, 41.689265], [-72.815164, 41.688314], [-72.815585, 41.687583], [-72.815833, 41.687066], [-72.817968, 41.681691], [-72.818474, 41.680416], [-72.820931, 41.674214], [-72.821265, 41.673359], [-72.821628, 41.672517], [-72.821787, 41.672222], [-72.82205, 41.671806], [-72.822363, 41.67139], [-72.82268, 41.671021], [-72.822979, 41.670723], [-72.823443, 41.670332], [-72.823763, 41.67009], [-72.824178, 41.669815], [-72.824577, 41.669591], [-72.824919, 41.669423], [-72.825389, 41.669219], [-72.825879, 41.669066], [-72.826563, 41.668924], [-72.827146, 41.668859], [-72.827853, 41.668842], [-72.828348, 41.668859], [-72.828777, 41.668896], [-72.82953, 41.669003], [-72.831396, 41.669305], [-72.836923, 41.670139], [-72.838151, 41.670285], [-72.839374, 41.670397], [-72.840089, 41.670434], [-72.840879, 41.670426], [-72.841832, 41.670352], [-72.842407, 41.670265], [-72.842658, 41.670208], [-72.842987, 41.670109], [-72.843584, 41.669876], [-72.844071, 41.669615], [-72.844361, 41.669418], [-72.844649, 41.669195], [-72.844996, 41.668856], [-72.845272, 41.6685], [-72.845409, 41.668289], [-72.845572, 41.667984], [-72.846425, 41.66607], [-72.846635, 41.665614], [-72.847392, 41.664066], [-72.848142, 41.66258], [-72.848516, 41.6619], [-72.848826, 41.661352], [-72.84918, 41.660779], [-72.84933, 41.660544], [-72.849899, 41.659671], [-72.850182, 41.659267], [-72.850808, 41.658406], [-72.851195, 41.657907], [-72.859378, 41.647858], [-72.86824, 41.637025], [-72.869236, 41.63596], [-72.870341, 41.634922], [-72.871497, 41.633963], [-72.872748, 41.633019], [-72.873359, 41.632562], [-72.873951, 41.632123], [-72.876082, 41.630549], [-72.876531, 41.630214], [-72.877255, 41.629676], [-72.878085, 41.629064], [-72.878614, 41.628695], [-72.879707, 41.627969], [-72.880255, 41.627623], [-72.881963, 41.62661], [-72.88911, 41.622528], [-72.890112, 41.621897], [-72.891091, 41.621216], [-72.891682, 41.620769], [-72.89257, 41.620042], [-72.893135, 41.619542], [-72.89395, 41.618754], [-72.894438, 41.618236], [-72.894914, 41.617696], [-72.896469, 41.615729], [-72.899737, 41.611551], [-72.900147, 41.610974], [-72.90034, 41.610674], [-72.900673, 41.610076], [-72.900963, 41.609451], [-72.901199, 41.608823], [-72.901298, 41.608508], [-72.901454, 41.607863], [-72.903455, 41.597464], [-72.903522, 41.597119], [-72.903717, 41.595976], [-72.903766, 41.595319], [-72.903756, 41.59467], [-72.903693, 41.594016], [-72.903582, 41.593361], [-72.903414, 41.592721], [-72.903251, 41.592243], [-72.903067, 41.591773], [-72.902921, 41.591464], [-72.902766, 41.591158], [-72.902421, 41.590562], [-72.90223, 41.590268], [-72.9018, 41.589689], [-72.899981, 41.587338], [-72.899694, 41.586889], [-72.899552, 41.586616], [-72.89941, 41.586293], [-72.899259, 41.585859], [-72.89911, 41.585218], [-72.899057, 41.584559], [-72.899096, 41.583899], [-72.899225, 41.58325], [-72.899453, 41.582608], [-72.899773, 41.581993], [-72.90004, 41.581584], [-72.90288, 41.57791], [-72.905282, 41.574809], [-72.910542, 41.568011], [-72.913525, 41.564153], [-72.915009, 41.562229], [-72.9155, 41.561678], [-72.916054, 41.561167], [-72.916682, 41.560691], [-72.916993, 41.56048], [-72.917696, 41.560072], [-72.918441, 41.559722], [-72.924183, 41.55725], [-72.925938, 41.556509], [-72.929389, 41.555021], [-72.930134, 41.554677], [-72.930499, 41.554491], [-72.931195, 41.5541], [-72.931863, 41.553675], [-72.932492, 41.553215], [-72.933083, 41.552733], [-72.941864, 41.545178], [-72.943511, 41.543771], [-72.943838, 41.543521], [-72.944187, 41.543283], [-72.944865, 41.542887], [-72.945598, 41.542542], [-72.946374, 41.542259], [-72.946777, 41.54214], [-72.947606, 41.541957], [-72.948028, 41.541888], [-72.948452, 41.541836], [-72.948875, 41.541797], [-72.951352, 41.541638], [-72.952197, 41.541585], [-72.952889, 41.541528], [-72.953366, 41.541459], [-72.953815, 41.541373], [-72.95424, 41.541266], [-72.95466, 41.541137], [-72.955068, 41.540992], [-72.955459, 41.540829], [-72.955851, 41.540635], [-72.956206, 41.540432], [-72.956546, 41.540213], [-72.956862, 41.539986], [-72.957178, 41.53973], [-72.958982, 41.538169], [-72.959291, 41.537941], [-72.959931, 41.537543], [-72.960631, 41.537209], [-72.961001, 41.537066], [-72.961386, 41.536936], [-72.961807, 41.536817], [-72.962191, 41.536731], [-72.962608, 41.536657], [-72.96337, 41.536568], [-72.963857, 41.53655], [-72.964694, 41.536579], [-72.965398, 41.536662], [-72.966174, 41.536827], [-72.966818, 41.537018], [-72.967313, 41.537208], [-72.971898, 41.539229], [-72.973402, 41.5399], [-72.976345, 41.541186], [-72.978855, 41.542304], [-72.980049, 41.542833], [-72.980247, 41.54292], [-72.981201, 41.54334], [-72.981737, 41.543544], [-72.982367, 41.543726], [-72.982763, 41.543815], [-72.983185, 41.543887], [-72.984124, 41.543975], [-72.984712, 41.543984], [-72.985654, 41.543924], [-72.986069, 41.543867], [-72.986486, 41.543788], [-72.986946, 41.543677], [-72.987395, 41.543543], [-72.990823, 41.542319], [-72.99436, 41.541053], [-72.995105, 41.540786], [-73.001246, 41.538597], [-73.001746, 41.538448], [-73.002091, 41.538368], [-73.002742, 41.53826], [-73.003222, 41.538209], [-73.003736, 41.53818], [-73.004207, 41.538178], [-73.004666, 41.538201], [-73.00527, 41.538265], [-73.005871, 41.53837], [-73.007912, 41.538792], [-73.008645, 41.538929], [-73.010029, 41.539163], [-73.01134, 41.539347], [-73.011835, 41.539408], [-73.014134, 41.539667], [-73.016361, 41.539906], [-73.016958, 41.539996], [-73.01738, 41.540076], [-73.017956, 41.540207], [-73.018682, 41.540401], [-73.019177, 41.540555], [-73.01978, 41.540771], [-73.020434, 41.541041], [-73.023312, 41.542434], [-73.02386, 41.542752], [-73.024246, 41.543009], [-73.024602, 41.543278], [-73.024936, 41.543566], [-73.025365, 41.543997], [-73.025685, 41.544379], [-73.025886, 41.544652], [-73.026273, 41.545283], [-73.026495, 41.545734], [-73.026583, 41.545955], [-73.026729, 41.546384], [-73.027051, 41.547357], [-73.027251, 41.547938], [-73.027398, 41.54827], [-73.027604, 41.548641], [-73.027819, 41.548967], [-73.028256, 41.549499], [-73.028558, 41.549795], [-73.028783, 41.549992], [-73.029136, 41.550264], [-73.02949, 41.550502], [-73.029886, 41.55073], [-73.030296, 41.550937], [-73.030991, 41.551221], [-73.031446, 41.551367], [-73.031896, 41.551484], [-73.032378, 41.551583], [-73.032755, 41.551642], [-73.033533, 41.551711], [-73.034042, 41.551721], [-73.034472, 41.551708], [-73.034974, 41.551666], [-73.038185, 41.551275], [-73.038708, 41.551256], [-73.039058, 41.551269], [-73.039288, 41.55129], [-73.039765, 41.551361], [-73.040117, 41.551443], [-73.041295, 41.551774], [-73.041764, 41.551875], [-73.042111, 41.551926], [-73.042572, 41.55196], [-73.043209, 41.551967], [-73.044132, 41.551935], [-73.044699, 41.551911], [-73.045433, 41.551885], [-73.04607, 41.551861], [-73.047916, 41.551784], [-73.049477, 41.551721], [-73.053786, 41.551532], [-73.054581, 41.551497], [-73.055471, 41.551432], [-73.056054, 41.551341], [-73.056612, 41.551208], [-73.056905, 41.551118], [-73.057878, 41.550754], [-73.058824, 41.550382], [-73.059947, 41.549939], [-73.062092, 41.5491], [-73.062638, 41.548931], [-73.062916, 41.548863], [-73.063499, 41.548762], [-73.066106, 41.548491], [-73.066702, 41.548413], [-73.067273, 41.548304], [-73.067557, 41.548233], [-73.068131, 41.548057], [-73.068715, 41.547831], [-73.06923, 41.547591], [-73.069713, 41.547317], [-73.069939, 41.54717], [-73.073476, 41.54458], [-73.075388, 41.543188], [-73.076245, 41.542629], [-73.076835, 41.542297], [-73.077462, 41.54199], [-73.078109, 41.541715], [-73.078684, 41.541518], [-73.080919, 41.540649], [-73.08189, 41.540236], [-73.082513, 41.539927], [-73.082819, 41.539756], [-73.083687, 41.539232], [-73.084233, 41.538856], [-73.084755, 41.538449], [-73.085487, 41.5378], [-73.086143, 41.537115], [-73.086561, 41.536606], [-73.086808, 41.536274], [-73.087135, 41.53578], [-73.087419, 41.535285], [-73.08776, 41.534564], [-73.087967, 41.534041], [-73.08813, 41.53352], [-73.088258, 41.532988], [-73.08835, 41.532444], [-73.088401, 41.53191], [-73.088443, 41.53077], [-73.088429, 41.528255], [-73.08845, 41.527728], [-73.088526, 41.527199], [-73.08859, 41.526928], [-73.08875, 41.526403], [-73.088857, 41.526146], [-73.089006, 41.525834], [-73.089239, 41.52542], [-73.089401, 41.525175], [-73.089763, 41.524698], [-73.089959, 41.524467], [-73.090381, 41.52404], [-73.09086, 41.523633], [-73.091364, 41.523266], [-73.091925, 41.522918], [-73.092224, 41.522759], [-73.092793, 41.522486], [-73.094028, 41.521992], [-73.094454, 41.521824], [-73.095597, 41.521383], [-73.099485, 41.519831], [-73.100234, 41.51956], [-73.100992, 41.519315], [-73.101765, 41.519096], [-73.10347, 41.518685], [-73.103845, 41.518597], [-73.109971, 41.517164], [-73.110713, 41.51699], [-73.115722, 41.515818], [-73.116998, 41.515498], [-73.118236, 41.515146], [-73.121101, 41.514277], [-73.122365, 41.513894], [-73.127292, 41.51238], [-73.135727, 41.509831], [-73.137553, 41.509263], [-73.138069, 41.50909], [-73.13903, 41.508718], [-73.139765, 41.508402], [-73.140486, 41.508062], [-73.141376, 41.507596], [-73.142036, 41.507226], [-73.151445, 41.501783], [-73.152011, 41.501456], [-73.153179, 41.500746], [-73.153835, 41.500309], [-73.154459, 41.499863], [-73.155552, 41.499018], [-73.158294, 41.49687], [-73.160522, 41.495134], [-73.161164, 41.494689], [-73.161825, 41.494291], [-73.162161, 41.4941], [-73.162514, 41.493909], [-73.163236, 41.493549], [-73.163988, 41.493221], [-73.164752, 41.492917], [-73.167094, 41.492031], [-73.169842, 41.490992], [-73.172237, 41.490114], [-73.176183, 41.48867], [-73.189473, 41.483887], [-73.191453, 41.483203], [-73.194104, 41.482328], [-73.196098, 41.481712], [-73.199306, 41.480774], [-73.202709, 41.479869], [-73.207504, 41.478661], [-73.208276, 41.478417], [-73.209106, 41.478107], [-73.209866, 41.477793], [-73.210611, 41.477458], [-73.211305, 41.477116], [-73.211969, 41.476748], [-73.212686, 41.476296], [-73.213631, 41.475644], [-73.21482, 41.474692], [-73.215618, 41.474012], [-73.216347, 41.473347], [-73.216749, 41.472949], [-73.21727, 41.472418], [-73.217765, 41.471882], [-73.218234, 41.471337], [-73.218663, 41.470798], [-73.219473, 41.469659], [-73.221135, 41.467145], [-73.221496, 41.466691], [-73.221761, 41.466404], [-73.222219, 41.466002], [-73.222469, 41.46581], [-73.223004, 41.465447], [-73.223273, 41.465284], [-73.229571, 41.461889], [-73.231388, 41.460895], [-73.232232, 41.460358], [-73.232738, 41.459986], [-73.233233, 41.459582], [-73.233681, 41.459171], [-73.234376, 41.458466], [-73.234656, 41.458174], [-73.235823, 41.456973], [-73.23638, 41.456483], [-73.236784, 41.456184], [-73.237216, 41.455902], [-73.237917, 41.455516], [-73.238394, 41.455292], [-73.238897, 41.45509], [-73.243632, 41.453372], [-73.244406, 41.453074], [-73.245145, 41.452747], [-73.245877, 41.452391], [-73.246234, 41.4522], [-73.246729, 41.451918], [-73.247171, 41.45164], [-73.247389, 41.451482], [-73.247789, 41.451139], [-73.248145, 41.450771], [-73.248299, 41.450577], [-73.248567, 41.450206], [-73.248811, 41.449827], [-73.249049, 41.449407], [-73.249406, 41.448659], [-73.249655, 41.448024], [-73.249762, 41.447694], [-73.249853, 41.447375], [-73.249999, 41.446723], [-73.250095, 41.446038], [-73.250123, 41.4457], [-73.250137, 41.445048], [-73.250102, 41.444379], [-73.250066, 41.44405], [-73.249873, 41.443056], [-73.249674, 41.442388], [-73.24942, 41.441739], [-73.249121, 41.4411], [-73.24856, 41.440026], [-73.247484, 41.438011], [-73.247312, 41.437659], [-73.247146, 41.437199], [-73.247047, 41.436787], [-73.24698, 41.436319], [-73.246983, 41.435828], [-73.247024, 41.435502], [-73.247115, 41.435071], [-73.247245, 41.434649], [-73.247402, 41.434237], [-73.2476, 41.43384], [-73.247826, 41.433441], [-73.248224, 41.43285], [-73.24857, 41.432422], [-73.249182, 41.4318], [-73.250588, 41.430437], [-73.257611, 41.423849], [-73.258145, 41.423332], [-73.259501, 41.421937], [-73.262873, 41.418261], [-73.263953, 41.417083], [-73.264294, 41.416739], [-73.26448, 41.416571], [-73.264891, 41.416246], [-73.265088, 41.416104], [-73.26553, 41.415826], [-73.26625, 41.415457], [-73.267026, 41.415157], [-73.267821, 41.414932], [-73.268653, 41.414772], [-73.269399, 41.414697], [-73.269954, 41.414686], [-73.270517, 41.414701], [-73.271383, 41.414788], [-73.276504, 41.415467], [-73.277601, 41.415635], [-73.27859, 41.415768], [-73.279263, 41.415859], [-73.282041, 41.416233], [-73.282725, 41.416325], [-73.288354, 41.417089], [-73.289041, 41.417234], [-73.289384, 41.417327], [-73.290028, 41.417545], [-73.29034, 41.417671], [-73.290942, 41.417965], [-73.293044, 41.419222], [-73.296199, 41.420999], [-73.299842, 41.423033], [-73.300553, 41.42343], [-73.303283, 41.424954], [-73.304372, 41.425517], [-73.305098, 41.425854], [-73.311072, 41.428475], [-73.311685, 41.42874], [-73.312444, 41.429018], [-73.313238, 41.429237], [-73.314116, 41.429395], [-73.314484, 41.429437], [-73.315168, 41.429482], [-73.315374, 41.42949], [-73.316071, 41.429482], [-73.316457, 41.429466], [-73.317247, 41.42938], [-73.317658, 41.429309], [-73.318461, 41.42912], [-73.319238, 41.428876], [-73.320764, 41.428284], [-73.321153, 41.428132], [-73.322905, 41.427469], [-73.323535, 41.427261], [-73.324481, 41.42701], [-73.325295, 41.426857], [-73.326122, 41.426759], [-73.326964, 41.426705], [-73.327383, 41.426696], [-73.328218, 41.426713], [-73.328632, 41.426735], [-73.332351, 41.42703], [-73.332772, 41.42705], [-73.333611, 41.427062], [-73.334444, 41.427034], [-73.335287, 41.426966], [-73.338638, 41.426546], [-73.341953, 41.426119], [-73.342788, 41.426027], [-73.34359, 41.425967], [-73.344404, 41.425925], [-73.345265, 41.425907], [-73.349499, 41.425948], [-73.350508, 41.425949], [-73.350964, 41.425922], [-73.351742, 41.425852], [-73.35244, 41.425748], [-73.353467, 41.425524], [-73.354025, 41.425366], [-73.355373, 41.424882], [-73.355959, 41.424646], [-73.356831, 41.424308], [-73.359722, 41.423206], [-73.360523, 41.422951], [-73.361194, 41.422797], [-73.361794, 41.422696], [-73.362207, 41.422644], [-73.362572, 41.422615], [-73.363098, 41.422597], [-73.363832, 41.422615], [-73.364291, 41.422644], [-73.365141, 41.42276], [-73.365782, 41.422893], [-73.366441, 41.423076], [-73.367216, 41.423341], [-73.369738, 41.424357], [-73.370536, 41.424625], [-73.370945, 41.424735], [-73.371786, 41.424913], [-73.372205, 41.424974], [-73.372625, 41.425017], [-73.37306, 41.425045], [-73.373922, 41.425052], [-73.374776, 41.424994], [-73.380441, 41.424288], [-73.381702, 41.424063], [-73.382528, 41.42387], [-73.38334, 41.42363], [-73.384114, 41.423355], [-73.384867, 41.423048], [-73.385612, 41.422702], [-73.390145, 41.420483], [-73.391526, 41.419802], [-73.39226, 41.419475], [-73.393036, 41.419188], [-73.393841, 41.418951], [-73.39467, 41.41877], [-73.395091, 41.4187], [-73.399301, 41.418151], [-73.400377, 41.417986], [-73.401411, 41.417746], [-73.402415, 41.417429], [-73.403072, 41.417162], [-73.403988, 41.416728], [-73.407655, 41.414802], [-73.408143, 41.414574], [-73.408656, 41.414379], [-73.408923, 41.414293], [-73.409745, 41.414086], [-73.4103, 41.413988], [-73.410587, 41.413957], [-73.411448, 41.413914], [-73.41188, 41.413922], [-73.412309, 41.41395], [-73.412737, 41.413999], [-73.413157, 41.414068], [-73.413568, 41.414156], [-73.413982, 41.414265], [-73.414468, 41.414424], [-73.415009, 41.414651], [-73.415494, 41.414887], [-73.417647, 41.416011], [-73.418793, 41.416676], [-73.419763, 41.417244], [-73.420289, 41.417545], [-73.420679, 41.417741], [-73.421166, 41.417946], [-73.421562, 41.418084], [-73.421974, 41.418202], [-73.422395, 41.418299], [-73.422823, 41.418373], [-73.4234, 41.418441], [-73.423837, 41.418466], [-73.424306, 41.41847], [-73.424652, 41.418455], [-73.425, 41.418426], [-73.42543, 41.418369], [-73.426136, 41.418225], [-73.426682, 41.418071], [-73.428172, 41.417578], [-73.430298, 41.416855], [-73.430848, 41.4167], [-73.431351, 41.416564], [-73.437139, 41.415015], [-73.437617, 41.414887], [-73.440312, 41.414165], [-73.441963, 41.41378], [-73.443218, 41.413529], [-73.448282, 41.412608], [-73.44953, 41.412313], [-73.450558, 41.412027], [-73.451121, 41.411852], [-73.451357, 41.41177], [-73.45225, 41.411441], [-73.453003, 41.411134], [-73.453679, 41.410832], [-73.454289, 41.410536], [-73.455013, 41.410157], [-73.455595, 41.409827], [-73.456477, 41.409283], [-73.457104, 41.408853], [-73.457711, 41.4084], [-73.45831, 41.407916], [-73.458926, 41.40738], [-73.460923, 41.405443], [-73.461274, 41.405102], [-73.462056, 41.404343], [-73.462606, 41.403846], [-73.462903, 41.403611], [-73.463546, 41.403157], [-73.464286, 41.402725], [-73.46482, 41.40246], [-73.465563, 41.402142], [-73.46595, 41.402001], [-73.46691, 41.401713], [-73.467402, 41.401594], [-73.4689, 41.401244], [-73.470034, 41.400968], [-73.471077, 41.400637], [-73.47223, 41.400197], [-73.472971, 41.399855], [-73.473684, 41.399482], [-73.474366, 41.39908], [-73.475005, 41.398645], [-73.475617, 41.39818], [-73.476178, 41.397694], [-73.476449, 41.397437], [-73.476951, 41.39692], [-73.477419, 41.396369], [-73.477634, 41.396084], [-73.477818, 41.395792], [-73.477979, 41.395487], [-73.478106, 41.395175], [-73.478282, 41.394541], [-73.478319, 41.394221], [-73.478323, 41.393896], [-73.478301, 41.39358], [-73.478254, 41.393258], [-73.478176, 41.392944], [-73.478063, 41.392632], [-73.477892, 41.392275], [-73.47684, 41.390167], [-73.476324, 41.389116], [-73.476224, 41.388799], [-73.47615, 41.388362], [-73.476133, 41.388114], [-73.476175, 41.387787], [-73.476395, 41.387142], [-73.476541, 41.386851], [-73.476924, 41.386363], [-73.477102, 41.386179], [-73.47748, 41.385855], [-73.477703, 41.385696], [-73.477948, 41.385552], [-73.478553, 41.385272], [-73.479196, 41.385041], [-73.481746, 41.384154], [-73.482535, 41.383902], [-73.4828, 41.383829], [-73.483358, 41.383718], [-73.483925, 41.383653], [-73.484225, 41.383637], [-73.484802, 41.383646], [-73.485083, 41.383669], [-73.485666, 41.383752], [-73.485945, 41.383814], [-73.48622, 41.383888], [-73.486746, 41.384063], [-73.487253, 41.384279], [-73.488853, 41.38502], [-73.489628, 41.385357], [-73.490421, 41.385648], [-73.490841, 41.385784], [-73.49215, 41.386145], [-73.496807, 41.38725], [-73.497395, 41.387393], [-73.498545, 41.387676], [-73.505038, 41.389343], [-73.505743, 41.389498], [-73.506694, 41.389657], [-73.507342, 41.389739], [-73.507923, 41.389792], [-73.51202, 41.390044], [-73.519885, 41.390531], [-73.520318, 41.39058], [-73.520888, 41.39067], [-73.521724, 41.390849], [-73.522033, 41.390939], [-73.522403, 41.391061], [-73.523434, 41.391461], [-73.52483, 41.392067], [-73.525361, 41.392254], [-73.525906, 41.39242], [-73.526394, 41.392548], [-73.527017, 41.392683], [-73.527869, 41.392818], [-73.528747, 41.3929], [-73.529622, 41.392927], [-73.530203, 41.392914], [-73.531086, 41.39285], [-73.531945, 41.392731], [-73.53279, 41.39256], [-73.533618, 41.392333], [-73.534417, 41.392059], [-73.539005, 41.39013], [-73.539662, 41.389893], [-73.540222, 41.389726], [-73.540385, 41.389686], [-73.541469, 41.389466], [-73.543442, 41.389073], [-73.544618, 41.388807], [-73.545729, 41.388517], [-73.546822, 41.388192], [-73.547625, 41.387929], [-73.552069, 41.386398], [-73.552879, 41.386147], [-73.553705, 41.385919], [-73.554821, 41.385657], [-73.555669, 41.385488], [-73.556226, 41.385393], [-73.557646, 41.385199], [-73.559057, 41.385072], [-73.559791, 41.38501], [-73.566865, 41.384403], [-73.577385, 41.383503], [-73.578389, 41.383462], [-73.579422, 41.383479], [-73.580283, 41.383532], [-73.581288, 41.383644], [-73.582188, 41.383789], [-73.583088, 41.383983], [-73.583715, 41.384144], [-73.584543, 41.384397], [-73.585077, 41.384585], [-73.585874, 41.384904], [-73.586959, 41.385402], [-73.591779, 41.38768], [-73.594141, 41.388796], [-73.594553, 41.388992], [-73.59674, 41.390025], [-73.597471, 41.390407], [-73.597578, 41.39047], [-73.597915, 41.390689], [-73.598234, 41.390926], [-73.598516, 41.391161], [-73.598868, 41.391497], [-73.599112, 41.391768], [-73.599344, 41.392059], [-73.599546, 41.392354], [-73.599769, 41.392746], [-73.599916, 41.393065], [-73.600037, 41.393387], [-73.600127, 41.393688], [-73.600196, 41.394014], [-73.600266, 41.394683], [-73.600379, 41.396486], [-73.600509, 41.397401], [-73.600662, 41.398047], [-73.600909, 41.39878], [-73.601178, 41.399401], [-73.601526, 41.40006], [-73.601933, 41.400691], [-73.602343, 41.401233], [-73.602659, 41.40161], [-73.602993, 41.401969], [-73.603349, 41.402319], [-73.603922, 41.402823], [-73.611791, 41.409316], [-73.613329, 41.410585], [-73.613835, 41.411001], [-73.616223, 41.41297], [-73.616769, 41.413422], [-73.619167, 41.415406], [-73.619698, 41.415893], [-73.620211, 41.41644], [-73.620662, 41.416992], [-73.621069, 41.417579], [-73.622182, 41.419509], [-73.622551, 41.420156], [-73.62316, 41.421215], [-73.623364, 41.42154], [-73.623771, 41.422125], [-73.624222, 41.422683], [-73.624986, 41.423473], [-73.626595, 41.424978], [-73.627963, 41.42628], [-73.62843, 41.426792], [-73.628861, 41.427339], [-73.629062, 41.427626], [-73.629417, 41.428207], [-73.629715, 41.428785], [-73.629967, 41.429402], [-73.630159, 41.430013], [-73.630305, 41.430661], [-73.630455, 41.431619], [-73.631285, 41.437074], [-73.631497, 41.438366], [-73.631688, 41.439228], [-73.631934, 41.440097], [-73.632203, 41.440904], [-73.632708, 41.442169], [-73.633329, 41.443418], [-73.634405, 41.445265], [-73.637199, 41.449924], [-73.637975, 41.451219], [-73.638257, 41.45169], [-73.64056, 41.455537], [-73.640971, 41.456314], [-73.641355, 41.457122], [-73.641703, 41.457966], [-73.641997, 41.458787], [-73.644162, 41.465306], [-73.644343, 41.465852], [-73.64483, 41.467217], [-73.645182, 41.468066], [-73.645604, 41.468998], [-73.646043, 41.469863], [-73.646717, 41.471071], [-73.647205, 41.471879], [-73.648556, 41.473925], [-73.648886, 41.474424], [-73.6507, 41.477162], [-73.652972, 41.480591], [-73.654052, 41.482214], [-73.654461, 41.482786], [-73.654951, 41.483376], [-73.655485, 41.483939], [-73.656056, 41.484465], [-73.656677, 41.484961], [-73.66122, 41.488151], [-73.661838, 41.488611], [-73.662132, 41.488852], [-73.662663, 41.489329], [-73.663156, 41.48983], [-73.663382, 41.490082], [-73.663618, 41.49036], [-73.66404, 41.490913], [-73.664445, 41.491535], [-73.666681, 41.495572], [-73.667045, 41.49619], [-73.667462, 41.496782], [-73.667933, 41.497371], [-73.668449, 41.497925], [-73.66902, 41.498464], [-73.669633, 41.498971], [-73.670273, 41.49943], [-73.670973, 41.499879], [-73.671698, 41.500281], [-73.67209, 41.50048], [-73.67286, 41.500827], [-73.675602, 41.50187], [-73.676297, 41.502179], [-73.676602, 41.502338], [-73.677188, 41.502669], [-73.677508, 41.502871], [-73.678107, 41.503306], [-73.678661, 41.503775], [-73.679163, 41.504271], [-73.679382, 41.504516], [-73.67989, 41.505199], [-73.680176, 41.50564], [-73.680471, 41.506224], [-73.680604, 41.506533], [-73.681107, 41.507885], [-73.681311, 41.508437], [-73.682393, 41.511368], [-73.682651, 41.512023], [-73.682946, 41.512657], [-73.683254, 41.513234], [-73.683645, 41.513875], [-73.684077, 41.514465], [-73.684321, 41.514764], [-73.685072, 41.515604], [-73.685669, 41.516186], [-73.689954, 41.520096], [-73.690546, 41.52067], [-73.691216, 41.521382], [-73.69154, 41.521753], [-73.692159, 41.522508], [-73.695721, 41.527063], [-73.696194, 41.527614], [-73.696701, 41.528164], [-73.697495, 41.528957], [-73.698036, 41.52946], [-73.69863, 41.529968], [-73.699848, 41.530921], [-73.700708, 41.531525], [-73.704265, 41.533959], [-73.704897, 41.534418], [-73.705495, 41.534898], [-73.706069, 41.535396], [-73.706869, 41.536167], [-73.707135, 41.536444], [-73.709151, 41.538701], [-73.710725, 41.540462], [-73.712233, 41.542166], [-73.712745, 41.542703], [-73.713304, 41.543234], [-73.713867, 41.543717], [-73.714785, 41.544418], [-73.715439, 41.544856], [-73.716109, 41.545258], [-73.716474, 41.545456], [-73.717565, 41.546004], [-73.717947, 41.546171], [-73.718715, 41.546475], [-73.71991, 41.546886], [-73.720736, 41.547118], [-73.721982, 41.547404], [-73.722837, 41.547553], [-73.723701, 41.54767], [-73.729036, 41.54813], [-73.731517, 41.548339], [-73.732869, 41.548454], [-73.734344, 41.548578], [-73.735897, 41.548708], [-73.736779, 41.548755], [-73.737643, 41.548767], [-73.738527, 41.54874], [-73.739403, 41.548684], [-73.740681, 41.548532], [-73.741532, 41.548391], [-73.741965, 41.548304], [-73.742798, 41.548108], [-73.744035, 41.547759], [-73.74483, 41.547489], [-73.745227, 41.547339], [-73.754225, 41.543634], [-73.754848, 41.543377], [-73.757589, 41.54226], [-73.759156, 41.541696], [-73.760224, 41.541354], [-73.761329, 41.541032], [-73.762436, 41.540748], [-73.763542, 41.54049], [-73.764742, 41.540247], [-73.765093, 41.540184], [-73.766357, 41.539984], [-73.770785, 41.539356], [-73.772256, 41.539153], [-73.772646, 41.539161], [-73.772968, 41.539123], [-73.773091, 41.539129], [-73.773338, 41.539184], [-73.773563, 41.539289], [-73.77373, 41.539434], [-73.773826, 41.539611], [-73.773848, 41.539799], [-73.773794, 41.539996], [-73.773665, 41.540167], [-73.773563, 41.54025], [-73.77345, 41.540314], [-73.773217, 41.540397], [-73.773086, 41.540416], [-73.772818, 41.540412], [-73.772568, 41.540347], [-73.772431, 41.540281], [-73.772325, 41.540207], [-73.772195, 41.540067], [-73.772104, 41.539854], [-73.772013, 41.539775], [-73.771899, 41.539303], [-73.771821, 41.538871], [-73.771746, 41.538324], [-73.771715, 41.537877], [-73.771705, 41.537118], [-73.771747, 41.536462], [-73.771871, 41.535591], [-73.772035, 41.534903], [-73.772407, 41.533661], [-73.772628, 41.533031], [-73.772804, 41.532619], [-73.773006, 41.532213], [-73.77323, 41.53181], [-73.773477, 41.531415], [-73.773746, 41.531029], [-73.774895, 41.529511], [-73.77551, 41.528767], [-73.776155, 41.52804], [-73.778402, 41.525746], [-73.778648, 41.525473], [-73.779721, 41.524037], [-73.780132, 41.523455], [-73.780649, 41.522672], [-73.781257, 41.521676], [-73.781525, 41.521289], [-73.781817, 41.520907], [-73.782437, 41.520166], [-73.782926, 41.519623], [-73.783274, 41.519272], [-73.784182, 41.518418], [-73.784851, 41.517703], [-73.785315, 41.517146], [-73.785752, 41.516582], [-73.786163, 41.516004], [-73.786412, 41.515611], [-73.786757, 41.515007], [-73.787066, 41.514395], [-73.787866, 41.51258], [-73.788036, 41.512296], [-73.7883, 41.511941], [-73.788626, 41.511592], [-73.788905, 41.511345], [-73.789317, 41.511041], [-73.78977, 41.510772], [-73.79218, 41.50955], [-73.792651, 41.509292], [-73.792985, 41.509079], [-73.793301, 41.508847], [-73.793594, 41.508599], [-73.793867, 41.508338], [-73.79411, 41.508065], [-73.794332, 41.507778], [-73.794526, 41.50748], [-73.794692, 41.507175], [-73.794832, 41.506862], [-73.794988, 41.506444], [-73.795084, 41.506117], [-73.795232, 41.505467], [-73.795305, 41.505029], [-73.795442, 41.503937], [-73.795531, 41.502839], [-73.795611, 41.501741], [-73.795666, 41.50108], [-73.795732, 41.500647], [-73.795871, 41.500224], [-73.796095, 41.499825], [-73.796305, 41.499539], [-73.796537, 41.499263], [-73.796787, 41.498995], [-73.797059, 41.498743], [-73.79746, 41.498428], [-73.799353, 41.497079], [-73.799748, 41.496756], [-73.800119, 41.496418], [-73.800625, 41.495882], [-73.800927, 41.495511], [-73.801186, 41.495122], [-73.801408, 41.494715], [-73.801916, 41.493701], [-73.802097, 41.493405], [-73.802239, 41.493213], [-73.802474, 41.492941], [-73.802733, 41.492691], [-73.803034, 41.492447], [-73.803351, 41.492229], [-73.803552, 41.492098], [-73.804009, 41.491803], [-73.8065, 41.490183], [-73.807124, 41.489724], [-73.8077, 41.489241], [-73.808244, 41.488728], [-73.808738, 41.488194], [-73.809329, 41.487447], [-73.810001, 41.486481], [-73.810241, 41.486219], [-73.810628, 41.485897], [-73.810955, 41.485688], [-73.811317, 41.485509], [-73.813213, 41.48475], [-73.814097, 41.484355], [-73.814816, 41.483993], [-73.815739, 41.483465], [-73.816183, 41.483187], [-73.816825, 41.482751], [-73.817634, 41.482132], [-73.818187, 41.481626], [-73.818521, 41.481276], [-73.81883, 41.480908], [-73.819102, 41.480523], [-73.819218, 41.480322], [-73.819412, 41.479912], [-73.819552, 41.479493], [-73.819602, 41.479271], [-73.819637, 41.479056], [-73.81967, 41.478624], [-73.819629, 41.477973], [-73.819551, 41.47754], [-73.819383, 41.476904], [-73.81911, 41.476066], [-73.818991, 41.475642], [-73.818896, 41.475216], [-73.818828, 41.474789], [-73.818788, 41.474359], [-73.818773, 41.473924], [-73.818808, 41.473278], [-73.818869, 41.47285], [-73.818973, 41.472423], [-73.819048, 41.472213], [-73.81913, 41.472012], [-73.819336, 41.471613], [-73.819731, 41.471043], [-73.820437, 41.470228], [-73.820648, 41.469946], [-73.820881, 41.469551], [-73.821058, 41.469138], [-73.821126, 41.468925], [-73.82119, 41.468612], [-73.821505, 41.46861], [-73.821721, 41.468587], [-73.821898, 41.468541], [-73.822094, 41.468444], [-73.822222, 41.46832], [-73.82229, 41.468199], [-73.822319, 41.468085], [-73.822322, 41.467828], [-73.822447, 41.467785], [-73.822761, 41.467653], [-73.822995, 41.46753], [-73.823239, 41.467365], [-73.823988, 41.466799], [-73.824654, 41.466332], [-73.824977, 41.466104], [-73.825114, 41.466002], [-73.82542, 41.465708], [-73.826766, 41.464369], [-73.827229, 41.463957], [-73.828345, 41.463076], [-73.828877, 41.462606], [-73.829152, 41.462407], [-73.829517, 41.46222], [-73.829771, 41.462068], [-73.829917, 41.462202], [-73.830032, 41.462367], [-73.830023, 41.462445], [-73.829989, 41.462484]], "type": "LineString"}}], "metadata": {"attribution": "openrouteservice.org | OpenStreetMap contributors", "service": "routing", "timestamp": 1769468557510, "query": {"coordinates": [[-68.963113, 45.834989], [-73.8301092, 41.4625434]], "profile": "driving-car", "profileName": "driving-car", "format": "geojson"}, "engine": {"version": "9.5.0", "build_date": "2025-10-31T12:33:09Z", "graph_date": "2026-01-25T11:10:32Z", "osm_date": "2026-01-19T01:00:01Z"}}}