Name,Latitude,Longitude,Type,subtype1,subtype2,City,Address,Link,,
1,34.9944014,-83.5997017,tent1,,,,,,,
2,35.28241490000007,-83.582077,tent1,,,,,,,
3,35.32423880000003,-83.590068,tent1,,,,,,,
4,35.2311322,-83.5599832,tent1,,,,,,,
5,35.3307908,-83.6669881,tent1,,,,,,,
6,35.020608500000016,-83.5814845,tent1,,,,,,,
7,34.8040299,-83.6767431,tent1,,,,,,,
8,34.776269100000036,-83.8244888,tent1,,,,,,,
9,34.8172638,-83.7667175,tent1,,,,,,,
10,34.998972299999984,-83.4941168,tent1,,,,,,,
11,34.655680099999955,-84.0500029,tent1,,,,,,,
12,34.650285899999986,-84.1971932,tent1,,,,,,,
13,34.73996870000002,-83.9373976,tent1,,,,,,,
100 Mile Wilderness Adventures,45.2907388,-69.5341103,campground,,,Monson ME,349 Pleasant St Monson ME 04464 USA,https://www.google.com/maps/place/?q=place_id:ChIJAV-Wu4ppsEwRHXioTD3pxr4,,
100 Mile Wilderness Inn,45.6529148,-68.7111264,shuttle,,AT,Millinocket ME,96 Oxford St Millinocket,https://www.google.com/maps/place/?q=place_id:ChIJLRWYoi-zukwRcRWjFm0NFro,(207) 731-3537,https://www.100milewildernessinn.com/
100 Mile Wilderness Inn,45.6529016,-68.7111599,hotel,,,Millinocket ME,96 Oxford St Millinocket ME 04462 USA,https://www.google.com/maps/place/?q=place_id:ChIJLRWYoi-zukwRcRWjFm0NFro,,
1-2-trips,41.2908852,-73.9202868,airport,airport shuttle,,Peekskill NY,8 N Division St Peekskill,https://www.google.com/maps/place/?q=place_id:ChIJ_7uEdzfJwokRzUN9obh7Ock,(914) 902-5989,https://www.12trips.net/
1799 Inn Harpers Ferry,39.3244529,-77.7321429,hotel,,,Harpers Ferry WV,221 Potomac St Harpers Ferry WV 25425 USA,https://www.google.com/maps/place/?q=place_id:ChIJ3Udx5rMdtokRWEhmzr43qAU,,
1811 House,43.163219999999995,-73.0717082,hotel,,,Manchester Center VT,3654 Main St Manchester VT 05254 USA,https://www.google.com/maps/place/?q=place_id:ChIJ4U2n685f4IkROt0dyc2m8CE,,
24/7 Laundromat,40.805919599999996,-75.6004943,laundromat,1,,Palmerton PA,643 Delaware Ave Palmerton PA 18071 USA,https://www.google.com/maps/place/?q=place_id:ChIJsb7ZCY1OxIkRcEa_8xa5h_I,,
37 Dewey Field Road,43.708942,-72.286455,library,,,Hanover NH,37 Dewey Field Road Hanover,https://www.google.com/maps/place/?q=place_id:ChIJ14W83cTJtEwRPBJPiZWyfRQ,,
Academy Taxi of West Point,41.3748813,-73.9635466,taxi,taxi,,Fort Montgomery NY,467 Main St Highland Falls,https://www.google.com/maps/place/?q=place_id:ChIJ4zEwKtDTwokRTjeT2qe81S4,(845) 446-8294,http://www.academytaxi.homestead.com/
ACME Markets,41.1944643,-74.4834879,grocery,y,y,Vernon NJ,530 Rt 515 Unit 1  Vernon Township,https://www.google.com/maps/place/?q=place_id:ChIJRTRy2Og9w4kR15h1H6PfjXc,,
ACME Markets Pharmacy,41.1947102,-74.4832518,pharmacy,y,y,Vernon NJ,530 Rt 515 #1  Vernon Township,https://www.google.com/maps/place/?q=place_id:ChIJ3efRR-k9w4kRFJ9UdHM54f0,,
Adams & Bright Drug Store,40.5549059,-75.9836917,pharmacy,y,y,Hamburg PA,306 State Street  Hamburg,https://www.google.com/maps/place/?q=place_id:ChIJbU0JJGXbxYkRUtS5L9AQJPk,,
Advance Transit Inc,43.6866264,-72.3181762,taxi,,,Hanover NH,120 Billings Farm Rd Wilder,https://www.google.com/maps/place/?q=place_id:ChIJLY101iDKtEwR1Hm92c8p_vU,(802) 295-1824,http://www.advancetransit.com/
Adventure Bound Rafting,45.2230783,-69.9904545,campground,,,Caratunk ME,1094 US-201 Caratunk ME 04925 USA,https://www.google.com/maps/place/?q=place_id:ChIJnQonjYj3sEwRazLVVUqQnQE,,
Adventure Damascus & Sundog Outfitter,36.6308242,-81.7837869,shuttle,,AT,Damascus VA,331 Douglas Dr Damascus,https://www.google.com/maps/place/?q=place_id:ChIJQRiwPNRAUIgRB493YCAAJYc,(276) 475-6262,https://www.adventuredamascus.com/
Akin Free Library,41.5588634,-73.5490477,library,,,Pawling NY,378 Old Quaker Hill Rd Pawling,https://www.google.com/maps/place/?q=place_id:ChIJEUWsw1Ra3YkRA-poFu6cgW0,,
ALDI,35.1642809,-83.371971,grocery,y,y,Franklin TN,1320 Siler Road  Franklin,https://www.google.com/maps/place/?q=place_id:ChIJK5WHoPolWYgR7dbI4Ep38VY,,
ALDI,40.1966451,-77.1561979,grocery,y,y,Carlisle PA,250 Westminster Drive  Carlisle,https://www.google.com/maps/place/?q=place_id:ChIJYROggq7hyIkRcBYT9FYPJvk,,
ALDI,40.5614001,-76.0085898,grocery,y,y,Hamburg PA,15 Wilderness Trail  Hamburg,https://www.google.com/maps/place/?q=place_id:ChIJ93mVrYLdxYkRDf0tkTX8J1M,,
ALDI,41.3122783,-74.1331702,grocery,y,y,Harriman NY,45 Centre Drive  Central Valley,https://www.google.com/maps/place/?q=place_id:ChIJvUFMSA7XwokR8cRs7yHD-Mw,,
ALDI,42.8953654,-73.2009199,grocery,y,y,Bennington VT,10 Kocher Drive  Bennington,https://www.google.com/maps/place/?q=place_id:ChIJpx_I7Y2W4IkRvfONzBbGPqM,,
ALDI,43.5901847,-72.9696106,grocery,y,y,Rutland VT,263 South Main Street  Rutland,https://www.google.com/maps/place/?q=place_id:ChIJdZiwIGAk4IkRRK0mkkLaeSk,,
Aliton's Managed Care Pharmacy,41.3739228,-74.6910609,pharmacy,y,y,Port Jervis NY,34-38 Ball Street  Port Jervis,https://www.google.com/maps/place/?q=place_id:ChIJ6wG-alJPw4kR6LFxpU5mydM,,
Aliton's Pharmacy Home Healthcare Centers,41.3743717,-74.6927143,pharmacy,y,y,Port Jervis NY,12 Sussex Street  Port Jervis,https://www.google.com/maps/place/?q=place_id:ChIJw4Me-FFPw4kRh-STTtUeDD8,,
All in the Tramily Hiker Suite,35.1575426,-83.3700083,hostel,,,Franklin TN,59 Windy Hill Dr Franklin,https://www.google.com/maps/place/?q=place_id:ChIJX5PHIU4lWYgRTd6zJS5Ee6U,,
Allenberry,40.1509399,-77.1141854,hotel,,,Boiling Springs PA,1559 Boiling Springs Rd Boiling Springs PA 17007 USA,https://www.google.com/maps/place/?q=place_id:ChIJZ-84UPvjyIkR0UN6PT7IqoE,,
Alpine Haus B & B Inn,41.1918966,-74.4997244,hotel,,,Vernon NJ,217 NJ-94 Vernon Township NJ 07462 USA,https://www.google.com/maps/place/?q=place_id:ChIJDajY4Ac-w4kR6qFi_nWaTF8,,
Alumni Library,42.2107296,-73.3809226,library,,,Great Barrington MA,Great Barrington,https://www.google.com/maps/place/?q=place_id:ChIJyfdqFjdh54kRmEOdBuacoHg,,
AMERICAN AIRPORT TRANSPORTATION,41.296192,-73.9221814,airport,airport shuttle,,Peekskill NY,908 Constant Ave Peekskill,https://www.google.com/maps/place/?q=place_id:ChIJmTpdul7JwokRUMPTHwPUu4A,(914) 402-6655,http://www.americanairporttrans.com/
American Cab Co,42.700915,-73.1087148,taxi,taxi,,North Adams MA,North Adams,https://www.google.com/maps/place/?q=place_id:ChIJJwAAAEC44IkRLCIDQAxFSuc,(413) 662-2000,0
Andover Public Library,44.6317918,-70.7513344,library,,,Andover ME,46 Church St Andover,https://www.google.com/maps/place/?q=place_id:ChIJBfbLCdFgsUwRugT_24R9g2w,,
Angels Rest Hiker's Haven,37.3328267,-80.7344115,shuttle,,AT,Pearisburg VA,204 Douglas Ln Pearisburg,https://www.google.com/maps/place/?q=place_id:ChIJ21qyA5HeTYgRbr-8Q526pDM,(540) 599-5717,https://www.angelsresthikershaven.com/
Angels Rest Hiker's Haven,37.3328267,-80.7344115,hostel,,,Pearisburg VA,204 Douglas Ln Pearisburg,https://www.google.com/maps/place/?q=place_id:ChIJ21qyA5HeTYgRbr-8Q526pDM,(540) 599-5717,https://www.angelsresthikershaven.com/
Appalachian Dreamer Hiker Hostel,36.9625806,-81.4246191,hostel,y,y,Quarter Way Inn,502 Dotson Ridge Road  Ceres,https://www.google.com/maps/place/?q=place_id:ChIJ9_MFh3PWUYgRzoEwOiuqagM,,
Appalachian Motel,41.2057225,-74.4726215,hotel,,,Vernon NJ,367 NJ-94 Vernon Township NJ 07462 USA,https://www.google.com/maps/place/?q=place_id:ChIJ67_zA7k9w4kRqhdKyeoGXKs,,
Appalachian Trail,41.592866,-73.5880189,train,train,,Pawling NY,991 State Rte 55 Pawling,https://www.google.com/maps/place/?q=place_id:ChIJb0OptRNc3YkRCLeeWeMAcYY,0,https://new.mta.info/mta-stations/appalachian-trail
Appalachian Trail Adventures,43.6569048,-72.78807,hotel,,,Killington VT,78 Weathervane Dr Killington VT 05751 USA,https://www.google.com/maps/place/?q=place_id:ChIJVyIoTDEq4IkRSgvSCfxyMyQ,,
Appalachian Trail Hostel & Outfitters,45.6533711,-68.7086462,hostel,y,y,Millinocket ME,33 Penobscot Avenue  Millinocket,https://www.google.com/maps/place/?q=place_id:ChIJjTxAnGizukwRv5pN2MDvV8Y,,
Appalachian Trail Hostel & Outfitters,45.6533711,-68.7086462,outfitter,,,Millinocket ME,33 Penobscot Ave Millinocket,https://www.google.com/maps/place/?q=place_id:ChIJjTxAnGizukwRv5pN2MDvV8Y,,
Appalachian Trail Hostel & Outfitters,45.6533711,-68.7086462,shuttle,,AT,Millinocket ME,33 Penobscot Ave Millinocket,https://www.google.com/maps/place/?q=place_id:ChIJjTxAnGizukwRv5pN2MDvV8Y,(207) 723-4321,http://appalachiantrailhostel.com/
Appalachian Trail Hostel & Outfitters,45.6533711,-68.7086462,hostel,,,Millinocket ME,33 Penobscot Ave Millinocket ME 04462 USA,https://www.google.com/maps/place/?q=place_id:ChIJjTxAnGizukwRv5pN2MDvV8Y,,
Appalachian Trail Outfitters,38.665687,-78.4603777,outfitter,,,Luray VA,2 W Main St Luray,https://www.google.com/maps/place/?q=place_id:ChIJ33CSd-JNtIkRfopPBl-SJIM,,
Apple Inn,41.3623832,-74.7068139,hotel,,,Port Jervis NY,10-12 Pennsylvania Ave Matamoras PA 18336 USA,https://www.google.com/maps/place/?q=place_id:ChIJ74ZrKgBFw4kRKhT9ZhouTFE,,
Aspen at Manchester,43.1836054,-73.0460718,hotel,,,Manchester Center VT,5669 Main St Manchester Center VT 05255 USA,https://www.google.com/maps/place/?q=place_id:ChIJtY9Yllte4IkRvS1E8I9eloM,,
AT Campground,40.148752099999996,-77.1183392,campground,,,Boiling Springs PA,Boiling Springs PA 17007 USA,https://www.google.com/maps/place/?q=place_id:ChIJxTGlS-TjyIkRdKA4utwwBqY,,
AT Hiker Shuttles,36.1526109,-82.4180102,shuttle,springer mountain to harpers ferry,AT,Erwin TN,N Buffalo St Erwin,https://www.google.com/maps/place/?q=place_id:ChIJGxIhmbBvWogRq0pq9rvmWhA,(423) 270-9775,https://www.athikershuttles.com/
At Your Services Transportation,40.8169733,-75.2897977,airport,airport shuttle,,Wind Gap PA,1283 Plainfield Dr Pen Argyl,https://www.google.com/maps/place/?q=place_id:ChIJP8nByCtmxIkRS7X5t2x606g,(610) 863-3325,0
Autumn Inn,42.8799345,-73.1785404,hotel,,,Bennington VT,924 Main St Bennington VT 05201 USA,https://www.google.com/maps/place/?q=place_id:ChIJ1Zj5S9SV4IkRIgamQiiy1kA,,
Backcountry Campsite #87,35.455658299999996,-83.7846056,campground,,,Fontana Dam NC,Fontana Dam NC 28733 USA,https://www.google.com/maps/place/?q=place_id:ChIJj_sSEra5XogRZJc5EwHMhYU,,
Bailey Memorial Library,43.5646881,-72.9680759,library,,,Rutland VT,111 Moulton Ave North Clarendon,https://www.google.com/maps/place/?q=place_id:ChIJY0ftEjU74IkRpa74HxcSAn4,,
Baker-Berry Library,43.7050972,-72.2887294,library,,,Hanover NH,6025 N Main St Hanover,https://www.google.com/maps/place/?q=place_id:ChIJIY7K58LJtEwRyfvvpRXWWOA,,
Barnstead Inn,43.1821504,-73.0585258,hotel,,,Manchester Center VT,349 Bonnet St Manchester Center VT 05255 USA,https://www.google.com/maps/place/?q=place_id:ChIJx496WUFe4IkR388Ym0I-FJo,,
Barrington Outfitters,42.1944601,-73.3619776,outfitter,,,Great Barrington MA,289 Main St Great Barrington,https://www.google.com/maps/place/?q=place_id:ChIJW3kaLq5m54kRP5UZn2mSk2U,,
Base Camp,43.6685184,-72.8030009,outfitter,,,Killington VT,2363 US-4 Killington,https://www.google.com/maps/place/?q=place_id:ChIJ8ytmkiAq4IkRwbKK2fdPUpc,,
Baxter Park Inn,45.6577962,-68.683387,hotel,,,Millinocket ME,935 Central St Millinocket ME 04462 USA,https://www.google.com/maps/place/?q=place_id:ChIJYZouuFezukwRQzy9huszUfQ,,
Baxter's Pharmacy,41.2917798,-73.9208215,pharmacy,y,y,Peekskill NY,950 Main Street  Peekskill,https://www.google.com/maps/place/?q=place_id:ChIJqfbF1tvIwokRUwyem94PYIs,,
Baymont by Wyndham Cherokee Smoky Mountains,35.4962942,-83.3094124,hotel,,,Cherokee NC,1455 Acquoni Rd Cherokee NC 28719 USA,https://www.google.com/maps/place/?q=place_id:ChIJ0xKtu7tDWYgRgCMHRct8LAU,,
Baymont by Wyndham Front Royal Near Shenandoah National Park,38.9164977,-78.1858065,hotel,,,Front Royal VA,10 S Commerce Ave Front Royal VA 22630 USA,https://www.google.com/maps/place/?q=place_id:ChIJEfHTnPfFtYkRJ4fvcnwdTVY,,
Baymont by Wyndham Gatlinburg On The River,35.721097400000005,-83.5101905,hotel,,,Gatlinburg TN,293 Parkway Gatlinburg TN 37738 USA,https://www.google.com/maps/place/?q=place_id:ChIJnY0W-uBVWYgRafMmZjE1jRk,,
BCOutdoors - Cherokee (Bike Rentals),35.4835672,-83.316134,outfitter,,,Cherokee NC,516 Tsali Blvd Cherokee,https://www.google.com/maps/place/?q=place_id:ChIJZ8f-8zdDWYgRc3wJAe7ppkY,,
BCOutdoors - Cherokee (Bike Rentals),35.4835672,-83.316134,fuel,,,Cherokee NC,516 Tsali Blvd Cherokee,https://www.google.com/maps/place/?q=place_id:ChIJZ8f-8zdDWYgRc3wJAe7ppkY,,
Bear Garden Hiker Hostel,36.9845575,-81.4042474,hostel,y,y,Quarter Way Inn,306 West Blue Grass Trail  Ceres,https://www.google.com/maps/place/?q=place_id:ChIJWU2QiNXXUYgRfTdPx-x_Oz0,,
Bear Mountain Bridge Motel,41.3378169,-73.980562,hotel,,,Fort Montgomery NY,1041 US-9W Fort Montgomery NY 10922 USA,https://www.google.com/maps/place/?q=place_id:ChIJi5EcBIfOwokROhLOS0I-0ZI,,
Bearskin Lodge on the River,35.707437,-83.523602,hotel,,,Gatlinburg TN,840 River Rd Gatlinburg TN 37738 USA,https://www.google.com/maps/place/?q=place_id:ChIJR2lIt8hVWYgRfTGS_ysJ3f0,,
Beauchamp & O'Rourke,43.6122933,-72.966625,pharmacy,y,y,Rutland VT,62 Woodstock Avenue  Rutland,https://www.google.com/maps/place/?q=place_id:ChIJIaUgKF0k4IkRYvUcqj-uiCc,,
Becky Bubbles Laundry Center,41.295356399999996,-73.8924701,laundromat,1,,Peekskill NY,1831 Main St Peekskill NY 10566 USA,https://www.google.com/maps/place/?q=place_id:ChIJa_5kv5nJwokRhvWZ8x0rnZw,,
BeeCh Hill B&B/Hostel,37.4047075,-79.8977699,hostel,,,Daleville VA,624 Valley Rd Troutville VA 24175 USA,https://www.google.com/maps/place/?q=place_id:ChIJZT4mIAAbTYgRGQLK7_cnQts,,
Bennington,42.8731558,-73.1950383,hotel,,,Bennington VT,329 Silver St Bennington VT 05201 USA,https://www.google.com/maps/place/?q=place_id:ChIJbVmNXgCX4IkR9xklGXb31SI,,
Bennington Free Library,42.877684,-73.1936577,library,,,Bennington VT,101 Silver St Bennington,https://www.google.com/maps/place/?q=place_id:ChIJvxTA03qW4IkRNPblB0z6xs4,,
Bennington Motor Inn,42.880714399999995,-73.2036819,hotel,,,Bennington VT,143 Main St Bennington VT 05201 USA,https://www.google.com/maps/place/?q=place_id:ChIJQe_zFmeW4IkRo1WZ5fPg_Nw,,
Bennington Post Office,42.8765826,-73.1983373,post office,y,y,Bennington VT,108 Elm Street  Bennington,https://www.google.com/maps/place/?q=place_id:ChIJm6zoCmWW4IkRQLm2pYYScd4,,
BENZ-TAXI of Gatlinburg Tennessee,35.7072426,-83.5254479,taxi,taxi,,Gatlinburg TN,308 Ownby St Gatlinburg,https://www.google.com/maps/place/?q=place_id:ChIJnz01i8hVWYgRXaG4DL3j4kY,(865) 202-0690,https://www.tnvacation.com/local/sevierville-benz-taxi-luxury-transportation
Berkshire Community Pharmacy of North Adams,42.7069546,-73.1093341,pharmacy,y,y,North Adams MA,71 Hospital Avenue  North Adams,https://www.google.com/maps/place/?q=place_id:ChIJy7Wy1TO54IkR2_hixni5q80,,
Berkshires Zen Retreat,42.2998232,-73.2660086,hotel,,,Lee MA,165 Stockbridge Rd Guesthouse Lee MA 01238 USA,https://www.google.com/maps/place/?q=place_id:ChIJu4dNag5D54kRjIts5OHW2Ic,,
Best Laundromat,41.275752,-73.9275864,laundromat,1,,Peekskill NY,829 Washington St Peekskill NY 10566 USA,https://www.google.com/maps/place/?q=place_id:ChIJkbe5-LbIwokRY5o9renAwsw,,
Best Western North Roanoke,37.383544,-79.903747,hotel,,,Daleville VA,2545 Lee Hwy Troutville VA 24175 USA,https://www.google.com/maps/place/?q=place_id:ChIJeaKRhqQaTYgR8fbZ5YFDmRg,,
BG's Value Market of Pine Grove,40.5566093,-76.3783209,grocery,y,y,Pine Grove PA,24 Pleasant Valley Road  Pine Grove,https://www.google.com/maps/place/?q=place_id:ChIJIbXIK0z5xYkRjHJuWNi8GG0,,
Bicycle Junction,36.630082,-81.7819115,shuttle,,AT,Damascus VA,425 Douglas Dr Damascus,https://www.google.com/maps/place/?q=place_id:ChIJi4O-VNRAUIgR9B-9Yy1E-sA,(276) 475-5727,http://bicycle-junction.com/
Big Meadows Campground,38.5290074,-78.4368232,campground,,,Big Meadows Wayside,Skyline Dr Stanley VA 22851 USA,https://www.google.com/maps/place/?q=place_id:ChIJUxXQLItEtIkRhV7z32GNIO0,,
Big Meadows Lodge,38.5296269,-78.4409869,hotel,,,Big Meadows Wayside,Mile 51 Skyline Dr #2 Stanley VA 22851 USA,https://www.google.com/maps/place/?q=place_id:ChIJqbMus-BItIkRQDjeHYHM7Ew,,
Big Walker Motel,37.1016135,-81.1316517,hotel,,,Bland VA,70 Skyview Ln Bland VA 24315 USA,,,
Big Y Pharmacy and Wellness Center,42.1806533,-73.3659462,pharmacy,y,y,Great Barrington MA,700 Main Street Ste 2  Great Barrington,https://www.google.com/maps/place/?q=place_id:ChIJQ-oyVKlm54kRR6tQJXpc2AU,,
Big Y Pharmacy and Wellness Center,42.2958486,-73.2405977,pharmacy,y,y,Lee MA,10 Pleasant Street  Lee,https://www.google.com/maps/place/?q=place_id:ChIJ0TroeA5D54kRbnnyoifU8Wo,,
Big Y World Class Market,42.1805805,-73.3659852,grocery,y,y,Great Barrington MA,740 South Main Street  Great Barrington,https://www.google.com/maps/place/?q=place_id:ChIJHydPVKlm54kRqGQDKANPCa8,,
Big Y World Class Market,42.2958486,-73.2405977,grocery,y,y,Lee MA,10 Pleasant Street  Lee,https://www.google.com/maps/place/?q=place_id:ChIJe4vDeA5D54kRFO8TXs2beg0,,
Big Y World Class Market,42.7011547,-73.1105841,grocery,y,y,North Adams MA,45 Veterans Memorial Drive  North Adams,https://www.google.com/maps/place/?q=place_id:ChIJnzpnrT-44IkRCw7vr48_d6M,,
Black Bear Resort,36.2609513,-82.1161193,shuttle,,AT,Hampton TN,1511 Dennis Cove Rd Hampton,https://www.google.com/maps/place/?q=place_id:ChIJc-OmCx2EUIgRU-WTBDz9Heo,(423) 725-5988,http://www.blackbearresorttn.com/
Black Bear Resort,36.2609513,-82.1161193,hostel,,,Hampton TN,1511 Dennis Cove Rd Hampton,https://www.google.com/maps/place/?q=place_id:ChIJc-OmCx2EUIgRU-WTBDz9Heo,(423) 725-5988,http://www.blackbearresorttn.com/
Bland County Library,37.0994459,-81.1134989,library,,,Bland VA,697 Main St Bland,https://www.google.com/maps/place/?q=place_id:ChIJ_X3pla0ZTogRJ3xkyPWnKvA,,
Blue Blaze Bike Rental & Shuttle,36.6352779,-81.7909167,shuttle,,AT,Damascus VA,226 W Laurel Ave Damascus,https://www.google.com/maps/place/?q=place_id:ChIJc_2SadpAUIgRI6YWA9ABBeE,(276) 475-5095,http://www.blueblazebikeandshuttle.com/
Blue Heron House Mountain Magnolia Inn,35.8899919,-82.8285579,hotel,,,Hot Springs NC,371 S Spring St Hot Springs NC 28743 USA,https://www.google.com/maps/place/?q=place_id:ChIJb4mRsBsyWogR8ZnCMW1EGH8,,
Blue Mountain Community Library,40.8669727,-75.2540403,library,,,Wind Gap PA,216 S Robinson Ave Pen Argyl,https://www.google.com/maps/place/?q=place_id:ChIJZ3TTzJhmxIkRUPIQIWyFO9Y,,
Blue Ridge Abbey Bed & Breakfast,37.73352570000001,-79.3518583,hotel,,,Buena Vista VA,2068 Chestnut Ave Buena Vista VA 24416 USA,https://www.google.com/maps/place/?q=place_id:ChIJG7bfR5Izs4kReub_L1ibV9Y,,
Blue Ridge Motel,38.934806699999996,-78.1997868,hotel,,,Front Royal VA,1370 N Shenandoah Ave Front Royal VA 22630 USA,https://www.google.com/maps/place/?q=place_id:ChIJj4RNnynEtYkRq_a-7Y9hZSQ,,
Bluegreen Vacations South Mountain an Ascend Collection Resort,44.0436738,-71.6676727,hotel,,,North Woodstock and Lincoln NH,23 Innseasons Dr Lincoln NH 03251 USA,https://www.google.com/maps/place/?q=place_id:ChIJvzpKmI-BtEwRGvEr53beHbg,,
Bluff Mountain Outfitters,35.8928873,-82.8269547,outfitter,,,Hot Springs NC,152 Bridge St Hot Springs,https://www.google.com/maps/place/?q=place_id:ChIJC_-FRhkyWogRUNmSWlw1_fo,,
BMA BOOKS,40.5543756,-76.0340378,library,,,Port Clinton PA,2359 Mountain Rd Hamburg,https://www.google.com/maps/place/?q=place_id:ChIJv-QmG5DdxYkRhSdz7ae70ss,,
BMA BOOKS,40.5543756,-76.0340378,library,,,Hamburg PA,2359 Mountain Rd Hamburg,https://www.google.com/maps/place/?q=place_id:ChIJv-QmG5DdxYkRhSdz7ae70ss,,
Bolivar-Harpers Ferry Public Library,39.3244004,-77.7565865,library,,,Harpers Ferry WV,151 Polk St Harpers Ferry,https://www.google.com/maps/place/?q=place_id:ChIJexZOX6UCtokRy1d6bLXPl_0,,
Bon Secours Community Hospital,41.3676682,-74.6818346,hospital,y,y,Port Jervis NY,160 East Main Street  Port Jervis,https://www.google.com/maps/place/?q=place_id:ChIJuUW86KtIw4kRJOKYLEgqLrM,,
Book Nook,45.6599466,-68.7126515,library,,,Millinocket ME,303 Katahdin Ave Millinocket,https://www.google.com/maps/place/?q=place_id:ChIJewmmHwCzukwRLx7cewn4scU,,
Boots Off Hostel & Campground,36.2995818,-82.1303705,hostel,y,y,Hampton TN,142 Shook Branch Road  Hampton,https://www.google.com/maps/place/?q=place_id:ChIJ7SqiIC2BUIgRivoYVHy3zks,,
Boots Off Hostel & Campground,36.2995818,-82.1303705,shuttle,,AT,Hampton TN,142 Shook Branch Rd Hampton,https://www.google.com/maps/place/?q=place_id:ChIJ7SqiIC2BUIgRivoYVHy3zks,(239) 218-3904,http://www.bootsoff.camp/
Bosler Memorial Library,40.2012475,-77.1936741,library,,,Carlisle PA,158 W High St Carlisle,https://www.google.com/maps/place/?q=place_id:ChIJR2rEbtThyIkRZPvc7lb9ZTA,,
Boyer's Food Market Pine Grove,40.5605469,-76.3922501,grocery,y,y,Pine Grove PA,30 Lovers Lane  Pine Grove,https://www.google.com/maps/place/?q=place_id:ChIJJbvEzTb5xYkRVreNujEOstY,,
Braemar Castle Hostel,36.283664,-82.158482,hostel,y,y,Hampton TN,130 Dennis Cove Road  Hampton,https://www.google.com/maps/place/?q=place_id:ChIJJXPmuW2BUIgRGuDgXjSLYbg,,
Braemar Castle Hostel,36.2836,-82.1583627,shuttle,,AT,Hampton TN,130 Dennis Cove Rd Hampton,https://www.google.com/maps/place/?q=place_id:ChIJJXPmuW2BUIgRGuDgXjSLYbg,(423) 725-2411,0
Budget Inn,37.741864,-79.35864,hotel,,,Buena Vista VA,617 W 29th St Buena Vista VA 24416 USA,,,
Budget Inn,38.6660466,-78.465565,hotel,,,Luray VA,320 W Main St Luray VA 22835 USA,,,
Budget Inn,38.9327827,-78.194583,hotel,,,Front Royal VA,1122 N Royal Ave Front Royal VA 22630 USA,,,
Buena Vista Coin Laundry,37.7299697,-79.3566811,laundromat,1,,Buena Vista VA,1705 Magnolia Ave Buena Vista VA 24416 USA,https://www.google.com/maps/place/?q=place_id:ChIJlQzFxmozs4kRyzajX0Zl09E,,
Buena Vista Family Pharmacy,37.7365071,-79.3537441,pharmacy,y,y,Buena Vista VA,2263 Magnolia Avenue  Buena Vista,https://www.google.com/maps/place/?q=place_id:ChIJz7l6IGkzs4kR6VfuAGC4WrM,,
Buena Vista Public Library,37.7346104,-79.3540437,library,,,Buena Vista VA,2110 Magnolia Ave Buena Vista,https://www.google.com/maps/place/?q=place_id:ChIJDQ6Yb2kzs4kRh1azExLFcZw,,
Burgeon Outdoor,44.0427944,-71.6686019,outfitter,,,North Woodstock and Lincoln NH,25 S Mountain Dr a4 Lincoln,https://www.google.com/maps/place/?q=place_id:ChIJcVo5_7OBtEwRYnxqVt97xuI,,
Bus Stop,39.3219991,-77.7323609,bus,bus stop,,Harpers Ferry WV,707 Shenandoah St Harpers Ferry,https://www.google.com/maps/place/?q=place_id:ChIJkeIHwFodtokRu5KU1eh7Qfw,(304) 535-6029,https://www.nps.gov/hafe/planyourvisit/gettingaround.htm
Cabela's,40.5576261,-76.0019511,outfitter,,,Hamburg PA,100 Cabela Dr Hamburg,https://www.google.com/maps/place/?q=place_id:ChIJmwxQWpfcxYkRZzVguweXrsE,,
CampAmerica(BenHorne),41.7048469,-73.4777973,campground,,,Kent CT,86 S Kent Rd Kent CT 06757 USA,https://www.google.com/maps/place/?q=place_id:ChIJ-xU-BABh3YkRSucZI_Pq_QA,,
Cantuta Inn Bed and Breakfast in Harpers Ferry,39.3260394,-77.746337,hotel,,,Harpers Ferry WV,1117 W Washington St Harpers Ferry WV 25425 USA,https://www.google.com/maps/place/?q=place_id:ChIJNaCuwKwCtokRj0ygtzFIYLY,,
Caratunk Post Office,45.2339179,-69.9918231,post office,y,y,Caratunk ME,172 Main Street  Caratunk,https://www.google.com/maps/place/?q=place_id:ChIJQ6tZBLr3sEwROVrK7CHVvS4,,
Carilion Giles Community Hospital,37.3331827,-80.7129522,hospital,y,y,Pearisburg VA,159 Hartley Way  Pearisburg,https://www.google.com/maps/place/?q=place_id:ChIJR7sbHILeTYgRWm5UENK9i7Q,,
Carlisle Airport (N94),40.1880733,-77.1683228,airport,airport,,Carlisle PA,228 Petersburg Rd Carlisle,https://www.google.com/maps/place/?q=place_id:ChIJA4SKJcfhyIkRGCqWjkmc1uQ,(717) 243-2133,http://www.cumberlandvalleyaviation.com/
Carlisle Barracks Commissary,40.2096199,-77.1690084,grocery,y,y,Carlisle PA,851 Sumner Road  Carlisle,https://www.google.com/maps/place/?q=place_id:ChIJfQ2DZzbgyIkRE-n7W1F2fno,,
Carlisle House Bed & Breakfast,40.198792,-77.189715,hotel,,,Carlisle PA,148 S Hanover St Carlisle PA 17013 USA,https://www.google.com/maps/place/?q=place_id:ChIJX_XTvtbhyIkRM-5UKdXcNW4,,
Carrot Top Cottage,39.323927999999995,-77.73669,hotel,,,Harpers Ferry WV,401 Fillmore St Harpers Ferry WV 25425 USA,https://www.google.com/maps/place/?q=place_id:ChIJ-Rva5YAdtokRNaglb-WX9zQ,,
Casablanca Motel,43.186825,-73.044506,hotel,,,Manchester Center VT,5927 Main St Manchester Center VT 05255 USA,https://www.google.com/maps/place/?q=place_id:ChIJtY9Yllte4IkRO2nwGLSTwsE,,
Catamount Motel,42.872202,-73.1959152,shuttle,,AT,Bennington VT,500 South St Bennington,https://www.google.com/maps/place/?q=place_id:ChIJr20Vbm6W4IkRe-3ggml3lIU,(802) 442-5977,http://www.catamountmotel.com/
Catamount Motel,42.872222199999996,-73.1958333,hotel,,,Bennington VT,500 South St Bennington VT 05201 USA,https://www.google.com/maps/place/?q=place_id:ChIJr20Vbm6W4IkRe-3ggml3lIU,,
Celebrity Coin Laundry,36.156971399999996,-82.4049047,laundromat,1,,Erwin TN,1072 N Main Ave Erwin TN 37650 USA,https://www.google.com/maps/place/?q=place_id:ChIJ__8v9stvWogRCKUNrkLpicY,,
Central Street Laundromat,45.6577189,-68.7069943,laundromat,1,,Millinocket ME,59 Central St Millinocket ME 04462 USA,https://www.google.com/maps/place/?q=place_id:ChIJLVkSpWazukwRRa1DkFMwBlg,,
Chambery Inn,42.3084747,-73.2518887,hotel,,,Lee MA,199 Main St Lee MA 01238 USA,https://www.google.com/maps/place/?q=place_id:ChIJ0163iGlD54kRgSEwvDElezk,,
Chapin Library,42.7135856,-73.202222,library,,,Williamstown MA,26 Hopkins Hall Dr Williamstown,https://www.google.com/maps/place/?q=place_id:ChIJ0b2h9KeNW0ARQJI4s5qz0wo,,
Charcoal Hearth Campground,40.025388299999996,-77.3119797,campground,,,Pine Grove Furnace Store,101 Bendersville Rd Gardners PA 17324 USA,https://www.google.com/maps/place/?q=place_id:ChIJg9_WkxwEyYkRLIv7O6y5EZQ,,
Chateau Charmaine,43.6665681,-72.7829249,hotel,,,Killington VT,225 Spring Hill Rd Killington VT 05751 USA,https://www.google.com/maps/place/?q=place_id:ChIJnZYYUwMr4IkR3MYd8OlIcBA,,
Chatuge Regional Hospital,34.9466485,-83.7537878,hospital,y,y,Hiawassee GA,110 South Main Street  Hiawassee,https://www.google.com/maps/place/?q=place_id:ChIJv9VwMlwvX4gRInxd_l5gGEk,,
Cherokee Cabs,35.4560406,-83.3124066,taxi,taxi,,Cherokee NC,125 Tee Pee Dr Whittier,https://www.google.com/maps/place/?q=place_id:ChIJI_8mr8xBWYgREusrSvX7fTU,(828) 269-8621,http://www.cherokeecabs.com/
Cherokee Casino North Carolina,35.469037199999995,-83.2980054,hotel,,,Cherokee NC,777 Casino Dr Cherokee NC 28719 USA,https://www.google.com/maps/place/?q=place_id:ChIJFdjY9DxDWYgRbMunA5CxfXI,,
Cherokee Grand Hotel,35.4695597,-83.3075178,hotel,,,Cherokee NC,196 Paint Town Rd Cherokee NC 28719 USA,https://www.google.com/maps/place/?q=place_id:ChIJ6epwH9hDWYgRZKTdpkgC3Gk,,
Cherokee Indian Hospital,35.4844899,-83.3232508,hospital,y,y,Cherokee NC,1 Hospital Road  Cherokee,https://www.google.com/maps/place/?q=place_id:ChIJaTInl-VDWYgRRrbi97dltkg,,
Cherokee Inn,35.4749152,-83.331051,hotel,,,Cherokee NC,185 Tsalagi Rd Cherokee NC 28719 USA,https://www.google.com/maps/place/?q=place_id:ChIJjYFS4RtDWYgR2jkMsvAJCOs,,
Cherokee Pharmacy - Health Mart,35.4626262,-83.3139476,pharmacy,y,y,Cherokee NC,664 Cherokee Crossing Road  Whittier,https://www.google.com/maps/place/?q=place_id:ChIJm0c56V1BWYgReb9Ql-HoP5o,,
Cherokee Tower,35.4696727,-83.3031531,hotel,,,Cherokee NC,40 Convention Center Dr Cherokee NC 28719 USA,https://www.google.com/maps/place/?q=place_id:ChIJlbvqJy5DWYgRYzdsBGAANls,,
Cherry Street Coin Laundry.,40.205332,-77.200643,laundromat,1,,Carlisle PA,168 Cherry St Carlisle PA 17013 USA,https://www.google.com/maps/place/?q=place_id:ChIJp3nWpSweyYkRlQ1oP8Vrj3E,,
Cherry Valley Manor Luxury Bed and Breakfast,40.976222199999995,-75.1641179,hotel,,,Delaware Water Gap PA,115 Davis Ct Stroudsburg PA 18360 USA,https://www.google.com/maps/place/?q=place_id:ChIJNSEz3XKIxIkRrq1lrup4FHY,,
Cheshire Public Library,42.5618501,-73.1627848,library,,,Cheshire MA,23 Depot St Cheshire,https://www.google.com/maps/place/?q=place_id:ChIJV8gvD5S04IkREING2TPICx0,,
Chi Heorot,43.7036759,-72.2843322,library,,,Hanover NH,11 E Wheelock St Hanover,https://www.google.com/maps/place/?q=place_id:ChIJTQJ9xd_JtEwRlgNARgbmZEk,,
Clark Art Institute,42.7077629,-73.2140281,library,,,Williamstown MA,225 South St Williamstown,https://www.google.com/maps/place/?q=place_id:ChIJz3ie5XG64IkRb9h6LYOFQ-4,,
Clarksburg Town Library,42.7188841,-73.1048043,library,,,North Adams MA,711 W Cross Rd Clarksburg,https://www.google.com/maps/place/?q=place_id:ChIJD_a1vYe44IkRqM35GKUKTo0,,
Classic Drycleaners and Laundromats,40.200458499999996,-77.1828002,laundromat,1,,Carlisle PA,254 E High St Carlisle PA 17013 USA,https://www.google.com/maps/place/?q=place_id:ChIJAQBUis3hyIkRbsienh-qAdk,,
Clinchfield Drug Co,36.1452419,-82.4168209,pharmacy,y,y,Erwin TN,101 South Main Avenue  Erwin,https://www.google.com/maps/place/?q=place_id:ChIJ2VUP3k5uWogRxS1xuKR-yFg,,
Clothes Basket,43.6091481,-72.9716802,laundromat,1,,Rutland VT,10 N Main St Rutland VT 05701 USA,https://www.google.com/maps/place/?q=place_id:ChIJY6viLWck4IkRnuJsRHNRjv0,,
Club Getaway,41.7072072,-73.4710825,hotel,,,Kent CT,59 S Kent Rd Kent CT 06757 USA,https://www.google.com/maps/place/?q=place_id:ChIJ5Zugn9ph3YkRyxyi66l5DO4,,
Club Getaway,41.7072072,-73.4710825,campground,,,Kent CT,59 S Kent Rd Kent CT 06757 USA,https://www.google.com/maps/place/?q=place_id:ChIJ5Zugn9ph3YkRyxyi66l5DO4,,
Comfort Inn & Suites Troutville-Roanoke North,37.3933518,-79.9001408,hotel,,,Daleville VA,3231 Lee Hwy Troutville VA 24175 USA,https://www.google.com/maps/place/?q=place_id:ChIJB0EJdBAbTYgRNv6LbsJrQJc,,
Comfort Inn Rutland - Killington,43.596643,-72.968121,hotel,,,Rutland VT,19 Allen St Rutland VT 05701 USA,https://www.google.com/maps/place/?q=place_id:ChIJP6s44PIk4IkRTxmKhcI9taI,,
Comfort Suites Downtown Carlisle,40.2005233,-77.1899108,hotel,,,Carlisle PA,10 S Hanover St Carlisle PA 17013 USA,https://www.google.com/maps/place/?q=place_id:ChIJ8QhWDtThyIkRv4cU28LCxlc,,
Co-op Food StoresHanover,43.6981687,-72.2806136,grocery,y,y,Hanover NH,45 South Park Street  Hanover,https://www.google.com/maps/place/?q=place_id:ChIJcU3Lv-HJtEwR1LuZIZWiWYo,,
Copland Library,42.3480924,-73.3071509,library,,,Lee MA,Stockbridge,https://www.google.com/maps/place/?q=place_id:ChIJs-d0ifNb54kRaGfuLE2HoRQ,,
Cortina Inn,43.5831368,-72.96958,hotel,,,Rutland VT,476 Holiday Dr Rutland VT 05701 USA,https://www.google.com/maps/place/?q=place_id:ChIJXwjSfsAk4IkRI3ps0IVfHTQ,,
Country Bumpkins Campground and Cabins,44.0542169,-71.6881058,campground,,,North Woodstock and Lincoln NH,218 US-3 Lincoln NH 03251 USA,https://www.google.com/maps/place/?q=place_id:ChIJ8Y6rv3KBtEwRB9y99uPGwBo,,
Country Harvest Family Market,40.8044444,-75.6025,grocery,y,y,Palmerton PA,572 Delaware Avenue  Palmerton,https://www.google.com/maps/place/?q=place_id:ChIJ2yNICpJOxIkR57YZCHeBATY,,
Courtyard by Marriott Gatlinburg Downtown,35.7076385,-83.5171437,hotel,,,Gatlinburg TN,315 Airport Rd Gatlinburg TN 37738 USA,https://www.google.com/maps/place/?q=place_id:ChIJjREVD9BVWYgRzloqO_UWQ7Y,,
Cozy condo 1 BDR 1 LR 1 BTH 1 KITCHENETTE sleep 4 Mountain view #234,41.191295,-74.5034448,hotel,,,Vernon NJ,200 NJ-94 Vernon Township NJ 07462 USA,https://www.google.com/maps/place/?q=place_id:ChIJYWwISAg_w4kRUunio8wPvXE,,
Crazy Larry's,36.632594,-81.7836983,shuttle,,AT,Damascus VA,209 Douglas Dr Damascus,https://www.google.com/maps/place/?q=place_id:ChIJp7h2ENRAUIgRv0U2hezNbNU,(276) 525-5138,https://www.facebook.com/CrazyLarrysHostel
Crazy Larry's,36.6325947,-81.7836885,hostel,,,Damascus VA,209 Douglas Dr Damascus VA 24236 USA,https://www.google.com/maps/place/?q=place_id:ChIJp7h2ENRAUIgRv0U2hezNbNU,,
Creek Ridge Camping Cabins,35.883078499999996,-82.8352015,hotel,,,Hot Springs NC,660 Henderson Dr Hot Springs NC 28743 USA,https://www.google.com/maps/place/?q=place_id:ChIJo9VD2Q4yWogRdfeBnOGMCaw,,
Creek Ridge Camping Cabins,35.883078499999996,-82.8352015,campground,,,Hot Springs NC,660 Henderson Dr Hot Springs NC 28743 USA,https://www.google.com/maps/place/?q=place_id:ChIJo9VD2Q4yWogRdfeBnOGMCaw,,
Creek Water Inn,35.8931667,-82.8269417,hotel,,,Hot Springs NC,159 Bridge St Hot Springs NC 28743 USA,https://www.google.com/maps/place/?q=place_id:ChIJAfUahzozWogRxSKuLdpeTWY,,
Cross Trails Hostel,39.3264421,-77.7004306,hostel,y,y,Harpers Ferry WV,19123 Sandy Hook Road  Knoxville,https://www.google.com/maps/place/?q=place_id:ChIJMw4MS34dtokRzV4VQefOmBE,,
Crossett Library,42.9184579,-73.2382579,library,,,Bennington VT,36 First St Bennington,https://www.google.com/maps/place/?q=place_id:ChIJiUDM0ySX4IkRLe3FCyCzglE,,
Crystal Cleaners Of Peekskill Laundromat,41.3011425,-73.9204603,laundromat,1,,Peekskill NY,Peekskill NY 10566 USA,https://www.google.com/maps/place/?q=place_id:ChIJOzLrmibJwokRpa2OS40fFk8,,
CTown Supermarkets,41.2906088,-73.91778,grocery,y,y,Peekskill NY,1049 Park Street  Peekskill,https://www.google.com/maps/place/?q=place_id:ChIJoeEl9tvIwokRS27EFPVYu0s,,
CVS Pharmacy,36.1545316,-82.4085266,pharmacy,y,y,Erwin TN,917 North Main Avenue  Erwin,https://www.google.com/maps/place/?q=place_id:ChIJYzf28cpvWogR4dKYFhwZCKU,,
CVS Pharmacy,36.8436536,-81.5057205,pharmacy,y,y,Marion VA,945 North Main Street  Marion,https://www.google.com/maps/place/?q=place_id:ChIJffRuEzXTUYgRZJ4wwrBsTxk,,
CVS Pharmacy,37.4161798,-79.9111806,pharmacy,y,y,Daleville VA,48 Marketplace Drive  Daleville,https://www.google.com/maps/place/?q=place_id:ChIJ0cJE49YaTYgRCrqwPzU2vvM,,
CVS Pharmacy,37.7424061,-79.3792964,pharmacy,y,y,Buena Vista VA,2148 East Midland Trail  Buena Vista,https://www.google.com/maps/place/?q=place_id:ChIJG03SvlIzs4kROqocQ_zgnEw,,
CVS Pharmacy,38.0726232,-78.8964276,pharmacy,y,y,Waynesboro VA,1235 West Broad Street  Waynesboro,https://www.google.com/maps/place/?q=place_id:ChIJDXKBk7pjs4kRPYIPuKv8XfU,,
CVS Pharmacy,38.9110282,-78.1839186,pharmacy,y,y,Front Royal VA,800 John Marshall Highway  Front Royal,https://www.google.com/maps/place/?q=place_id:ChIJ3wvpjMHFtYkR3GTTI_Om32I,,
CVS Pharmacy,40.1956929,-77.1569645,pharmacy,y,y,Carlisle PA,246 Westminster Drive  Carlisle,https://www.google.com/maps/place/?q=place_id:ChIJd5QdeK7hyIkRvLBVetm7MhE,,
CVS Pharmacy,40.1920223,-77.1944257,pharmacy,y,y,Carlisle PA,765 South West Street  Carlisle,https://www.google.com/maps/place/?q=place_id:ChIJI81HnNjhyIkROz4WRD1I-8s,,
CVS Pharmacy,40.8384193,-75.2959969,pharmacy,y,y,Wind Gap PA,855 South Broadway  Wind Gap,https://www.google.com/maps/place/?q=place_id:ChIJ--xiSGBnxIkRlwP6w09wRcE,,
CVS Pharmacy,41.198715,-74.485075,pharmacy,y,y,Vernon NJ,302 New Jersey 94  Vernon Township,https://www.google.com/maps/place/?q=place_id:ChIJnzmxMeg9w4kR-SPUZsJ_5Lg,,
CVS Pharmacy,41.3171454,-74.1522553,pharmacy,y,y,Harriman NY,128 Bailey Farm Road  Monroe,https://www.google.com/maps/place/?q=place_id:ChIJJa5qKhfXwokRbfkvpt_dfDQ,,
CVS Pharmacy,41.2959639,-73.8949334,pharmacy,y,y,Peekskill NY,1827 Main Street  Peekskill,https://www.google.com/maps/place/?q=place_id:ChIJq6rq1QPJwokRKHmAfGiNTAc,,
CVS Pharmacy,41.5621189,-73.5996221,pharmacy,y,y,Pawling NY,26 East Main Street  Pawling,https://www.google.com/maps/place/?q=place_id:ChIJW3fXSFNa3YkRDMvBvqJenHQ,,
CVS Pharmacy,42.1926946,-73.3645605,pharmacy,y,y,Great Barrington MA,362 Main Street SUITE 2  Great Barrington,https://www.google.com/maps/place/?q=place_id:ChIJzVgVh65m54kRE8pp91-FF10,,
CVS Pharmacy,42.7012371,-73.110941,pharmacy,y,y,North Adams MA,55 Veterans Memorial Drive  North Adams,https://www.google.com/maps/place/?q=place_id:ChIJUxsrRRW44IkRZLoIR18Z8qI,,
CVS Pharmacy,42.8954029,-73.2021648,pharmacy,y,y,Bennington VT,8 Kocher Drive  Bennington,https://www.google.com/maps/place/?q=place_id:ChIJAQDAmo2W4IkRAklq-6VkgCc,,
CVS Pharmacy,43.6104201,-72.973202,pharmacy,y,y,Rutland VT,31-33 South Main Street  Rutland,https://www.google.com/maps/place/?q=place_id:ChIJh_P_TWAk4IkRNTuO2g9Q8s4,,
CVS Pharmacy,43.6994504,-72.2905539,pharmacy,y,y,Hanover NH,79 South Main Street  Hanover,https://www.google.com/maps/place/?q=place_id:ChIJuWKcFebJtEwRZpvij3NBeH4,,
Dads shuttle service,45.1477144,-70.4341315,shuttle,,,Stratton ME,42 Old Dead River Rd APT 10 Stratton,https://www.google.com/maps/place/?q=place_id:ChIJP5BXcJHfsEwR7Tk7C-gQkDU,(207) 670-4110,0
Dalton Free Public Library,42.4730533,-73.1698117,library,,,Dalton MA,462 Main St #1 Dalton,https://www.google.com/maps/place/?q=place_id:ChIJKdkK-u9L54kRAWazRN_NqS0,,
Dalton Laundry & Tailor Shop,42.4811609,-73.155205,laundromat,1,,Dalton MA,300 North St Dalton MA 01226 USA,https://www.google.com/maps/place/?q=place_id:ChIJqXctc79L54kR_-YFQZuc6iM,,
Damascus Old Mill Inn,36.63636220000001,-81.7898599,hotel,,,Damascus VA,215 W Imboden St Damascus VA 24236 USA,https://www.google.com/maps/place/?q=place_id:ChIJE6TQf9BAUIgRUf44RGEhYnQ,,
Damascus Outfitters,36.6349509,-81.7896594,outfitter,,,Damascus VA,128 W Laurel Ave Damascus,https://www.google.com/maps/place/?q=place_id:ChIJbcRzvpxBUIgR_FRA-GF1KcY,,
Damascus Outfitters,36.6349509,-81.7896594,shuttle,,AT,Damascus VA,128 W Laurel Ave Damascus,https://www.google.com/maps/place/?q=place_id:ChIJbcRzvpxBUIgR_FRA-GF1KcY,(276) 546-8411,https://www.damascusoutfitters.com/
Damascus Outfitters,36.6349509,-81.7896594,outfitter,,,Damascus VA,128 W Laurel Ave Damascus,https://www.google.com/maps/place/?q=place_id:ChIJbcRzvpxBUIgR_FRA-GF1KcY,(276) 546-8411,https://www.damascusoutfitters.com/
Damascus Public Library,36.631183,-81.790944,library,,,Damascus VA,310 Water St Damascus,https://www.google.com/maps/place/?q=place_id:ChIJ1Z2lw9BAUIgRu633aEcNpZk,,
Dana Biomedical Library,43.7089898,-72.2864848,library,,,Hanover NH,37 Dewey Field Road Hanover,https://www.google.com/maps/place/?q=place_id:ChIJi9jTPkDJtEwR92hN96zIo0g,,
Dartmouth College: Sherman Art Library,43.7054272,-72.2892082,library,,,Hanover NH,23 N Main St Hanover,https://www.google.com/maps/place/?q=place_id:ChIJv3NS5sLJtEwRqW9WcT3Ih8M,,
David M. Hunt Library,41.9561159,-73.3613963,library,,,Salisbury CT,63 Main St Falls Village,https://www.google.com/maps/place/?q=place_id:ChIJxeHcqal454kRtUulIg1wMWA,,
Davis IGA,41.7277208,-73.4717961,grocery,y,y,Kent CT,27 Kent Green Boulevard  Kent,https://www.google.com/maps/place/?q=place_id:ChIJYyJI5uRh3YkRXgjB3aFXQWk,,
Day Hiker,35.7124516,-83.5144327,outfitter,,,Gatlinburg TN,634 Parkway # 1 Gatlinburg,https://www.google.com/maps/place/?q=place_id:ChIJsyhJjttVWYgRAC6ZXmQLZO0,,
Day Hiker,35.7124516,-83.5144327,fuel,,,Gatlinburg TN,634 Parkway # 1 Gatlinburg,https://www.google.com/maps/place/?q=place_id:ChIJsyhJjttVWYgRAC6ZXmQLZO0,,
Days Inn by Wyndham Cherokee Near Casino,35.468098399999995,-83.2995244,hotel,,,Cherokee NC,660 Paint Town Rd Cherokee NC 28719 USA,https://www.google.com/maps/place/?q=place_id:ChIJfRPxerxDWYgRzMG27VbBWvg,,
Days Inn by Wyndham Rutland/Killington Area,43.5844264,-72.9669561,hotel,,,Rutland VT,401 US-7 Rutland VT 05701 USA,https://www.google.com/maps/place/?q=place_id:ChIJiWhNCBok4IkRIIkaBbJ0ki4,,
Deer Head Inn,40.9830973,-75.1408851,hotel,,,Delaware Water Gap PA,5 Main St Delaware Water Gap PA 18327 USA,https://www.google.com/maps/place/?q=place_id:ChIJEXxr58-HxIkRaJ2pL7Wchlg,,
Deer Park Resort,44.0336199,-71.6827185,hotel,,,North Woodstock and Lincoln NH,132 Deer Park Dr North Woodstock NH 03262 USA,https://www.google.com/maps/place/?q=place_id:ChIJX5XNVYeBtEwR2HhESnn9F_w,,
Desmond-Fish Public Library,41.3764533,-73.9424243,library,,,Fort Montgomery NY,472 NY-403 Garrison,https://www.google.com/maps/place/?q=place_id:ChIJC35l0H3MwokRP1NRUM2bqas,,
Desmond-Fish Public Library,41.3764533,-73.9424243,library,,,Appalachian Market,472 NY-403 Garrison,https://www.google.com/maps/place/?q=place_id:ChIJC35l0H3MwokRP1NRUM2bqas,,
Dial a Bus,41.3137081,-74.1980705,bus,,,Harriman NY,91 Mine Rd Monroe,https://www.google.com/maps/place/?q=place_id:ChIJA4c1L-rXwokROOtOmQDgOLU,(845) 783-8740,0
Die Wascherei,40.548332699999996,-75.9795473,laundromat,1,,Hamburg PA,447 S Fourth St Hamburg PA 19526 USA,https://www.google.com/maps/place/?q=place_id:ChIJQeeaSnfbxYkRlMvEvnT9uxo,,
Dolly's Laundromat,40.2101314,-77.1814432,laundromat,1,,Carlisle PA,725 N Hanover St Carlisle PA 17013 USA,https://www.google.com/maps/place/?q=place_id:ChIJe2Ji6jHgyIkRu6suEiU_jBg,,
Downtown Laundromat,43.609387299999995,-72.9829848,laundromat,1,,Rutland VT,103 State St Rutland VT 05701 USA,https://www.google.com/maps/place/?q=place_id:ChIJkeIPwnwk4IkR352JrgivAO0,,
DROP N GO LAUNDRY,41.2712068,-73.9304553,laundromat,1,,Peekskill NY,60 Welcher Ave Peekskill NY 10566 USA,https://www.google.com/maps/place/?q=place_id:ChIJV-Ki3_jJwokRdF2xksyyMSc,,
Duck Inn,44.9662314,-70.6561508,hotel,,,Rangeley ME,Russell Cove Cir Rangeley ME 04970 USA,https://www.google.com/maps/place/?q=place_id:ChIJw381zq49sUwRqlGRVIcK4Fs,,
Duncannon Lions Club Campground,40.402831,-77.0158724,campground,,,Duncannon PA,8 Newport Rd Duncannon PA 17020 USA,https://www.google.com/maps/place/?q=place_id:ChIJIRMcHB_QyIkRLwazs8VPocE,,
Eagle Shoe & Boot Co,42.1986599,-73.3613109,outfitter,,,Great Barrington MA,154 Main St #101 Great Barrington,https://www.google.com/maps/place/?q=place_id:ChIJifo027Bm54kRZ4M5l7_7Q7I,,
East Rock Inn,42.194741199999996,-73.3382349,hotel,,,Great Barrington MA,304 State Rd Great Barrington MA 01230 USA,https://www.google.com/maps/place/?q=place_id:ChIJaRkcqFRn54kRtZKswInbS4Y,,
EBCI Transit Services,35.4848971,-83.3139982,bus,,,Cherokee NC,680 Acquoni Rd Cherokee,https://www.google.com/maps/place/?q=place_id:ChIJDWej0-VDWYgRY7dCuSbeB60,(828) 359-6300,http://www.cherokeetransit.com/
Econo Lodge Cherokee Near Island Park,35.4762486,-83.3206914,hotel,,,Cherokee NC,20 Old River Rd US-19 Cherokee NC 28719 USA,https://www.google.com/maps/place/?q=place_id:ChIJgz_fKORDWYgRC37-Nfu1S_0,,
Econo Lodge Marion I-81,36.845454,-81.49366,hotel,,,Marion VA,1420 N Main St Marion VA 24354 USA,https://www.google.com/maps/place/?q=place_id:ChIJGYQH1cHSUYgRgLuXzKlbtYY,,
Econo Lodge Rutland City near Hwy 7,43.5896464,-72.9687661,hotel,,,Rutland VT,238 S Main St US 7 South Rutland VT 05701 USA,https://www.google.com/maps/place/?q=place_id:ChIJF9M-Ju0k4IkRYIJlOI_CMbo,,
Econo Lodge Waynesboro - Skyline Drive,38.0699324,-78.8934264,hotel,,,Waynesboro VA,640 W Broad St Building B Waynesboro VA 22980 USA,https://www.google.com/maps/place/?q=place_id:ChIJw9bKOOljs4kR-gsTYQgptA8,,
Ecopelagicon A Nature Store,44.9650382,-70.6417171,outfitter,,,Rangeley ME,7 Pond St Rangeley,https://www.google.com/maps/place/?q=place_id:ChIJ2e6Ue188sUwRvkkTMeTjdaQ,,
Edgewater Hotel and Conference Center Gatlinburg,35.713638599999996,-83.5167797,hotel,,,Gatlinburg TN,402 River Rd Gatlinburg TN 37738 USA,https://www.google.com/maps/place/?q=place_id:ChIJActbVttVWYgRq6DxQ-Uhm08,,
Edsel Ford Memorial Library,41.9445208,-73.4392593,library,,,Salisbury CT,11 Interlaken Rd Lakeville,https://www.google.com/maps/place/?q=place_id:ChIJnxYXemqA54kRbMUyaPhGnI0,,
Egremont Free Library,42.1616868,-73.4110337,library,,,Great Barrington MA,1 Buttonball Ln Egremont,https://www.google.com/maps/place/?q=place_id:ChIJ13Skkq5j54kRW-3244OpaOA,,
Embassy Suites by Hilton Gatlinburg Resort,35.7037621,-83.5164555,hotel,,,Gatlinburg TN,604 Airport Rd Gatlinburg TN 37738 USA,https://www.google.com/maps/place/?q=place_id:ChIJozeY69FVWYgR2LtPBoUw160,,
Emergency Room,42.7072592,-73.1095454,hospital,y,y,North Adams MA,71 Hospital Avenue  North Adams,https://www.google.com/maps/place/?q=place_id:ChIJnx6BLxe54IkRU1stcdlYjxw,,
Equinox Country Club Pro Shop,43.1618553,-73.070484,hotel,,,Manchester Center VT,108 Union St Fork Manchester VT 05254 USA,https://www.google.com/maps/place/?q=place_id:ChIJ_aDAK89f4IkRZjM4lG5re2M,,
Equinox Transportation Agency LLC,43.167737,-73.0473994,taxi,taxi,,Manchester Center VT,3452 Richville Rd #2117 Manchester Center,https://www.google.com/maps/place/?q=place_id:ChIJ6VcuISlf4IkR_OMIWpz2AdY,(802) 430-9920,http://www.equinoxta.com/
Erie Trackside Manor,41.3729313,-74.6919559,hotel,,,Port Jervis NY,1 Jersey Ave Port Jervis NY 12771 USA,https://www.google.com/maps/place/?q=place_id:ChIJV5nfLVJPw4kRsOKfogeaKGM,,
Erwin Outdoor Supply,36.1451009,-82.417557,outfitter,,,Erwin TN,113 Union St Erwin,https://www.google.com/maps/place/?q=place_id:ChIJlb4NrcZvWogRbeLrcRpOacE,,
Erwin Outdoor Supply,36.1451009,-82.417557,fuel,,,Erwin TN,113 Union St Erwin,https://www.google.com/maps/place/?q=place_id:ChIJlb4NrcZvWogRbeLrcRpOacE,,
Essential Early Education,43.5905493,-72.9696998,hotel,,,Rutland VT,257 S Main St Rutland VT 05701 USA,https://www.google.com/maps/place/?q=place_id:ChIJha3YLHMl4IkREV-gBiletJs,,
Extended Care Pharmacy LLC,42.88189,-73.196788,pharmacy,y,y,Bennington VT,207 North Street  Bennington,https://www.google.com/maps/place/?q=place_id:ChIJGUdudmOW4IkR0CpAkKkVxNU,,
Extol Inn,43.6229271,-72.9752688,hotel,,,Rutland VT,203 N Main St Rutland VT 05701 USA,https://www.google.com/maps/place/?q=place_id:ChIJPXWYFRIl4IkRCKAQPLaKUxo,,
Fairfield by Marriott Inn & Suites Cherokee,35.4680331,-83.3009104,hotel,,,Cherokee NC,Casino District 568 Paint Town Rd Cherokee NC 28719 USA,https://www.google.com/maps/place/?q=place_id:ChIJQ7U729dDWYgRsBF_g-yVck0,,
Fairfield by Marriott Inn & Suites Gatlinburg Downtown,35.7035285,-83.5157746,hotel,,,Gatlinburg TN,611 Airport Rd Gatlinburg TN 37738 USA,https://www.google.com/maps/place/?q=place_id:ChIJzWMAj9FVWYgRtMSJtfkGVQ0,,
Fairfield by Marriott Inn & Suites Great Barrington Lenox/Berkshires,42.207743,-73.348145,hotel,,,Great Barrington MA,249 Stockbridge Road Route US-7 Great Barrington MA 01230 USA,https://www.google.com/maps/place/?q=place_id:ChIJP9-e7-lm54kRJpj02RcXopA,,
Fairfield by Marriott Inn & Suites Williamstown,42.7062775,-73.1891257,hotel,,,Williamstown MA,430 Main St Williamstown MA 01267 USA,https://www.google.com/maps/place/?q=place_id:ChIJAQBAdxu64IkRi1T9MDfj4zw,,
Fairmount Inn & Suites - Stroudsburg,40.9887546,-75.1435017,hotel,,,Delaware Water Gap PA,101 Broad St Building B Delaware Water Gap PA 18327 USA,https://www.google.com/maps/place/?q=place_id:ChIJ04wjddKHxIkR9lu5EXiSzFg,,
Fairview Hospital,42.1910815,-73.3719755,hospital,y,y,Great Barrington MA,29 Lewis Avenue  Great Barrington,https://www.google.com/maps/place/?q=place_id:ChIJpbb2ulRh54kRBoGs0DvvyMI,,
Family Pharmacy Services,38.9090058,-78.1833366,pharmacy,y,y,Front Royal VA,240 Remount Road  Front Royal,https://www.google.com/maps/place/?q=place_id:ChIJbxuXVCrEtYkRrkChYd5w4HU,,
Father Tom Campsite,42.5613482,-73.157051,campground,,,Cheshire MA,6 Main St Cheshire MA 01225 USA,https://www.google.com/maps/place/?q=place_id:ChIJJ-fC3Yu14IkROCQm9kdqF4I,,
Feldberg Business & Engineering Library,43.7049633,-72.2951986,library,,,Hanover NH,Murdough Center 31 Hanover,https://www.google.com/maps/place/?q=place_id:ChIJUWQ6ksHJtEwRyc81qgE40bM,,
Fife n drum motel,42.858187099999995,-73.2022082,hotel,,,Bennington VT,693 US-7 Bennington VT 05201 USA,https://www.google.com/maps/place/?q=place_id:ChIJw9BukqqX4IkRuq5csvGa4eU,,
Fife'n Drum Inn,41.7285918,-73.4745676,hotel,,,Kent CT,59 N Main St Kent CT 06757 USA,https://www.google.com/maps/place/?q=place_id:ChIJzW7KLeVh3YkRfP17C6pQFXA,,
Fish Tales Outfitters & Guide Service,35.182104,-83.3808191,outfitter,1,,Franklin TN,29 E Main St Franklin,https://www.google.com/maps/place/?q=place_id:ChIJg3b5haYlWYgRxMA9V5WByJM,,
Five Corners Inn & Suites,44.3978608,-71.1946613,hotel,,, Gorham NH,370 Main St Gorham NH 03581 USA,https://www.google.com/maps/place/?q=place_id:ChIJjVAY6xDys0wRYWJl_M1D9ok,,
Fontana Dam Campground,35.446329399999996,-83.8053464,campground,,,Fontana Dam NC,12578 Fontana Rd Robbinsville NC 28771 USA,https://www.google.com/maps/place/?q=place_id:ChIJl12hW_-4XogRDwKYimpRrvI,,
Food City,36.1485932,-82.4183768,grocery,y,y,Erwin TN,110 North Industrial Drive  Erwin,https://www.google.com/maps/place/?q=place_id:ChIJAzEpuvRvWogRMkgm2erv99w,,
Food City,36.6410791,-81.7983321,grocery,y,y,Damascus VA,736 North Beaver Dam Avenue  Damascus,https://www.google.com/maps/place/?q=place_id:ChIJncRKq9tAUIgRmGz7kYbzhlU,,
Food City,36.8409386,-81.5057347,grocery,y,y,Marion VA,910 North Main Street  Marion,https://www.google.com/maps/place/?q=place_id:ChIJKf7jmbfSUYgRypMZerGCpMw,,
Food City Pharmacy,36.1484483,-82.4183501,pharmacy,y,y,Erwin TN,110 North Industrial Drive  Erwin,https://www.google.com/maps/place/?q=place_id:ChIJaQQeRvZvWogRquvL-IVog1U,,
Food City Pharmacy,36.6412095,-81.7984763,pharmacy,y,y,Damascus VA,736 North Beaver Dam Avenue  Damascus,https://www.google.com/maps/place/?q=place_id:ChIJHzW1VNpAUIgRla_vBsyg0fU,,
Food City Pharmacy,36.8407254,-81.5056347,pharmacy,y,y,Marion VA,910 North Main Street  Marion,https://www.google.com/maps/place/?q=place_id:ChIJqR4uyE7TUYgR_zoEdVF0t2Y,,
Fotter's Market,45.1411982,-70.4435729,grocery,y,y,Stratton ME,157 Main Street  Stratton,https://www.google.com/maps/place/?q=place_id:ChIJVVVVVeUfsUwR8dY04KV1U14,,
Four Chimneys Inn & Restaurant,42.8828406,-73.2168505,hotel,,,Bennington VT,21 West Rd Bennington VT 05201 USA,https://www.google.com/maps/place/?q=place_id:ChIJQfQ5DVqW4IkR_PxwEuh0Chs,,
Four Pines Hostel,37.3663361,-80.1534,hostel,y,y,Catawaba VA,6164 Newport Road #624  Catawba,https://www.google.com/maps/place/?q=place_id:ChIJLdGc8kmmTYgRU7ZGXzG1aLU,,
Four Pines Hostel,37.3664181,-80.153278,shuttle,,AT,Catawaba VA,6164 Newport Rd #624 Catawba,https://www.google.com/maps/place/?q=place_id:ChIJLdGc8kmmTYgRU7ZGXzG1aLU,(540) 309-8615,https://www.facebook.com/pages/Four-Pines-Hostel/215902991760062
Franklin County Library System,39.9184852,-77.5925125,library,,,Fayetteville PA,101 Ragged Edge Rd S Chambersburg,https://www.google.com/maps/place/?q=place_id:ChIJaf8ehA6fyYkRSBKvtchuDNY,,
Gateway Inn,38.9354017,-78.1997898,hotel,,,Front Royal VA,1400 N Shenandoah Ave Front Royal VA 22630 USA,https://www.google.com/maps/place/?q=place_id:ChIJcXWCrynEtYkRYeZ10vOBpkI,,
Gateway Motel,40.8628065,-75.297486,hotel,,,Wind Gap PA,213 Emerson Rd Wind Gap PA 18091 USA,https://www.google.com/maps/place/?q=place_id:ChIJyWxrnVNmxIkRzOQyCPdpglc,,
Gatlinburg City Mass Transit Center,35.7140664,-83.5127306,bus,,,Gatlinburg TN,88 River Rd #101 Gatlinburg,https://www.google.com/maps/place/?q=place_id:ChIJxSFDUMRVWYgRz7SO9amfJqw,(865) 436-3897,http://www.gatlinburgtrolley.org/
Gatlinburg River Inn,35.7200802,-83.5109088,hotel,,,Gatlinburg TN,324 Hemlock St Gatlinburg TN 37738 USA,https://www.google.com/maps/place/?q=place_id:ChIJ-faQTcNVWYgRfZAVzUESTZE,,
Gatlinburg Town Square,35.7057426,-83.5173442,hotel,,,Gatlinburg TN,515 Airport Rd Gatlinburg TN 37738 USA,https://www.google.com/maps/place/?q=place_id:ChIJ_aVqx9FVWYgRH_8Y1tGhawc,,
Gear Haus,43.1780202,-73.054333,outfitter,,,Manchester Center VT,31 Memorial Ave Manchester,https://www.google.com/maps/place/?q=place_id:ChIJU4OQ7Dxf4IkRYZocBIy06Ko,,
General Francis Marion Hotel,36.83320750000001,-81.519281,hotel,,,Marion VA,107 E Main St Marion VA 24354 USA,https://www.google.com/maps/place/?q=place_id:ChIJK3Cxb1ItUIgRK0GwcSR_21s,,
Geo Taxi Service Official,41.3320475,-74.1868516,taxi,taxi,,Harriman NY,130 N Main St Monroe,https://www.google.com/maps/place/?q=place_id:ChIJ29WBJ1PXwokRG-rjSyIKKyo,(845) 717-8068,https://geotaxiserviceofficial.com/
GIANT Pharmacy,40.1963422,-77.1799,pharmacy,y,y,Carlisle PA,255 South Spring Garden Street  Carlisle,https://www.google.com/maps/place/?q=place_id:ChIJwUeNR87hyIkR4qwaDrNLwYE,,
Giles Pharmacy,37.3273076,-80.7137969,pharmacy,y,y,Pearisburg VA,1615 Wenonah Avenue  Pearisburg,https://www.google.com/maps/place/?q=place_id:ChIJ3arWQmbdTYgRTaD0yisXmNw,,
Glasgow Public Library,37.6347448,-79.4509757,library,,,Glasgow VA,1108 Blue Ridge Rd Glasgow,https://www.google.com/maps/place/?q=place_id:ChIJaRtPrTbSTIgRmLiQ_rh3HdI,,
Glen Maury Park,37.7334397,-79.3672703,campground,,,Buena Vista VA,100 Glen Maury Park Rd Buena Vista VA 24416 USA,https://www.google.com/maps/place/?q=place_id:ChIJCTq9uDgzs4kR4A2N8X9dkv8,,
Glenstone Lodge,35.705044699999995,-83.517309,hotel,,,Gatlinburg TN,504 Airport Rd Gatlinburg TN 37738 USA,https://www.google.com/maps/place/?q=place_id:ChIJ44BmKM5VWYgRhxQjXjmnJYI,,
Glenwood Inn - Stroudsburg,40.9854553,-75.1478598,hotel,,,Delaware Water Gap PA,167 Main St Delaware Water Gap PA 18327 USA,https://www.google.com/maps/place/?q=place_id:ChIJCUi-GtGHxIkRVS61vyRejzM,,
Gorgeous Stays (Camping Tiny Homes & Unique Stays),35.3379932,-83.5666178,hotel,,,Nantahala Outdoor Center  NOC,11044 US-19 Bryson City NC 28713 USA,https://www.google.com/maps/place/?q=place_id:ChIJccK-XQk1WYgRiUq0P4yZwa4,,
Gorgeous Stays (Camping Tiny Homes & Unique Stays),35.3379932,-83.5666178,campground,,,Nantahala Outdoor Center  NOC,11044 US-19 Bryson City NC 28713 USA,https://www.google.com/maps/place/?q=place_id:ChIJccK-XQk1WYgRiUq0P4yZwa4,,
Gorham Hardware & Sports,44.3890722,-71.1763374,outfitter,,,Â Gorham NH,96 Main St Gorham,https://www.google.com/maps/place/?q=place_id:ChIJHb67f_Pts0wRZVg-zEgUXOg,,
Gorham Motor Inn,44.3958315,-71.1931425,hotel,,, Gorham NH,324 Main St Gorham NH 03581 USA,https://www.google.com/maps/place/?q=place_id:ChIJIxI6lhHys0wRBI5ADMmGY6c,,
Gorham Public Library,44.3876642,-71.1767896,library,,, Gorham NH,35 Railroad St Gorham,https://www.google.com/maps/place/?q=place_id:ChIJcw-hxvTts0wRWJtaL0i0cmc,,
Grand Union Supermarkets,43.6095103,-72.971793,grocery,y,y,Rutland VT,12 S Main St. &  Norton Place  Rutland,https://www.google.com/maps/place/?q=place_id:ChIJB0vYO2ck4IkRZkCB67FTQQo,,
Grant's IGA Supermarket,37.1004831,-81.1145329,grocery,y,y,Bland VA,615 Main Street  Bland,https://www.google.com/maps/place/?q=place_id:ChIJS3E90q0ZTogRUrvNRFJjQXU,,
Green Mountain Express,42.8788154,-73.1931786,bus,,,Bennington VT,215 Pleasant St Bennington,https://www.google.com/maps/place/?q=place_id:ChIJzTVuMHuW4IkRYImrTcbwZkM,(802) 447-0477,http://www.greenmtncn.org/
Green Mountain House Hiker Hostel,43.1556224,-73.0510809,hostel,,,Manchester Center VT,2480 Richville Rd Manchester Center VT 05255 USA,https://www.google.com/maps/place/?q=place_id:ChIJgyzcQKVf4IkRy5l22-JwEtg,,
Greyhound: Bus Station,40.986896,-75.152316,bus,greyhound,bus stop,Delaware Water Gap PA,1082 Foxtown Hill Rd Stroudsburg,https://www.google.com/maps/place/?q=place_id:ChIJv9wJcb6JxIkRwHoRNpRzc14,(800) 231-2222,https://www.greyhound.com/bus/stroudsburg-pa/stroudsburg-bus-station?utm_source=google_maps&utm_medium=organic
Grove Family Library,39.9184927,-77.5928353,library,,,Fayetteville PA,101 S Ragged Edge Rd Chambersburg,https://www.google.com/maps/place/?q=place_id:ChIJ0663bAmfyYkRVR514c8q1ac,,
Guido's Fresh Marketplace,42.179621,-73.364708,grocery,y,y,Great Barrington MA,760 South Main Street  Great Barrington,https://www.google.com/maps/place/?q=place_id:ChIJV_E6VKlm54kRAfd6jol_pRQ,,
H Laddie Montague Jr Law Library,40.1993931,-77.1980192,library,,,Carlisle PA,150 S College St Carlisle,https://www.google.com/maps/place/?q=place_id:ChIJ4RprCSkeyYkRTZkI4PA8z7w,,
Halfway Hideaway Hostel in Harpers Ferry,39.3254136,-77.7498613,hostel,,,Harpers Ferry WV,1312 W Washington St Harpers Ferry WV 25425 USA,https://www.google.com/maps/place/?q=place_id:ChIJz-tAx_ADtokRYte82x76uNQ,,
Hamburg Public Library,40.5559405,-75.9840341,library,,,Port Clinton PA,35 N 3rd St Hamburg,https://www.google.com/maps/place/?q=place_id:ChIJr63h4WTbxYkRJM2rPBIxMiU,,
Hamburg Public Library,40.5559405,-75.9840341,library,,,Hamburg PA,35 N 3rd St Hamburg,https://www.google.com/maps/place/?q=place_id:ChIJr63h4WTbxYkRJM2rPBIxMiU,,
Hamburg Staff Development,40.5635014,-75.9700103,library,,,Port Clinton PA,3560 Old U.S. 22 Hamburg,https://www.google.com/maps/place/?q=place_id:ChIJORXPsWrbxYkR9PVibWux6hk,,
Hamburg Staff Development,40.5635014,-75.9700103,library,,,Hamburg PA,3560 Old U.S. 22 Hamburg,https://www.google.com/maps/place/?q=place_id:ChIJORXPsWrbxYkR9PVibWux6hk,,
Hampton Inn & Suites Manchester,43.174130999999996,-73.0623195,hotel,,,Manchester Center VT,4519 Main St Manchester VT 05255 USA,https://www.google.com/maps/place/?q=place_id:ChIJ8TdjuUle4IkR81Ece6eNppo,,
Hampton Inn Daleville,37.418489,-79.913441,hotel,,,Daleville VA,195 Town Center Street Daleville VA 24083 USA,https://www.google.com/maps/place/?q=place_id:ChIJpdoOC9YaTYgR6F4L1plcyuU,,
Hampton Inn Gatlinburg Historic Nature Trail,35.7039657,-83.5172038,hotel,,,Gatlinburg TN,520 Airport Rd Gatlinburg TN 37738 USA,https://www.google.com/maps/place/?q=place_id:ChIJkyfP_NFVWYgR39h1Ebva5MI,,
Hampton Inn Harriman Woodbury,41.310406799999996,-74.1310886,hotel,,,Harriman NY,60 Centre Dr Central Valley NY 10917 USA,https://www.google.com/maps/place/?q=place_id:ChIJQ1yikjbXwokRlBPT-pnQZxM,,
Hampton Inn Lincoln White Mountains,44.0397882,-71.6733188,hotel,,,North Woodstock and Lincoln NH,58 Main St Lincoln NH 03251 USA,https://www.google.com/maps/place/?q=place_id:ChIJSQ9H94WBtEwReMV6p9-Bt4c,,
Hampton Inn Rutland,43.5839115,-72.9698879,hotel,,,Rutland VT,47 Farrell Road Rutland VT 05701 USA,https://www.google.com/maps/place/?q=place_id:ChIJLQdjir8k4IkRAegAreb7C9c,,
Hampton Pharmacy,36.2864228,-82.1680914,pharmacy,y,y,Hampton TN,339 U.S. 321  Hampton,https://www.google.com/maps/place/?q=place_id:ChIJ3eHD3Z-BUIgRB4UWGMXWgKI,,
Hannaford,43.5858388,-72.9709554,grocery,y,y,Rutland VT,318 South Main Street  Rutland,https://www.google.com/maps/place/?q=place_id:ChIJ4xAIeZMk4IkRcS9TFBl_3NE,,
Hannaford,45.6585195,-68.6879845,grocery,y,y,Millinocket ME,843 Central Street  Millinocket,https://www.google.com/maps/place/?q=place_id:ChIJsRUJN1izukwRnlFI46-MlsQ,,
Hannaford Pharmacy,43.5858796,-72.9709661,pharmacy,y,y,Rutland VT,318 South Main Street  Rutland,https://www.google.com/maps/place/?q=place_id:ChIJfQGEHWck4IkRiA4TbWLn6EM,,
Hannaford Pharmacy,45.6586074,-68.6880203,pharmacy,y,y,Millinocket ME,843 Central Street  Millinocket,https://www.google.com/maps/place/?q=place_id:ChIJqdlFZFizukwRbnn5axjRExI,,
Hanover Inn Dartmouth,43.702189399999995,-72.2887951,hotel,,,Hanover NH,2 E Wheelock St Hanover NH 03755 USA,https://www.google.com/maps/place/?q=place_id:ChIJIXcQCOjJtEwRgJEl12DZDEY,,
Harbour House Inn B&B,42.5777528,-73.1516806,hotel,,,Cheshire MA,725 N State Rd Cheshire MA 01225 USA,https://www.google.com/maps/place/?q=place_id:ChIJ73twJVm04IkR2wcAVJg3Gww,,
Harpers Ferry Adventure Center,39.318865599999995,-77.7066202,campground,,,Harpers Ferry WV,37410 Adventure Center Ln Purcellville VA 20132 USA,https://www.google.com/maps/place/?q=place_id:ChIJE7IfcGodtokRe-siEPj-yCg,,
Harpers Ferry Outfitters Hike & Bike Supplies,39.3238052,-77.7309158,outfitter,,,Harpers Ferry WV,161 Potomac St Harpers Ferry,https://www.google.com/maps/place/?q=place_id:ChIJ3baxUlodtokRpeyiy5yuCys,,
Harpers Ferry Shuttle Bus Stop,39.3167405,-77.7569836,bus,,,Harpers Ferry WV,171 Shoreline Dr Harpers Ferry,https://www.google.com/maps/place/?q=place_id:ChIJSbE-9W8DtokRzBiNIakPLGQ,0,https://www.nps.gov/hafe/planyourvisit/gettingaround.htm
Harpers Ferry Station,39.3245239,-77.7311061,train,train,,Harpers Ferry WV,Potomac St & Shenandoah St Harpers Ferry,https://www.google.com/maps/place/?q=place_id:ChIJtZuASlodtokRujdjqqp1HdI,(800) 872-7245,https://www.amtrak.com/stations/hfy
Harrah's Cherokee Casino Resort - A Caesars Rewards Destination,35.4700203,-83.3003347,hotel,,,Cherokee NC,777 Casino Dr Cherokee NC 28719 USA,https://www.google.com/maps/place/?q=place_id:ChIJZUmgZNZDWYgRTvc2eQBZU24,,
Harriman,41.2932755,-74.139886,train,train,,Harriman NY,NY-17 Harriman,https://www.google.com/maps/place/?q=place_id:ChIJjwVsXUDXwokR-831LcauC6o,0,http://www.njtransit.com/rg/rg_servlet.srv?hdnPageAction=TrainStationLookupFrom&selStation=57
Hartford Vt Library,43.6614525,-72.342727,library,,,Hanover NH,1587 Maple St White River Junction,https://www.google.com/maps/place/?q=place_id:ChIJ2dzwk1DKtEwRChQAfVHvni8,,
Harvon Motel,40.211437000000004,-77.1793628,hotel,,,Carlisle PA,851 N Hanover St Carlisle PA 17013 USA,https://www.google.com/maps/place/?q=place_id:ChIJwXA_HjHgyIkRGQKQ3m9xS_0,,
Health Science Library,43.598277,-72.955117,library,,,Rutland VT,160 Allen St Rutland,https://www.google.com/maps/place/?q=place_id:ChIJiTi0ofkk4IkReRsWJh2tm80,,
Heaven & Earth Inn,40.7972967,-75.6319696,hotel,,,Palmerton PA,939 Mauch Chunk Rd Palmerton PA 18071 USA,https://www.google.com/maps/place/?q=place_id:ChIJ9zSSXYhNxIkRyFZ8XNkm-y0,,
Heavenly Killington luxury home on Killington Road,43.6640103,-72.8007489,hotel,,,Killington VT,308 Killington Rd Killington VT 05751 USA,https://www.google.com/maps/place/?q=place_id:ChIJHdJjv14r4IkRdi9PyrW6cLI,,
Hendrick Hudson Free Library,41.2505684,-73.946427,library,,,Peekskill NY,185 Kings Ferry Rd #1236 Montrose,https://www.google.com/maps/place/?q=place_id:ChIJbVQPE-XFwokRRPJLAiZtLTc,,
Henry's Market Inc,42.8793316,-73.1810832,grocery,y,y,Bennington VT,831 Main Street  Bennington,https://www.google.com/maps/place/?q=place_id:ChIJG8zD79WV4IkRh4Oau3f2SCk,,
Heritage Hill Bed and Breakfast,38.0873311,-78.8789927,hotel,,,Waynesboro VA,1169 Sherwood Ave Waynesboro VA 22980 USA,https://www.google.com/maps/place/?q=place_id:ChIJ-7-RjOBjs4kRLh-WwwcCRYA,,
Hiawassee Budget Inn,34.9446036,-83.7533855,shuttle,,AT,Hiawassee GA,193 S Main St Hiawassee,https://www.google.com/maps/place/?q=place_id:ChIJbyhWVF0vX4gRkzSjmLULtKg,(706) 896-4121,
Hiawassee Hometown Pharmacy,34.9434305,-83.7520832,pharmacy,y,y,Hiawassee GA,230 Chatuge Way  Hiawassee,https://www.google.com/maps/place/?q=place_id:ChIJyXTiWfgvX4gRiXc0_oYawRU,,
Hidden Valley Club,41.187143899999995,-74.4815493,hotel,,,Vernon NJ,44 Breakneck Rd Vernon Township NJ 07462 USA,https://www.google.com/maps/place/?q=place_id:ChIJaZC8PvI9w4kRLbNvfDnJlVM,,
Highland Falls Public Library,41.3703172,-73.9652234,library,,,Fort Montgomery NY,298 Main St Highland Falls,https://www.google.com/maps/place/?q=place_id:ChIJpaVwYEPMwokR8vCiKH8ZP1c,,
Highland Falls Public Library,41.3703172,-73.9652234,library,,,Appalachian Market,298 Main St Highland Falls,https://www.google.com/maps/place/?q=place_id:ChIJpaVwYEPMwokR8vCiKH8ZP1c,,
Hikers Hostel,43.6066765,-72.9789932,hostel,y,y,Rutland VT,23 Center Street  Rutland,https://www.google.com/maps/place/?q=place_id:ChIJBRaU9GIk4IkRD6PcFBCJp6Y,,
Hillside Inn Motel,43.664129599999995,-72.7984167,hotel,,,Killington VT,375 Killington Rd Killington VT 05751 USA,https://www.google.com/maps/place/?q=place_id:ChIJ72V8JQAr4IkRoik41I-RYDw,,
Hilton Garden Inn Gatlinburg,35.7107464,-83.5218644,hotel,,,Gatlinburg TN,635 River Rd Gatlinburg TN 37738 USA,https://www.google.com/maps/place/?q=place_id:ChIJS4O-zMVVWYgREKa0YZKxm28,,
Hinsdale Library,42.4381945,-73.1240574,library,,,Dalton MA,58 Maple St Hinsdale,https://www.google.com/maps/place/?q=place_id:ChIJ1xUYFphJ54kR-TAUHjMC8o0,,
Historic Valley Campground,42.685458,-73.0918204,campground,,,North Adams MA,200 Windsor Lake Rd North Adams MA 01247 USA,https://www.google.com/maps/place/?q=place_id:ChIJrX0DAQS44IkRQqKVRMyez4A,,
Holiday Inn Club Vacations Smoky Mountain Resort an IHG Hotel,35.7065219,-83.5176849,hotel,,,Gatlinburg TN,404 Airport Rd Gatlinburg TN 37738 USA,https://www.google.com/maps/place/?q=place_id:ChIJd1L2I9BVWYgRsuhCDQiMbg0,,
Holiday Inn Express & Suites Cherokee/Casino by IHG,35.468500999999996,-83.304685,hotel,,,Cherokee NC,376 Paint Town Rd Cherokee NC 28719 USA,https://www.google.com/maps/place/?q=place_id:ChIJQ7U729dDWYgRejw5f_5CZ64,,
Holiday Inn Express & Suites Lincoln East - White Mountains by IHG,44.0379204,-71.6784123,hotel,,,North Woodstock and Lincoln NH,21 Railroad St Lincoln NH 03251 USA,https://www.google.com/maps/place/?q=place_id:ChIJF_a2-oaBtEwRDPwM3pYvdbE,,
Holiday Inn Express & Suites Peekskill-Lower Hudson Valley by IHG,41.277746,-73.9387024,hotel,,,Peekskill NY,2 John Walsh Blvd Peekskill NY 10566 USA,https://www.google.com/maps/place/?q=place_id:ChIJvUYkr0vPwokRukkrnRFRgbU,,
Holiday Inn Express & Suites West Point-Fort Montgomery by IHG,41.338001,-73.977155,hotel,,,Fort Montgomery NY,1106 US-9W Fort Montgomery NY 10922 USA,https://www.google.com/maps/place/?q=place_id:ChIJTYnVpobOwokRDRr2hc8z_xs,,
Holiday Inn Express Gatlinburg Downtown by IHG,35.7072911,-83.5181177,hotel,,,Gatlinburg TN,322 Airport Rd Gatlinburg TN 37738 USA,https://www.google.com/maps/place/?q=place_id:ChIJyTCd589VWYgRXbWJqsCd33Q,,
Holiday Inn Express Troutville - Roanoke North by IHG,37.3921695,-79.8984283,hotel,,,Daleville VA,3200 Lee Hwy Troutville VA 24175 USA,https://www.google.com/maps/place/?q=place_id:ChIJLZLdPL4aTYgReEzAm4S0Rg8,,
Holiday Lodge Virginia,37.3292163,-80.737154,hotel,,,Pearisburg VA,401 N Main St Pearisburg VA 24134 USA,https://www.google.com/maps/place/?q=place_id:ChIJtxzn7pHeTYgRk9DQBAZDJvI,,
Home Style Laundry,39.65343910000001,-77.572903,laundromat,1,,Smithsburg MD,5 W Moose Ln Smithsburg MD 21783 USA,https://www.google.com/maps/place/?q=place_id:ChIJ9VDoMVuVyYkRAjhIWhBGnmQ,,
Homerun Laundromat,44.034934899999996,-71.6867883,laundromat,1,,North Woodstock and Lincoln NH,183 Daniel Webster Hwy North Woodstock NH 03262 USA,https://www.google.com/maps/place/?q=place_id:ChIJixPJ9iqCtEwRHg1WMo1crRs,,
Homewood Suites by Hilton Carlisle,40.208856700000005,-77.1875941,hotel,,,Carlisle PA,50 Carlisle Springs Rd Carlisle PA 17013 USA,https://www.google.com/maps/place/?q=place_id:ChIJq6rqDizgyIkRBQVJOIjH5Po,,
Hot Springs Resort And Spa,35.8963093,-82.8262548,hotel,,,Hot Springs NC,315 Bridge St Hot Springs NC 28743 USA,https://www.google.com/maps/place/?q=place_id:ChIJS75zbxkyWogRbtg2-UCMPQE,,
Hot Springs Resort And Spa,35.8963093,-82.8262548,campground,,,Hot Springs NC,315 Bridge St Hot Springs NC 28743 USA,https://www.google.com/maps/place/?q=place_id:ChIJS75zbxkyWogRbtg2-UCMPQE,,
Hotel,41.3767323,-74.689987,hotel,,,Port Jervis NY,1 N Broome St Port Jervis NY 12771 USA,https://www.google.com/maps/place/?q=place_id:ChIJGXHXMtlPw4kR6SrIkZmmoac,,
Hotel,41.1906775,-74.5052505,hotel,,,Vernon NJ,200 McAfee Vernon Rd Vernon Township NJ 07462 USA,https://www.google.com/maps/place/?q=place_id:ChIJCRzFTQA_w4kRIoopIKncE0I,,
Hotel Downstreet,42.699118899999995,-73.1132211,hotel,,,North Adams MA,40 Main St North Adams MA 01247 USA,https://www.google.com/maps/place/?q=place_id:ChIJq6paQj644IkRbLsdUm8dUi0,,
Hotel Laurance,38.6654915,-78.4646779,hotel,,,Luray VA,2 S Court St Luray VA 22835 USA,https://www.google.com/maps/place/?q=place_id:ChIJfYuj8AdOtIkRca9OjjkzgXg,,
Hotel Terrace,45.6562194,-68.7011417,hotel,,,Millinocket ME,52 Medway Rd Millinocket ME 04462 USA,https://www.google.com/maps/place/?q=place_id:ChIJsS8V8V2zukwRSSDbuQBO1UA,,
Howard Johnson by Wyndham Downtown Gatlinburg,35.711245399999996,-83.513514,hotel,,,Gatlinburg TN,242 Bishop Ln Gatlinburg TN 37738 USA,https://www.google.com/maps/place/?q=place_id:ChIJQ8niI4FVWYgRCpukURG0cEQ,,
Howard Johnson by Wyndham Williamstown,42.7011361,-73.1834759,hotel,,,Williamstown MA,213 Main St Williamstown MA 01267 USA,https://www.google.com/maps/place/?q=place_id:ChIJEXSmkgK64IkRZLOjF0fCOog,,
Howe Library,43.6995754,-72.2868429,library,,,Hanover NH,13 South St Hanover,https://www.google.com/maps/place/?q=place_id:ChIJXcLCVebJtEwRONctNfN0E6s,,
Howe Little Free Library,43.7011283,-72.289551,library,,,Hanover NH,48 S Main St Hanover,https://www.google.com/maps/place/?q=place_id:ChIJnzjn91vJtEwRMn6BL7fLUjw,,
Hub Bubbles Smithsburg,39.6552316,-77.5729794,laundromat,1,,Smithsburg MD,10 N Main St Smithsburg MD 21783 USA,https://www.google.com/maps/place/?q=place_id:ChIJaZB7D2uVyYkRdvNodqGvKKM,,
Huckleberry's Hostel,37.3796053,-80.1298389,hostel,,,Catawaba VA,5429 Catawba Valley Dr Catawba VA 24070 USA,https://www.google.com/maps/place/?q=place_id:ChIJFeeDGbGnTYgRDtLqFSQGm5I,,
IHG Army Hotels Carlisle Barracks - Historia,40.2064418,-77.1789934,hotel,,,Carlisle PA,36 Flower Rd Building 36 Carlisle PA 17013 USA,https://www.google.com/maps/place/?q=place_id:ChIJabuEszPgyIkRgzw7V9v8g7U,,
Ingles Market,34.9504205,-83.7569937,grocery,y,y,Hiawassee GA,94 North Main Street  Hiawassee,https://www.google.com/maps/place/?q=place_id:ChIJN5VX-VsvX4gRIUXW1M2clHs,,
Ingles Market,35.1575843,-83.3927257,grocery,y,y,Franklin TN,1257 Georgia Road  Franklin,https://www.google.com/maps/place/?q=place_id:ChIJn209QqAlWYgRnvbCejRqLLo,,
Ingles Markets,35.1785537,-83.3867012,grocery,y,y,Franklin TN,152 West Palmer Street  Franklin,https://www.google.com/maps/place/?q=place_id:ChIJtV8rCOIkWYgRkVNH_7gjFDo,,
Ingles Markets,36.8459185,-81.5016755,grocery,y,y,Marion VA,1185 North Main Street  Marion,https://www.google.com/maps/place/?q=place_id:ChIJh0fnP8fSUYgRbc0aZOizGzI,,
Ingles Markets,35.1785537,-83.3867012,pharmacy,y,y,Franklin TN,152 West Palmer Street  Franklin,https://www.google.com/maps/place/?q=place_id:ChIJtV8rCOIkWYgRkVNH_7gjFDo,,
Ingles Markets,36.8459185,-81.5016755,pharmacy,y,y,Marion VA,1185 North Main Street  Marion,https://www.google.com/maps/place/?q=place_id:ChIJh0fnP8fSUYgRbc0aZOizGzI,,
Ingles Pharmacy,34.950591,-83.756322,pharmacy,y,y,Hiawassee GA,94 North Main Street  Hiawassee,https://www.google.com/maps/place/?q=place_id:ChIJWzFs-VsvX4gR9HLAcCxOxl8,,
Ingles Pharmacy,35.1575843,-83.3927257,pharmacy,y,y,Franklin TN,1257 Georgia Road  Franklin,https://www.google.com/maps/place/?q=place_id:ChIJ21Uj5aQlWYgRsaRpVBGB3UE,,
Inn 32,44.0343655,-71.6861042,hotel,,,North Woodstock and Lincoln NH,180 Main St North Woodstock NH 03262 USA,https://www.google.com/maps/place/?q=place_id:ChIJX2MyUSqCtEwRzIeWRZQgw7o,,
Inn At Iron Masters,41.971894999999996,-73.435309,hostel,,,Salisbury CT,229 Main St Lakeville CT 06039 USA,https://www.google.com/maps/place/?q=place_id:ChIJO9iUko5_54kRhNgZ4vfCM3w,,
Inn On The Hudson,41.2902815,-73.9281133,hotel,,,Peekskill NY,634 Main St Peekskill NY 10566 USA,https://www.google.com/maps/place/?q=place_id:ChIJuwc_59HIwokR1Tw5uFz8oGk,,
Iron Horse Station,35.8929793,-82.8262763,hotel,,,Hot Springs NC,24 Andrews Ave S Hot Springs NC 28743 USA,https://www.google.com/maps/place/?q=place_id:ChIJz0BONRkyWogRPt1XA9c8OVc,,
Ironmaster's Mansion,40.032199999999996,-77.307968,hostel,,,Pine Grove Furnace Store,1212 Pine Grove Rd Gardners PA 17324 USA,https://www.google.com/maps/place/?q=place_id:ChIJZ9NB3RUEyYkRUjv3Ja-A68w,,
James Motel,41.315999999999995,-74.167398,hotel,,,Harriman NY,370 NY-17M Monroe NY 10950 USA,https://www.google.com/maps/place/?q=place_id:ChIJqf82swvXwokR-XAT1XQGrI8,,
John & Melinda Wentworth,45.2861823,-69.5037804,hotel,,,Monson ME,24 Pleasant St Monson ME 04464 USA,https://www.google.com/maps/place/?q=place_id:ChIJteCeq0FqsEwRm9KRaJzstkM,,
JON E. SUDS LLC,42.879352499999996,-73.1838516,laundromat,1,,Bennington VT,748 Main St Bennington VT 05201 USA,https://www.google.com/maps/place/?q=place_id:ChIJN1vpM3-W4IkRLqiIhVwqemk,,
Kamp Keystone,40.5598983,-76.0282206,campground,,,Port Clinton PA,2188 Mountain Rd Hamburg PA 19526 USA,https://www.google.com/maps/place/?q=place_id:ChIJq1RrUOXcxYkRis3yNKTadvE,,
Karns Foods,40.1612151,-77.1378254,grocery,y,y,Boiling Springs PA,413 Forge Road  Boiling Springs,https://www.google.com/maps/place/?q=place_id:ChIJ2YEiPX3hyIkR_Cd6O2bWJBI,,
Katahdin Cabins,45.652766799999995,-68.6974877,hotel,,,Millinocket ME,181 Medway Rd Millinocket ME 04462 USA,https://www.google.com/maps/place/?q=place_id:ChIJHxi8l1yzukwRwPo2Y3LKam4,,
Katahdin Gear Library,45.6567441,-68.708945,library,,,Millinocket ME,215 Penobscot Ave Unit A Millinocket,https://www.google.com/maps/place/?q=place_id:ChIJ2yBGRCizukwR2LXBBiMTHts,,
Katahdin Inn and Suites,45.656420999999995,-68.691841,hotel,,,Millinocket ME,740 Central St Millinocket ME 04462 USA,https://www.google.com/maps/place/?q=place_id:ChIJD_8RMlmzukwRZEqZribSJ54,,
Katahdin's Four Seasons Vacation Rentals,45.6541668,-68.7116793,hotel,,,Millinocket ME,129 Oxford St Millinocket ME 04462 USA,https://www.google.com/maps/place/?q=place_id:ChIJN_pVX2-zukwRz_gIvWVxJ-U,,
Kemp Library,40.9984155,-75.1700751,library,,,Delaware Water Gap PA,200 Prospect St East Stroudsburg,https://www.google.com/maps/place/?q=place_id:ChIJ33aNpomIxIkRHVz5_b0zwAg,,
Kent Apothecary,41.7267582,-73.475208,pharmacy,y,y,Kent CT,38 North Main Street  Kent,https://www.google.com/maps/place/?q=place_id:ChIJ7Zq7-eVh3YkRpUbC6KNQWoI,,
Kent Green Laundromat,41.7272797,-73.4729879,laundromat,1,,Kent CT,32 Kent Green Blvd Kent CT 06757 USA,https://www.google.com/maps/place/?q=place_id:ChIJDZGZ6eRh3YkRJJ-yA1F0lfQ,,
Kent Memorial Library,41.7265342,-73.475249,library,,,Kent CT,32 N Main St Kent,https://www.google.com/maps/place/?q=place_id:ChIJ6-9dnuVh3YkRn7UV8mkLhWQ,,
Killington Center Inn and Suites,43.659408299999996,-72.7918277,hotel,,,Killington VT,60 Killington Ctr Dr Killington VT 05751 USA,https://www.google.com/maps/place/?q=place_id:ChIJ7zVRKTAq4IkRYxEhFR62w4s,,
Killington Sports,43.6678664,-72.804926,outfitter,,,Killington VT,2326 US-4 Killington,https://www.google.com/maps/place/?q=place_id:ChIJaTqIoiAq4IkR-n9JVGc7_rE,,
Kimpton Taconic Hotel,43.1656725,-73.0705682,hotel,,,Manchester Center VT,3835 Main St Manchester VT 05254 USA,https://www.google.com/maps/place/?q=place_id:ChIJ4YipDMxf4IkRxGXyixfPqVw,,
Kind of Outdoorsy,40.3897095,-77.0309213,outfitter,,,Duncannon PA,9 S Market St Duncannon,https://www.google.com/maps/place/?q=place_id:ChIJSQ_hySLRyIkRkds0j-9FKyU,,
Kind of Outdoorsy,40.3897095,-77.0309213,fuel,,,Duncannon PA,9 S Market St Duncannon,https://www.google.com/maps/place/?q=place_id:ChIJSQ_hySLRyIkRkds0j-9FKyU,,
Kind of Outdoorsy,40.389709499999995,-77.0309213,hostel,,,Duncannon PA,9 S Market St Duncannon PA 17020 USA,https://www.google.com/maps/place/?q=place_id:ChIJSQ_hySLRyIkRkds0j-9FKyU,,
KJ Car Service 1 Inc.,41.3349751,-74.1926545,taxi,taxi,,Harriman NY,817 NY-17M Monroe,https://www.google.com/maps/place/?q=place_id:ChIJhxNa9l3DUS8RkvYhEmVCSDE,(845) 913-8307,https://www.kjcarservice.com/
KJ free Library (היכל ראזענבערג),41.3411154,-74.1677759,library,,,Harriman NY,12 Garfield Rd Kiryas Joel,https://www.google.com/maps/place/?q=place_id:ChIJh0Jk3lDXwokROJy3Fq0G0pw,,
Knife Edge Trading Post,45.6563882,-68.6840536,outfitter,,,Millinocket ME,10 Balsam Dr Millinocket,https://www.google.com/maps/place/?q=place_id:ChIJB3GaTFizukwR087fn8CyJGY,,
Knotty Pine Motel,42.8976686,-73.2075321,hotel,,,Bennington VT,130 Northside Dr Bennington VT 05201 USA,https://www.google.com/maps/place/?q=place_id:ChIJ8QEiae2W4IkROZRebY6Ezc8,,
Kroger,37.3969385,-79.911198,grocery,y,y,Daleville VA,72 Kingston Dr  Daleville,https://www.google.com/maps/place/?q=place_id:ChIJ-W57wrcaTYgRhN7jI_6IbEg,,
Kroger,38.0656119,-78.888324,grocery,y,y,Waynesboro VA,245 Arch Ave  Waynesboro,https://www.google.com/maps/place/?q=place_id:ChIJRTxYeaFjs4kRrkGDvZHFlt0,,
Kroger Pharmacy,37.3968618,-79.9111712,pharmacy,y,y,Daleville VA,72 Kingston Dr  Daleville,https://www.google.com/maps/place/?q=place_id:ChIJ-W57wrcaTYgRudxk_SJ19yM,,
Kroger Pharmacy,38.0655358,-78.8883892,pharmacy,y,y,Waynesboro VA,245 Arch Ave  Waynesboro,https://www.google.com/maps/place/?q=place_id:ChIJRTxYeaFjs4kRr0SKgZ7p9I8,,
La Placita Market,41.2907167,-73.9177973,grocery,y,y,Peekskill NY,1049 Park Street  Peekskill,https://www.google.com/maps/place/?q=place_id:ChIJd6B8YtvIwokRgVezIh3g3jQ,,
LaBonne's Market - Salisbury,41.982315,-73.421598,grocery,y,y,Salisbury CT,22 Academy Street  Salisbury,https://www.google.com/maps/place/?q=place_id:ChIJ53mrfJ9_54kRKtYc1VlMtLc,,
Lahout's - Life is Good O'Neill & Columbia Sportswear Concept Store,44.0387053,-71.6750291,outfitter,,,North Woodstock and Lincoln NH,41 Main St Lincoln,https://www.google.com/maps/place/?q=place_id:ChIJo_-4C4aBtEwRY3e9qyXvfwU,,
Lahout's Summit Shop - The North Face Patagonia & Stio,44.0458605,-71.6675203,outfitter,,,North Woodstock and Lincoln NH,165 Main St Lincoln,https://www.google.com/maps/place/?q=place_id:ChIJDdxB9JCBtEwRmmrgfdYDAec,,
Lantern House,42.1951751,-73.3637953,hotel,,,Great Barrington MA,49 Railroad St Great Barrington MA 01230 USA,https://www.google.com/maps/place/?q=place_id:ChIJb6Hyz8Bn54kRE09YzqhWZtQ,,
Lantern House Motel,42.2084027,-73.3454323,hotel,,,Great Barrington MA,256 Stockbridge Rd Great Barrington MA 01230 USA,https://www.google.com/maps/place/?q=place_id:ChIJRRiayOlm54kRANneeUR4lXA,,
larkspur landing,40.1926445,-77.1581778,hotel,,,Carlisle PA,214 Westminster Dr Carlisle PA 17013 USA,https://www.google.com/maps/place/?q=place_id:ChIJt2JZcgDhyIkRMKkyj9LrnbA,,
Laughing Heart Lodge,35.8906315,-82.8331519,hostel,,,Hot Springs NC,289 US-25 Hot Springs NC 28743 USA,https://www.google.com/maps/place/?q=place_id:ChIJN2LPxhAyWogRrR5i5BIYu7Y,,
Launchpoint Lodge,44.0454279,-71.6749417,hotel,,,North Woodstock and Lincoln NH,191 Pollard Rd Lincoln NH 03251 USA,https://www.google.com/maps/place/?q=place_id:ChIJ0Xtjq42BtEwRZZf9Mwmwe1Q,,
Laundry Basket,44.3900394,-71.1822096,laundromat,1,, Gorham NH,161 Main St Gorham NH 03581 USA,https://www.google.com/maps/place/?q=place_id:ChIJOyZcbwrys0wRlcddQxpuXKY,,
Laundry Land,42.1937522,-73.3607635,laundromat,1,,Great Barrington MA,11 School St Great Barrington MA 01230 USA,https://www.google.com/maps/place/?q=place_id:ChIJy8B0D-xn54kR9lT8XlzBKvQ,,
Laurel Family Drug,36.6342206,-81.7884847,pharmacy,y,y,Damascus VA,204 South Shady Avenue  Damascus,https://www.google.com/maps/place/?q=place_id:ChIJXQOBudBAUIgRH7kSoerDxZc,,
Leapin Lenas,45.286433099999996,-69.5029481,hostel,,,Monson ME,20 Pleasant St Monson ME 04464 USA,https://www.google.com/maps/place/?q=place_id:ChIJE71G6ItrsEwRTNq8GGwJeWQ,,
Lee Library,42.3064101,-73.2495892,library,,,Lee MA,100 Main St Lee,https://www.google.com/maps/place/?q=place_id:ChIJE_uztWtD54kRyaFSSvUU2sg,,
Lee Wash and dry Laundromat,42.3036047,-73.2476336,laundromat,1,,Lee MA,37 Park St Lee MA 01238 USA,https://www.google.com/maps/place/?q=place_id:ChIJB2jSg2xD54kRle8TyHTz_AE,,
Lewis Mountain Campground,38.4366945,-78.4780721,campground,,,Lewis Mountain Campground,Skyline Dr Stanardsville VA 22973 USA,https://www.google.com/maps/place/?q=place_id:ChIJUQ3fDEtdtIkRKxAlD_J5AcM,,
Lew's Wash & Dry,37.6300431,-79.4515757,laundromat,1,,Glasgow VA,929 Rockbridge Rd Glasgow VA 24555 USA,https://www.google.com/maps/place/?q=place_id:ChIJTxXiZ7XTTIgREhmeyOhA8_0,,
Life Science Pharmacy Inc,41.311026,-74.155315,pharmacy,y,y,Harriman NY,144 New York 17M #4  Harriman,https://www.google.com/maps/place/?q=place_id:ChIJteD-LRPXwokRXx9RHsmWtgc,,
Lincoln Public Library,44.045304,-71.6696647,library,,,North Woodstock and Lincoln NH,22 Church St Lincoln,https://www.google.com/maps/place/?q=place_id:ChIJX7dziJqBtEwRHmO_d8uiSSY,,
Little Bird Vacation Cabin Rentals,35.890448,-82.832134,hotel,,,Hot Springs NC,49 S Serpentine Ave Hot Springs NC 28743 USA,https://www.google.com/maps/place/?q=place_id:ChIJsVi5mBAyWogRz0nkrY8kMV8,,
Little Free Library,43.7011478,-72.2912176,library,,,Hanover NH,6 School St Hanover,https://www.google.com/maps/place/?q=place_id:ChIJF_XOBADJtEwRxe5eIu_DaDQ,,
Little Free Library #11044,43.5862788,-73.0135727,library,,,Rutland VT,1418 Boardman Hill Rd West Rutland,https://www.google.com/maps/place/?q=place_id:ChIJM_D-A_wj4IkR5_TdkMKVAdg,,
Little Free Library #15030,43.6069919,-72.9797348,library,,,Rutland VT,88 Merchants Row Rutland,https://www.google.com/maps/place/?q=place_id:ChIJz_LcCk4l4IkRAdMPIcF1-po,,
Little Free Library #41662,43.7093267,-72.317681,library,,,Hanover NH,187 Hopson Rd Norwich,https://www.google.com/maps/place/?q=place_id:ChIJ_9M0lEbJtEwR0p1lqbhBPOg,,
Little Free Library #91839,40.8504578,-75.2882817,library,,,Wind Gap PA,163 N Lehigh Ave Wind Gap,https://www.google.com/maps/place/?q=place_id:ChIJv88BE-5nxIkR2o19d_9r_IM,,
Lodge At Lincoln Station,44.0482993,-71.6583932,hotel,,,North Woodstock and Lincoln NH,36 Lodge Rd Lincoln NH 03251 USA,https://www.google.com/maps/place/?q=place_id:ChIJL_yduIiBtEwReqRtYhigIVI,,
Loft Mountain Campground,38.2534115,-78.6648078,campground,,,Loft Mountain Wayside,Loft Mountain Rd Crozet VA 22932 USA,https://www.google.com/maps/place/?q=place_id:ChIJIWfoa6t_s4kRTUr0qweeerM,,
Lone Mountain Riverfront Campground,44.620145,-70.7447415,campground,,,Andover ME,439 S Main St Andover ME 04216 USA,https://www.google.com/maps/place/?q=place_id:ChIJoWop1ZhhsUwRBqvhOH1wg2w,,
Long Distance Taxi,41.3485832,-74.1534847,taxi,taxi,,Harriman NY,266 Bakertown Rd Highland Mills,https://www.google.com/maps/place/?q=place_id:ChIJM_c5pOzWwokRdmO6I_B3YN8,(845) 217-0707,http://taxilongdistance.com/
Loon Lodge Inn and Restaurant,44.9462738,-70.6384124,hotel,,,Rangeley ME,16 Pickford Rd Rangeley ME 04970 USA,https://www.google.com/maps/place/?q=place_id:ChIJI7zA-Ek8sUwRMWPUjLvzdW0,,
Loon Mountain Laundry,44.041235,-71.6701945,laundromat,1,,North Woodstock and Lincoln NH,Papermill Dr Lincoln NH 03251 USA,https://www.google.com/maps/place/?q=place_id:ChIJWfyrn-qDtEwR2mtkrMdCf7k,,
Lorenzen's Motel,36.8273948,-81.5291155,hotel,,,Marion VA,606 S Main St Marion VA 24354 USA,https://www.google.com/maps/place/?q=place_id:ChIJ8_QloVktUIgRuplI1_GPHaM,,
LQM CAR SERVICE INC,41.5256044,-73.5879132,taxi,taxi,,Pawling NY,7 Old Rte 22 Pawling,https://www.google.com/maps/place/?q=place_id:ChIJJ5yDpkOLmkQRxnb36tqRulc,(845) 855-5088,https://lqmcarservice.com/
Luxury Chariots,38.0688083,-78.8892191,taxi,taxi,,Waynesboro VA,421 W Main St Waynesboro,https://www.google.com/maps/place/?q=place_id:ChIJR21Wp6Zjs4kRY3aR5Wa9KSk,(540) 448-8787,http://facebook.com/luxurychariots
Macon County Transit,35.2031721,-83.3692581,bus,,AT,Franklin TN,36 Pannell Ln Franklin,https://www.google.com/maps/place/?q=place_id:ChIJG96S-dEkWYgR8ZVEHYililM,(828) 349-2222,
Manchester Center Post Office,43.1675019,-73.0475206,post office,y,y,Manchester Center VT,3452 Richville Road  Manchester Center,https://www.google.com/maps/place/?q=place_id:ChIJ7Uc1OUVe4IkRI6g3zVH9WJo,,
Manchester Community Library,43.1776388,-73.0499333,library,,,Manchester Center VT,138 Cemetery Ave Manchester Center,https://www.google.com/maps/place/?q=place_id:ChIJwTXRmM5f4IkRLRQBqIwpO3o,,
Manchester Laundromat,43.173895099999996,-73.0509846,laundromat,1,,Manchester Center VT,366 Depot St Manchester Center VT 05255 USA,https://www.google.com/maps/place/?q=place_id:ChIJY1Y1OFBe4IkRBYdMyFcJLh0,,
Manchester Vermont Hotel,43.1836157,-73.0460714,hotel,,,Manchester Center VT,5669 Main St Manchester Center VT 05255 USA,https://www.google.com/maps/place/?q=place_id:ChIJKSkABl5e4IkR03mGGx9-v9Y,,
Maple Haven Resort,44.0312391,-71.6940551,campground,,,North Woodstock and Lincoln NH,Maple Haven Campground 109 Lost River Rd North Woodstock NH 03262 USA,https://www.google.com/maps/place/?q=place_id:ChIJT-XpTNCDtEwRGeopyp-saNI,,
Maple Terrace,42.7080972,-73.1932,hotel,,,Williamstown MA,555 Main St Williamstown MA 01267 USA,https://www.google.com/maps/place/?q=place_id:ChIJjc3KEhq64IkRw622rgDTEQY,,
Margaritaville Resort Gatlinburg,35.7147048,-83.5117915,hotel,,,Gatlinburg TN,539 Parkway Gatlinburg TN 37738 USA,https://www.google.com/maps/place/?q=place_id:ChIJt2IFl95VWYgRAgdp-D80-M0,,
Marion Outdoors (Outfitters),36.8335148,-81.517747,outfitter,,,Marion VA,208 E Main St Marion,https://www.google.com/maps/place/?q=place_id:ChIJv1o6vLstUIgRFNWrDwaPkk8,,
Market 32,41.362331,-74.709599,grocery,y,y,Port Jervis NY,1025 Pennsylvania Avenue  Matamoras,https://www.google.com/maps/place/?q=place_id:ChIJd5KWFPNFw4kRTELX2kek2Tc,,
Market 32,43.603904,-72.978458,grocery,y,y,Rutland VT,38 Rutland Shopping Plaza  Rutland,https://www.google.com/maps/place/?q=place_id:ChIJfQGEHWck4IkRsv-AqiMhSe0,,
Market 32 Pharmacy,41.3623026,-74.7095758,pharmacy,y,y,Port Jervis NY,1025 Pennsylvania Avenue  Matamoras,https://www.google.com/maps/place/?q=place_id:ChIJBwc6V_NFw4kRZdeiTskNeq0,,
Market 32 Pharmacy,43.603847,-72.9784273,pharmacy,y,y,Rutland VT,38 rutland shopping Plaza  Rutland,https://www.google.com/maps/place/?q=place_id:ChIJ-zL2R1sk4IkRSXj_uizyhQ4,,
MARTIN'S,38.9107017,-78.1884738,grocery,y,y,Front Royal VA,409 South Street  Front Royal,https://www.google.com/maps/place/?q=place_id:ChIJQ3GobsPFtYkRLRxbSV3Artw,,
Martin's Pharmacy,38.9105897,-78.1886827,pharmacy,y,y,Front Royal VA,409 South Street  Front Royal,https://www.google.com/maps/place/?q=place_id:ChIJV6tResPFtYkRzTJdMUoa-X0,,
Mason Public Library,42.1959855,-73.3605915,library,,,Great Barrington MA,231 Main St Great Barrington,https://www.google.com/maps/place/?q=place_id:ChIJEXAARLBm54kRZ7KkAzUXUMA,,
Matthews-Fuller Health Sciences Library,43.6754783,-72.27363,library,,,Hanover NH,1 Medical Center Dr Lebanon,https://www.google.com/maps/place/?q=place_id:ChIJ__9P5cLJtEwR0bsB63odLss,,
Maynard House,43.6996913,-72.2862355,hotel,,,Hanover NH,17 South St Hanover NH 03755 USA,https://www.google.com/maps/place/?q=place_id:ChIJ00Ej_ObJtEwRpuzwsCBZ6J8,,
MCLA Freel Library,42.6924253,-73.1047009,library,,,North Adams MA,375 Church St North Adams,https://www.google.com/maps/place/?q=place_id:ChIJX_pFuhC44IkR_SsiUhubaS8,,
Medical Library,42.87397,-73.207393,library,,,Bennington VT,100 Hospital Dr Bennington,https://www.google.com/maps/place/?q=place_id:ChIJwXK2PUKW4IkRq23qnRNEaeY,,
Mezze Guesthouse,42.6973127,-73.2263589,hotel,,,Williamstown MA,777 Cold Spring Rd Second Floor Williamstown MA 01267 USA,https://www.google.com/maps/place/?q=place_id:ChIJOXpKadyx4IkRLv7zo-ocjcg,,
Microtel Inn & Suites by Wyndham Carlisle,40.1905059,-77.1630783,hotel,,,Carlisle PA,15 Westminster Dr Carlisle PA 17013 USA,https://www.google.com/maps/place/?q=place_id:ChIJb6ZXnTrhyIkRmxmOo5MMGQk,,
Microtel Inn & Suites by Wyndham Cherokee,35.4631409,-83.313841,hotel,,,Cherokee NC,674 Casino Trail Cherokee NC 28719 USA,https://www.google.com/maps/place/?q=place_id:ChIJI83LetZDWYgRIR5gySAZ1ew,,
Microtel Inn & Suites by Wyndham Hamburg,40.561841699999995,-75.9995215,hotel,,,Hamburg PA,50 Industrial Dr Hamburg PA 19526 USA,https://www.google.com/maps/place/?q=place_id:ChIJpXFnbpncxYkRg7Fj0S4g-fI,,
Mid-Town Motel of Bennington,42.8819413,-73.2071506,hotel,,,Bennington VT,107 Main St Bennington VT 05201 USA,https://www.google.com/maps/place/?q=place_id:ChIJzauEw12W4IkR2ZuGgRvwMfY,,
Millinocket Memorial Library,45.6563767,-68.7111603,library,,,Millinocket ME,5 Maine Ave Millinocket,https://www.google.com/maps/place/?q=place_id:ChIJD2umsWWzukwRcVLVDjmKGbw,,
Millinocket Municipal Airport,45.6475143,-68.6920166,airport,airport,,Millinocket ME,16 Medway Rd Exd Millinocket,https://www.google.com/maps/place/?q=place_id:ChIJZRTDyU2zukwRindqtRU225Y,(207) 723-6649,https://millinocket.org/government/public-works/airport/
Millinocket Regional Hospital,45.6529083,-68.7163761,hospital,y,y,Millinocket ME,200 Somerset Street  Millinocket,https://www.google.com/maps/place/?q=place_id:ChIJHSforG-zukwR0znWh8SdVtY,,
Milne Public Library,42.7130869,-73.2116419,library,,,Williamstown MA,1095 Main St Williamstown,https://www.google.com/maps/place/?q=place_id:ChIJv6Ww2mu64IkRJitpaO0INKU,,
Mimslyn Inn,38.6643439,-78.46675,hotel,,,Luray VA,401 W Main St #1024 Luray VA 22835 USA,https://www.google.com/maps/place/?q=place_id:ChIJWwHLbgdOtIkRJ-vic78ApZI,,
Minisink Valley Historic Soc,41.3784501,-74.7015193,library,,,Port Jervis NY,127 W Main St Port Jervis,https://www.google.com/maps/place/?q=place_id:ChIJBWwR_kRPw4kRyfaArQrfQrU,,
Monroe County Law Library,40.9866758,-75.1946712,library,,,Delaware Water Gap PA,610 Monroe St Stroudsburg,https://www.google.com/maps/place/?q=place_id:ChIJPZ8Pj06IxIkRB0ZQzg17f5A,,
Monroe Free Library,41.327612,-74.188309,library,,,Harriman NY,44 Millpond Pkwy Monroe,https://www.google.com/maps/place/?q=place_id:ChIJW1KKubbXwokRvs32d-ygTQk,,
Monson Library,45.2858527,-69.4992333,library,,,Monson ME,10 Tenney Hill Rd Monson,https://www.google.com/maps/place/?q=place_id:ChIJX578dixAsEwRlLHqYT5g62E,,
Monson Public Library,45.2882353,-69.5021688,library,,,Monson ME,35 Greenville Rd Monson,https://www.google.com/maps/place/?q=place_id:ChIJmSJRUEdqsEwRUrID2jpxqnw,,
Monument Mountain Motel,42.2071982,-73.3468814,hotel,,,Great Barrington MA,247 Stockbridge Rd Great Barrington MA 01230 USA,https://www.google.com/maps/place/?q=place_id:ChIJL9gj8elm54kRigLXO0JNIHk,,
Moosilauke Public Library,44.0320943,-71.6971491,library,,,North Woodstock and Lincoln NH,165 Lost River Rd North Woodstock,https://www.google.com/maps/place/?q=place_id:ChIJswGDS9CDtEwRtvhgUbC4gSY,,
Motel 6 Troutville VA,37.384809,-79.905233,hotel,,,Daleville VA,2619 Lee Hwy Troutville VA 24175 USA,https://www.google.com/maps/place/?q=place_id:ChIJb7hl_6QaTYgRmWIpHAVT4GA,,
Motty's Car Services,41.333912,-74.1612459,taxi,taxi,,Harriman NY,48 Future Industrial Rd # 206B Monroe,https://www.google.com/maps/place/?q=place_id:ChIJXaOc5fzWwokRvUj0nw695Fs,(845) 783-3401,http://mottyscarservices.com/
Mountain Crossings,34.7349683,-83.9177536,outfitter,1,,Mountain Crossings,12471 Gainesville Hwy Blairsville,https://www.google.com/maps/place/?q=place_id:ChIJvc3FeXE-X4gRX7Y7nWmisvI,,
Mountain Crossings,34.7349683,-83.9177536,fuel,1,,Mountain Crossings,12471 Gainesville Hwy Blairsville,https://www.google.com/maps/place/?q=place_id:ChIJvc3FeXE-X4gRX7Y7nWmisvI,,
Mountain Crossings,34.7349683,-83.9177536,hostel,,,Mountain Crossings,12471 Gainesville Hwy Blairsville,https://www.google.com/maps/place/?q=place_id:ChIJvc3FeXE-X4gRX7Y7nWmisvI,,
Mountain Crossings,34.7349683,-83.9177536,shower,,,Mountain Crossings,12471 Gainesville Hwy Blairsville,https://www.google.com/maps/place/?q=place_id:ChIJvc3FeXE-X4gRX7Y7nWmisvI,,
Mountain Crossings,34.7349683,-83.9177536,laundromat,1,,Mountain Crossings,12471 Gainesville Hwy Blairsville,https://www.google.com/maps/place/?q=place_id:ChIJvc3FeXE-X4gRX7Y7nWmisvI,,
Mountain Drivers,43.167737,-73.0473994,taxi,taxi,,Manchester Center VT,3452 Richville Rd #1242 Manchester Center,https://www.google.com/maps/place/?q=place_id:ChIJaeVdPkFf4IkRE7a0akdpLBs,(802) 772-5223,https://mtndrivers.com/
Mountain Harbour Bed and Breakfast,36.179449,-82.016339,shuttle,,AT,Mountain Harbour Hostel,9151 US-19E Roan Mountain,https://www.google.com/maps/place/?q=place_id:ChIJ4TxWG-WEUIgRl0ndL1zlGaI,(423) 772-9494,https://mountainharbour.info/
Mountain Harbour Hostel,36.17939546,-82.01636935,hostel,y,y,Mountain Harbour Hostel,9151 US-19E  Roan Mountain TN 37687,https://www.google.com/maps/place/?q=place_id:ChIJ4TxWG-WEUIgRl0ndL1zlGaI,,
Mountain Harbour Hostel,36.17939546,-82.01636935,hostel,y,y,The Appalachian Station at 19E,9151 US-19E  Roan Mountain TN 37687,https://www.google.com/maps/place/?q=place_id:ChIJ4TxWG-WEUIgRl0ndL1zlGaI,,
Mountain Laurel Inn,36.6398152,-81.7990738,hotel,,,Damascus VA,22750 Jeb Stuart Hwy Damascus VA 24236 USA,https://www.google.com/maps/place/?q=place_id:ChIJazb-tcJAUIgRpl8_s27NmbU,,
Mountain Lynx (District Three Public Transit),36.8558525,-81.4702319,bus,,,Marion VA,4453 Lee Hwy Marion,https://www.google.com/maps/place/?q=place_id:ChIJwbdkZ1bSUYgRJa86DN1Ifcc,(276) 782-9300,https://district-three.org/index.php/town-of-marion/
Mountain Meadows Lodge,43.6717332,-72.7984724,hotel,,,Killington VT,285 Thundering Brook Rd Killington VT 05751 USA,https://www.google.com/maps/place/?q=place_id:ChIJP6jtTB8q4IkRYnlzHtUK0j4,,
Mountain Sports Inn,43.6592741,-72.7937445,hotel,,,Killington VT,813 Killington Rd Killington VT 05751 USA,https://www.google.com/maps/place/?q=place_id:ChIJh-1cxi8q4IkRVnKFm1eLwTU,,
Mountain Trails - Front Royal,38.9181478,-78.1920131,laundromat,1,,Front Royal VA,120 E Main St Front Royal,https://www.google.com/maps/place/?q=place_id:ChIJdxQybdDFtYkRUP_BfdGug18,,
Mountain Trails - Front Royal,38.9181478,-78.1920131,outfitter,,,Front Royal VA,120 E Main St Front Royal,https://www.google.com/maps/place/?q=place_id:ChIJdxQybdDFtYkRUP_BfdGug18,,
Mountain Trails - Front Royal,38.9181478,-78.1920131,fuel,,,Front Royal VA,120 E Main St Front Royal,https://www.google.com/maps/place/?q=place_id:ChIJdxQybdDFtYkRUP_BfdGug18,,
Mountain Trails Shuttles,34.915761,-83.758187,shuttle,,AT,Hiawassee GA,2195 Lake Louisa Rd Hiawassee,https://www.google.com/maps/place/?q=place_id:ChIJN6unYCDohAIRxLQCmTznvdo,(828) 231-7728,
Mountain Valley Retreat,43.683364999999995,-72.7882769,hotel,,,Killington VT,1940 River Rd Fork Killington VT 05751 USA,https://www.google.com/maps/place/?q=place_id:ChIJP8ruNAkq4IkRHKirY-nUi0Y,,
Mountain View Motorcycle Campground,36.1700938,-81.9931041,campground,,,Mountain Harbour Hostel,401 Buck Mountain Rd Elk Park NC 28622 USA,https://www.google.com/maps/place/?q=place_id:ChIJIaqjIiqOUIgRAQXACYfikvo,,
Mountain Village Tiny House,44.634897699999996,-70.7508631,hotel,,,Andover ME,18 S Main St Andover ME 04216 USA,https://www.google.com/maps/place/?q=place_id:ChIJB230KRJhsUwRtwWyMK-oEoY,,
mt madison inn & suites,44.3976744,-71.1952113,hotel,,,Gorham NH,365 Main St Gorham NH 03581 USA,https://www.google.com/maps/place/?q=place_id:ChIJ0RjkYwDzs0wRee4nC2NJdJI,,
Mt Madison Inn and Suites,44.397743999999996,-71.1953446,hotel,,,Gorham NH,365 Main St Gorham NH 03581 USA,https://www.google.com/maps/place/?q=place_id:ChIJuz_j6BDys0wR7233j7DrWrk,,
Mt Rogers Outfitters,36.6341186,-81.7850238,outfitter,,,Damascus VA,335 E Laurel Ave Damascus,https://www.google.com/maps/place/?q=place_id:ChIJa0GymdBAUIgR0YRfLLDSoRE,,
Mt Rogers Outfitters,36.6341186,-81.7850238,shuttle,,AT,Damascus VA,335 E Laurel Ave Damascus,https://www.google.com/maps/place/?q=place_id:ChIJa0GymdBAUIgR0YRfLLDSoRE,(276) 475-5416,https://mt-rogers-outfitters.ueniweb.com/?utm_campaign=gmb
Nace's Place,40.2119633,-77.2012403,hotel,,,Carlisle PA,548 D St Carlisle PA 17013 USA,https://www.google.com/maps/place/?q=place_id:ChIJR1y8oPIfyYkR1Dqbek96K-0,,
Nantahala Outdoor Center,35.3313123,-83.5916507,shuttle,,AT,Nantahala Outdoor CenterÂ  NOC,13077 US-19 Bryson City,https://www.google.com/maps/place/?q=place_id:ChIJhyHyNbM1WYgRMjugsFOziTQ,(828) 785-5082,https://noc.com/
Nantahala Outdoor Center Gatlinburg,35.7064486,-83.5217731,outfitter,,,Gatlinburg TN,1138 Parkway Gatlinburg,https://www.google.com/maps/place/?q=place_id:ChIJl4pZOc9VWYgR1VteQ0Cwcm4,,
Nantahala Outdoor Center Gatlinburg,35.7064486,-83.5217731,shuttle,,AT,Gatlinburg TN,1138 Parkway Gatlinburg,https://www.google.com/maps/place/?q=place_id:ChIJl4pZOc9VWYgR1VteQ0Cwcm4,(865) 277-8209,https://noc.com/retail-locations/noc-gatlinburg
Nantahala Outdoor Center Gatlinburg,35.7064486,-83.5217731,fuel,,,Gatlinburg TN,1138 Parkway Gatlinburg,https://www.google.com/maps/place/?q=place_id:ChIJl4pZOc9VWYgR1VteQ0Cwcm4,,
Nantahala Ridge Campground,35.3363045,-83.565609,campground,,,Nantahala Outdoor Center  NOC,104 NRC Rd Bryson City NC 28713 USA,https://www.google.com/maps/place/?q=place_id:ChIJDRRKJxI1WYgRbaqUoKhfJMc,,
Nantahala RV Resort & Campground,35.3278471,-83.5818902,hotel,,,Nantahala Outdoor Center  NOC,11 Country Rd Bryson City NC 28713 USA,https://www.google.com/maps/place/?q=place_id:ChIJ9UDkfRY1WYgRGZezufGnZN0,,
Nantahala RV Resort & Campground,35.3278471,-83.5818902,campground,,,Nantahala Outdoor Center  NOC,11 Country Rd Bryson City NC 28713 USA,https://www.google.com/maps/place/?q=place_id:ChIJ9UDkfRY1WYgRGZezufGnZN0,,
Nature's Closet,42.710385,-73.2045113,outfitter,,,Williamstown MA,61 Spring St Williamstown,https://www.google.com/maps/place/?q=place_id:ChIJuxpvQhO64IkRQQypAsrYrFc,,
NewYork-Presbyterian Hudson Valley Hospital,41.2927229,-73.8927941,hospital,y,y,Peekskill NY,1980 Crompond Road  Cortlandt,https://www.google.com/maps/place/?q=place_id:ChIJT534Jf7IwokR2Bxgp8CPqKg,,
NOC campsite A,35.3345451,-83.5902782,campground,,,Nantahala Outdoor Center  NOC,64 Noc Way Bryson City NC 28713 USA,https://www.google.com/maps/place/?q=place_id:ChIJi5ueXfw1WYgRuuJzuuM5XFM,,
NOC Outfitter's Store,35.3312826,-83.5917956,outfitter,1,,Nantahala Outdoor CenterÂ  NOC,13078 Hwy 19 W Bryson City,https://www.google.com/maps/place/?q=place_id:ChIJ2c0rOQs1WYgRbv1IDujjwkI,,
Nordic Inn Condominium Resort,44.048192,-71.663593,hotel,,,North Woodstock and Lincoln NH,227 Main St Lincoln NH 03251 USA,https://www.google.com/maps/place/?q=place_id:ChIJk7ZFzpCBtEwRs360Lb-A6iY,,
North Adams Public Library,42.6982397,-73.108706,library,,,North Adams MA,74 Church St North Adams,https://www.google.com/maps/place/?q=place_id:ChIJ7_dmnxa44IkR7GGj5wEAw_o,,
North Star Lodge & Resort,43.6569048,-72.78807,hotel,,,Killington VT,78 Weathervane Dr Killington VT 05751 USA,https://www.google.com/maps/place/?q=place_id:ChIJC2zUFzEq4IkRna8tRUMsqDk,,
Northeastern Baptist College: Hogue Library,42.8809175,-73.2045675,library,,,Bennington VT,141 Main St Bennington,https://www.google.com/maps/place/?q=place_id:ChIJvfnba2eW4IkR5cgPA4hFsnA,,
Northern Peaks Motor Inn,44.394147499999995,-71.191645,hotel,,, Gorham NH,289 Main St Gorham NH 03581 USA,https://www.google.com/maps/place/?q=place_id:ChIJS_f9BA7ys0wR7M-F7gnk7Ok,,
Norwich Public Library,43.71693,-72.308632,library,,,Hanover NH,368 Main St Norwich,https://www.google.com/maps/place/?q=place_id:ChIJvcl7pa_JtEwR7l-QP0RD5tw,,
Old Colony Ski Club,44.0345893,-71.6870699,hostel,,,North Woodstock and Lincoln NH,12 Paradise Rd North Woodstock NH 03262 USA,https://www.google.com/maps/place/?q=place_id:ChIJC6n84CqCtEwRIlctByL63ec,,
Old Mill Laundry,45.1408334,-70.4386951,laundromat,1,,Stratton ME,Stratton ME 04982 USA,https://www.google.com/maps/place/?q=place_id:ChIJme--pmjfsEwReed4JuvSzXw,,
Olive Branch,38.9127061,-78.1939054,hotel,,,Front Royal VA,416 S Royal Ave Front Royal VA 22630 USA,https://www.google.com/maps/place/?q=place_id:ChIJaTkchQvFtYkRtln0Lrb7irM,,
Open Arms at the Edge of Town Hostel & Inn,38.6693913,-78.4329785,hostel,y,y,Luray VA,1260 East Main Street  Luray,https://www.google.com/maps/place/?q=place_id:ChIJMfrfo9NNtIkRH9vMpr4-Wd8,,
Open Arms at the Edge of Town Hostel & Inn,38.6694141,-78.4329797,shuttle,,AT,Luray VA,1260 E Main St Luray,https://www.google.com/maps/place/?q=place_id:ChIJMfrfo9NNtIkRH9vMpr4-Wd8,(540) 244-5652,http://openarmsluray.com/
Open Arms at the Edge of Town Hostel & Inn,38.6693913,-78.4329785,hostel,,,Luray VA,1260 E Main St Luray VA 22835 USA,https://www.google.com/maps/place/?q=place_id:ChIJMfrfo9NNtIkRH9vMpr4-Wd8,,
Orange County Historical Soc,41.2740786,-74.1499444,library,,,Harriman NY,21 Clove Furnace Dr Arden,https://www.google.com/maps/place/?q=place_id:ChIJ3f7po8HZwokR0ypgwLJaixU,,
Outdoor 76,35.1821462,-83.3806698,outfitter,1,,Franklin TN,35 E Main St Franklin,https://www.google.com/maps/place/?q=place_id:ChIJ-QRm4x0lWYgRyxEquGEIlT0,,
Outdoor 76,35.1821462,-83.3806698,fuel,1,,Franklin NC,35 E Main St Franklin,https://www.google.com/maps/place/?q=place_id:ChIJ-QRm4x0lWYgRyxEquGEIlT0,,
Outdoor Trails,37.3975543,-79.9104292,outfitter,,,Daleville VA,28 Kingston Dr Daleville,https://www.google.com/maps/place/?q=place_id:ChIJeRn2wbcaTYgRz_tapB4c1wY,,
Outdoor Trails,37.3975543,-79.9104292,fuel,,,Daleville VA,28 Kingston Dr Daleville,https://www.google.com/maps/place/?q=place_id:ChIJeRn2wbcaTYgRz_tapB4c1wY,,
Page Memorial Hospital,38.6632952,-78.4686419,hospital,y,y,Luray VA,200 Memorial Drive  Luray,https://www.google.com/maps/place/?q=place_id:ChIJMYNYLgdOtIkRtJXto-t22i4,,
Page Public Library,38.66386,-78.4594228,library,,,Luray VA,100 Zerkel St Luray,https://www.google.com/maps/place/?q=place_id:ChIJJ2DMkwlOtIkRXvPfuT8edPU,,
Palmerton Area Library,40.8025642,-75.607463,library,,,Palmerton PA,402 Delaware Ave Palmerton,https://www.google.com/maps/place/?q=place_id:ChIJv6me9pBOxIkR-JyqKI8dTMI,,
Palmerton Pharmacy,40.8017825,-75.6091295,pharmacy,y,y,Palmerton PA,330 Delaware Avenue  Palmerton,https://www.google.com/maps/place/?q=place_id:ChIJrz-vQJpPxIkReMQ_h2sHDLI,,
Pamola Motor Lodge,45.657440799999996,-68.6814652,hotel,,,Millinocket ME,973 Central St Millinocket ME 04462 USA,https://www.google.com/maps/place/?q=place_id:ChIJrSc0N1azukwRH2orIh7wgbU,,
Paraclete Foundation,40.5513904,-76.3853276,library,,,Pine Grove PA,63 S Tulpehocken St Pine Grove,https://www.google.com/maps/place/?q=place_id:ChIJDwVLp7X-xYkRmaBz4qOEguI,,
Park Street Laundromat,41.2908859,-73.9186019,laundromat,1,,Peekskill NY,1036 Park St Peekskill NY 10566 USA,https://www.google.com/maps/place/?q=place_id:ChIJQ8l4DHTJwokRr4NGhUH-sjs,,
Parkside,38.9098854,-78.1946716,hotel,,,Front Royal VA,541 S Royal Ave Front Royal VA 22630 USA,https://www.google.com/maps/place/?q=place_id:ChIJ8fB8MdzFtYkRTLj1frA978I,,
Pawling Free Library,41.5635185,-73.6022788,library,,,Pawling NY,11 Broad St Pawling,https://www.google.com/maps/place/?q=place_id:ChIJ0yH6Nqtb3YkRwt134wWsDG0,,
Pearisburg Library,37.3246465,-80.7221145,library,,,Pearisburg VA,209 Fort Branch Rd Pearisburg,https://www.google.com/maps/place/?q=place_id:ChIJeR3Y8oLeTYgR5hDKo-pZZAU,,
Peekskill Guesthouse,41.29332,-73.9237104,hotel,,,Peekskill NY,Downtown Peekskill Peekskill NY 10566 USA,https://www.google.com/maps/place/?q=place_id:ChIJmynckG_JwokRQcetXuLIuHE,,
Peekskill Mini Mart,41.2910007,-73.9189354,grocery,y,y,Peekskill NY,5 Bank Street  Peekskill,https://www.google.com/maps/place/?q=place_id:ChIJE5JHfwnJwokRstwR9ivyGnc,,
Petersburg Cabin,38.5283337,-78.4416891,hotel,,,Big Meadows Wayside,418 Big Mdws Ldg Rd Madison VA 22727 USA,https://www.google.com/maps/place/?q=place_id:ChIJu-A8gpBFtIkRkxaP6i5Npvc,,
Pharmacy Northshire,43.172493,-73.06398,pharmacy,y,y,Manchester Center VT,34 Ways Lane  MANCHESTR CTR,https://www.google.com/maps/place/?q=place_id:ChIJlX0sB0pe4IkRr_4xEGa_mqQ,,
Pilgrim Inn,42.3011994,-73.2422737,hotel,,,Lee MA,165 Housatonic St Lee MA 01238 USA,https://www.google.com/maps/place/?q=place_id:ChIJNU96zxJD54kRLohf45PkYtA,,
Pine Grove Pharmacy,40.5524,-76.384868,pharmacy,y,y,Pine Grove PA,10 East Pottsville Street  Pine Grove,https://www.google.com/maps/place/?q=place_id:ChIJvQmRMbX-xYkRxaC3UtiuydQ,,
Pine Tree Lodge,43.615616100000004,-72.9599579,hotel,,,Rutland VT,154 Woodstock Ave Rutland VT 05701 USA,https://www.google.com/maps/place/?q=place_id:ChIJ0c8V2kUk4IkRFb_zA9PaJTE,,
Pinecone Place,42.7083073,-73.1935351,hotel,,,Williamstown MA,567 Main St Williamstown MA 01267 USA,https://www.google.com/maps/place/?q=place_id:ChIJAWVvCgK74IkRxEJSuEVDaDU,,
Pinegrove furnace group camping area,40.028842399999995,-77.3078684,campground,,,Pine Grove Furnace Store,Gardners PA 17324 USA,https://www.google.com/maps/place/?q=place_id:ChIJ25SttRcEyYkReT6ha0gutMY,,
Pinnacle Laundry,40.5555352,-75.9799,laundromat,1,,Hamburg PA,552 State St Hamburg PA 19526 USA,https://www.google.com/maps/place/?q=place_id:ChIJK-O2dm_bxYkRqRDLaFiEips,,
Plaza Motel,37.330194999999996,-80.7381234,hotel,,,Pearisburg VA,415 N Main St Pearisburg VA 24134 USA,,,
Pocono Inn & Banquet,40.9887546,-75.1435017,hotel,,,Delaware Water Gap PA,101 Broad St Building A Delaware Water Gap PA 18327 USA,https://www.google.com/maps/place/?q=place_id:ChIJUe9MEtKHxIkR97vlqGw1PpA,,
Poet's Gear Emporium,45.2868268,-69.5025689,outfitter,,,Monson ME,13 Pleasant St Monson,https://www.google.com/maps/place/?q=place_id:ChIJib1Xu7xrsEwRqvNJPfoN100,,
Port Clinton Hotel,40.582445199999995,-76.024503,hotel,,,Port Clinton PA,Hotel 231 Centre St Port Clinton PA 19549 USA,https://www.google.com/maps/place/?q=place_id:ChIJyxXqu8_cxYkRYtGrspOV6pI,,
Port Jervis Dial A Bus,41.3747833,-74.6900984,bus,,,Port Jervis NY,1 Franklin St Port Jervis,https://www.google.com/maps/place/?q=place_id:ChIJ3dzDgE1Pw4kRqMW6g1vvcfo,(845) 856-7999,https://www.portjervisny.gov/dial-a-bus
Port Jervis Elks Brox Campground,41.383917800000006,-74.6952483,campground,,,Port Jervis NY,201 Skyline Dr Port Jervis NY 12771 USA,https://www.google.com/maps/place/?q=place_id:ChIJGU0CQDpPw4kRvvDb-Cm8hIY,,
Port Jervis Express Laundromat,41.3798988,-74.680673,laundromat,1,,Port Jervis NY,19 Hamilton St Port Jervis NY 12771 USA,https://www.google.com/maps/place/?q=place_id:ChIJAwFOmrZIw4kRBdwn3MTE7F8,,
Port Jervis Free Library,41.3762136,-74.6915425,library,,,Port Jervis NY,138 Pike St Port Jervis,https://www.google.com/maps/place/?q=place_id:ChIJh_U1wE1Pw4kR7nKrOspkOm4,,
Port Jervis Laundry,41.377440899999996,-74.6899685,laundromat,1,,Port Jervis NY,174 Pike St Port Jervis NY 12771 USA,https://www.google.com/maps/place/?q=place_id:ChIJzaDhVUxPw4kRsVFkWkAmvRU,,
Port Jervis Lodge,41.375769299999995,-74.6903259,hotel,,,Port Jervis NY,43 Sussex St Port Jervis NY 12771 USA,https://www.google.com/maps/place/?q=place_id:ChIJSSWRmU1Pw4kRBuSLRxXBLJc,,
Port Jervis Pharmacy,41.3723268,-74.6916526,pharmacy,y,y,Port Jervis NY,15 Jersey Avenue  Port Jervis,https://www.google.com/maps/place/?q=place_id:ChIJ0TK0ylNPw4kRhuc-asSbec0,,
Port Jervis Station Sidewalk Library,41.3747594,-74.6941392,library,,,Port Jervis NY,Port Jervis,https://www.google.com/maps/place/?q=place_id:ChIJqf6WF19Pw4kRRhr5Dd6hod0,,
Price Chopper,43.1756492,-73.0522417,grocery,y,y,Manchester Center VT,263 Depot Street UNIT 1  Manchester Center,https://www.google.com/maps/place/?q=place_id:ChIJZS101e9e4IkReYyy2AATW8U,,
Price Chopper,44.0412858,-71.6699944,grocery,y,y,North Woodstock and Lincoln NH,10 Papermill Drive  Lincoln,https://www.google.com/maps/place/?q=place_id:ChIJE6idhY-BtEwR4px3YSgrdvI,,
PS Laundry World,41.3059217,-73.9117626,laundromat,1,,Peekskill NY,1099 N Division St Peekskill NY 10566 USA,https://www.google.com/maps/place/?q=place_id:ChIJ_4qL7hfJwokRdUdaDQsAIbw,,
Putnam Valley Free Library,41.3363465,-73.8740523,library,,,Peekskill NY,30 Oscawana Lake Rd Putnam Valley,https://www.google.com/maps/place/?q=place_id:ChIJ0XGtVSTKwokRXUwyjMgT4as,,
Putnam Valley Free Library,41.3363465,-73.8740523,library,,,Appalachian Market,30 Oscawana Lake Rd Putnam Valley,https://www.google.com/maps/place/?q=place_id:ChIJ0XGtVSTKwokRXUwyjMgT4as,,
Quality Inn,35.467509,-83.321972,hotel,,,Cherokee NC,US-441 Bypass Cherokee NC 28719 USA,https://www.google.com/maps/place/?q=place_id:ChIJ7d8lLG9BWYgRB_RWSiXJjok,,
Quality Inn & Suites Gorham Riverside,44.3900533,-71.1791479,hotel,,, Gorham NH,130 Main St Building A Gorham NH 03581 USA,https://www.google.com/maps/place/?q=place_id:ChIJK8uV4wbts0wRi7p9_efNH8w,,
Quality Inn Great Barrington,42.1922853,-73.3648368,hotel,,,Great Barrington MA,372 Main St Great Barrington MA 01230 USA,https://www.google.com/maps/place/?q=place_id:ChIJp5J6ma5m54kRSvav4SsgUE8,,
Quality Inn Harpers Ferry - Charles Town,39.321867,-77.746674,hotel,,,Harpers Ferry WV,25 Union St Harpers Ferry WV 25425 USA,https://www.google.com/maps/place/?q=place_id:ChIJi_hxorICtokRpL3CVf8Kcn4,,
Quality Inn Lee - Lenox South,42.3004594,-73.2428588,hotel,,,Lee MA,170 Housatonic St Lee MA 01238 USA,https://www.google.com/maps/place/?q=place_id:ChIJvaJ7altD54kRezO0siJmgmA,,
Quality Inn Luray,38.6659336,-78.4667446,hotel,,,Luray VA,410 W Main St Luray VA 22835 USA,https://www.google.com/maps/place/?q=place_id:ChIJTymMggdOtIkR4i5jFJARjRc,,
Quality Inn Rutland - Killington,43.590902,-72.969979,hotel,,,Rutland VT,253 S Main St Rutland VT 05701 USA,https://www.google.com/maps/place/?q=place_id:ChIJ4cUItuwk4IkRLIueMk-TcNg,,
Quality Inn Troutville - Roanoke North,37.3912088,-79.9002965,hotel,,,Daleville VA,3139 Lee Hwy Troutville VA 24175 USA,https://www.google.com/maps/place/?q=place_id:ChIJAfDOObwaTYgRwqTmewXkdY8,,
Quality Inn Waynesboro - Skyline Drive,38.069904199999996,-78.8926701,hotel,,,Waynesboro VA,640 W Broad St Building A Waynesboro VA 22980 USA,https://www.google.com/maps/place/?q=place_id:ChIJyXSX6KRjs4kRNro3zAl3OHk,,
Qualla Boundary Library,35.4869258,-83.3134498,library,,,Cherokee NC,810 Acquoni Rd Cherokee,https://www.google.com/maps/place/?q=place_id:ChIJ0xKtu7tDWYgROVXHZGWn5A0,,
Qualla Motel & Cabins,35.4604761,-83.3167679,hotel,,,Cherokee NC,125 Tee Pee Drive Whittier NC 28789 USA,,,
Quarter Way Inn,36.9558659,-81.4011861,hostel,,,Quarter Way Inn,4083 Old Rich Valley Rd Ceres VA 24318 USA,https://www.google.com/maps/place/?q=place_id:ChIJuyfIvP3XUYgRtvmgJcX7YrU,,
Rabbit Transit,40.1963596,-77.2284719,bus,,,Carlisle PA,1615 Ritner Hwy Carlisle,https://www.google.com/maps/place/?q=place_id:ChIJYWbhGUUeyYkR6mqqpoYX6kQ,(800) 632-9063,https://www.rabbittransit.org/
Rambling Roots Hostel,35.3375221,-83.565274,hostel,,,Nantahala Outdoor Center  NOC,10904 Hwy 19 W Bryson City NC 28713 USA,https://www.google.com/maps/place/?q=place_id:ChIJkaFS8iw1WYgRLL-5Pq_6FDE,,
Rangeley Delivery,44.9672176,-70.6451909,shuttle,,,Rangeley ME,17 High St Rangeley,https://www.google.com/maps/place/?q=place_id:ChIJFeBl-YQ9sUwRmk9dM2UH4ek,(207) 670-7000,https://rangeleydelivery.com/
Rangeley IGA Supermarket - ME,44.9544444,-70.6377778,grocery,y,y,Rangeley ME,2185 Main St  Rangeley,https://www.google.com/maps/place/?q=place_id:ChIJH8IWk088sUwRixYrmd434ac,,
Rangeley Lake Resort,44.956378,-70.639302,hotel,,,Rangeley ME,2222 Main St Rangeley ME 04970 USA,https://www.google.com/maps/place/?q=place_id:ChIJE1iKpFo8sUwRx_ihoQvBTNk,,
Rangeley Public Library,44.9646764,-70.6430773,library,,,Rangeley ME,7 Lake St Rangeley,https://www.google.com/maps/place/?q=place_id:ChIJX3fapV88sUwRaA1o2U-hESY,,
Rangeley Saddleback Inn,44.9595292,-70.638497,hotel,,,Rangeley ME,2303 Main St Rangeley ME 04970 USA,https://www.google.com/maps/place/?q=place_id:ChIJnSCF2c89sUwRmKBB6s6mipA,,
Rangeley Town & Lake Motel and Lodging,44.9664229,-70.6503142,hotel,,,Rangeley ME,2668 Main St Rangeley ME 04970 USA,https://www.google.com/maps/place/?q=place_id:ChIJO7OsZQg-sUwRN8kNCjrlgRI,,
Rauner Special Collections Library,43.704285,-72.2882235,library,,,Hanover NH,6065 Webster Ave Hanover,https://www.google.com/maps/place/?q=place_id:ChIJ1Xwk0sLJtEwRp9lR5KtAfdY,,
Red Roof Inn,43.6106237,-72.9726065,hotel,,,Rutland VT,Rutland VT 05701 USA,https://www.google.com/maps/place/?q=place_id:ChIJEdi1NgAl4IkRLcMdU9x9HcA,,
Redi Mart Supermarket,36.2813402,-82.1777661,grocery,y,y,Hampton TN,5110 U.S. 19E  Hampton,https://www.google.com/maps/place/?q=place_id:ChIJSUb6JL-BUIgRKMEurBdgb94,,
Redner's Warehouse Markets,40.5436312,-75.9764318,grocery,y,y,Hamburg PA,500 Hawk Ridge Drive  Hamburg,https://www.google.com/maps/place/?q=place_id:ChIJMTmAemXbxYkRYgUUxeg2qqA,,
Rite Spot Motel,39.9072678,-77.538228,hotel,,,Fayetteville PA,5551 Lincoln Way E Fayetteville PA 17222 USA,https://www.google.com/maps/place/?q=place_id:ChIJpdcGRxShyYkRzY7eNSNjD_U,,
River Green Resort,44.0420285,-71.6662714,hotel,,,North Woodstock and Lincoln NH,48 Cooper Memorial Dr Lincoln NH 03251 USA,https://www.google.com/maps/place/?q=place_id:ChIJ8Ur235GBtEwR7TQ7tK9ZcnM,,
River Terrace Resort and Convention Center,35.7137856,-83.5152045,hotel,,,Gatlinburg TN,240 River Rd Gatlinburg TN 37738 USA,https://www.google.com/maps/place/?q=place_id:ChIJL6JTddxVWYgRDEX-EWmV2-k,,
River valley RV park and campground,36.272437,-82.1796571,campground,,,Hampton TN,5316 US-19E Hampton TN 37658 USA,https://www.google.com/maps/place/?q=place_id:ChIJvxqij4WBUIgRorZhM32BFmg,,
River View Cottage,41.0016183,-75.127616,hotel,,,Delaware Water Gap PA,Eilenberger Landing Ln East Stroudsburg PA 18301 USA,https://www.google.com/maps/place/?q=place_id:ChIJw0iUN0aGxIkR1M_Qq2KdjhA,,
Riverbank Motel & Cabins,44.0461729,-71.6849851,hotel,,,North Woodstock and Lincoln NH,183 Connector Rd Lincoln NH 03251 USA,https://www.google.com/maps/place/?q=place_id:ChIJaTI2j4OBtEwRfx6g3AuJobI,,
Riverfront Campground,40.4015005,-77.0161998,campground,,,Duncannon PA,9 Newport Rd Duncannon PA 17020 USA,https://www.google.com/maps/place/?q=place_id:ChIJR-QIUQaCdIgRWhRNhJ_cf4k,,
River's Edge Motel,35.4908989,-83.3144425,hotel,,,Cherokee NC,1026 Tsali Blvd Cherokee NC 28719 USA,https://www.google.com/maps/place/?q=place_id:ChIJ6SrFpupDWYgRdM3dNjE-4qc,,
RiverWalk Resort at Loon Mountain,44.042034,-71.6677809,hotel,,,North Woodstock and Lincoln NH,22 S Mountain Dr Lincoln NH 03251 USA,https://www.google.com/maps/place/?q=place_id:ChIJVxj344WBtEwRi_QDVimyOto,,
Robert G. Harris  R,40.5524002,-76.3848676,pharmacy,y,y,Pine Grove PA,8 East Pottsville Street #10  Pine Grove,https://www.google.com/maps/place/?q=place_id:ChIJy0AeNrX-xYkRi1QbPxzAizo,,
Rocky Hollow Horse Camp,36.6926953,-81.4512508,campground,,,Troutdale VA,40 Camp Dr Troutdale VA 24378 USA,https://www.google.com/maps/place/?q=place_id:ChIJAwAAAMA8TogRqqHcQed5PPM,,
Rodeway Inn & Suites Cherokee On the River,35.4745626,-83.3341344,hotel,,,Cherokee NC,44 Tsalagi Rd Cherokee NC 28719 USA,https://www.google.com/maps/place/?q=place_id:ChIJW9UOLv9DWYgRLzvQFvw1i8c,,
Rodeway Inn Gorham Riverside,44.3900167,-71.1791649,hotel,,, Gorham NH,130 Main St Building B Gorham NH 03581 USA,https://www.google.com/maps/place/?q=place_id:ChIJqRzxYtnts0wRjwU-JMiHsJQ,,
Rodeway Inn Rutland - Killington,43.6178287,-72.9732555,hotel,,,Rutland VT,138 N Main St Rutland VT 05701 USA,https://www.google.com/maps/place/?q=place_id:ChIJwwy9a2kk4IkRfwFZjdXRfgE,,
Roller Pharmacy,36.145696,-82.4165509,pharmacy,y,y,Erwin TN,109 North Main Avenue  Erwin,https://www.google.com/maps/place/?q=place_id:ChIJ6ZUH0E5uWogRTx4M4BY9pQc,,
Rolling Hills Lodge,35.486497,-83.3159837,hotel,,,Cherokee NC,739 Tsali Blvd Cherokee NC 28719 USA,https://www.google.com/maps/place/?q=place_id:ChIJn3CBaepDWYgRH6RTUTB-Oew,,
Royal Inn,36.8292238,-81.5271493,hotel,,,Marion VA,435 S Main St Marion VA 24354 USA,https://www.google.com/maps/place/?q=place_id:ChIJV3V0rlAtUIgRsstp6OXdDwo,,
Royal Inn Motel,38.0763664,-78.9142532,hotel,,,Waynesboro VA,2112 W Main St Waynesboro VA 22980 USA,https://www.google.com/maps/place/?q=place_id:ChIJaS8eeM9js4kRkvnaYkGuYkw,,
Royal Inn Motel,38.911128999999995,-78.195339,hotel,,,Front Royal VA,533 S Royal Ave Front Royal VA 22630 USA,,,
Royal Motel,43.6148466,-72.9634469,hotel,,,Rutland VT,115 Woodstock Ave Rutland VT 05701 USA,https://www.google.com/maps/place/?q=place_id:ChIJbZBkAwAl4IkRTOudlLeWa_0,,
RRMC Pharmacy,43.5983802,-72.9551016,pharmacy,y,y,Rutland VT,160 Allen Street  Rutland,https://www.google.com/maps/place/?q=place_id:ChIJ____oPkk4IkRvGUGlj1YbW0,,
Ruby's Rest,36.6354627,-81.7825023,hotel,,,Damascus VA,702-720 E 2nd St Damascus VA 24236 USA,https://www.google.com/maps/place/?q=place_id:ChIJIWCuttNAUIgRGnUSJhr8Lt8,,
Rutland Free Library,43.6071282,-72.9752514,library,,,Rutland VT,10 Court St Rutland,https://www.google.com/maps/place/?q=place_id:ChIJe1ovf2Ek4IkRYDewqB59Cv8,,
Rutland Pharmacy,43.5977914,-72.9629503,pharmacy,y,y,Rutland VT,75 Allen Street  Rutland,https://www.google.com/maps/place/?q=place_id:ChIJ7_iMAPMk4IkRdLssgKBDjIc,,
Rutland Regional Medical Center,43.5985264,-72.9553776,hospital,y,y,Rutland VT,160 Allen Street  Rutland,https://www.google.com/maps/place/?q=place_id:ChIJiTi0ofkk4IkRaf3TCvL9olU,,
Rx Drive-Thru,35.1573925,-83.3926509,pharmacy,y,y,Franklin TN,United States,https://www.google.com/maps/place/?q=place_id:ChIJbQVzHKUlWYgRuz7seiZIaCM,,
Sachem laundry room,43.6848476,-72.2824452,laundromat,1,,Hanover NH,17 Ralston Ln West Lebanon NH 03784 USA,https://www.google.com/maps/place/?q=place_id:ChIJrStNTgC3tEwRTyYJqGzMX18,,
Sachem Village,43.6830215,-72.285222,bus,bus stop,,Hanover NH,Lebanon,https://www.google.com/maps/place/?q=place_id:ChIJQ2LX0v-1tEwRFIe8m9SZ-EY,0,0
Samuels Public Library,38.906401,-78.1882324,library,,,Front Royal VA,330 E Criser Rd Front Royal,https://www.google.com/maps/place/?q=place_id:ChIJbwEjgsLFtYkRSsBWvtRHZ0Y,,
Sandy's Little Free Library,36.1410822,-82.4193352,library,,,Erwin TN,239 Academy St Erwin,https://www.google.com/maps/place/?q=place_id:ChIJ3bc1ZnFvWogRVYWX1dmxsHA,,
Save A Lot,41.3764196,-74.69349,grocery,y,y,Port Jervis NY,100 Pike Street  Port Jervis,https://www.google.com/maps/place/?q=place_id:ChIJ4euaG_BPw4kRo4K5JuBB1z8,,
Save A Lot,41.3060361,-73.9115185,grocery,y,y,Peekskill NY,1099 North Division Street  Peekskill,https://www.google.com/maps/place/?q=place_id:ChIJu1V9dBjJwokRCn2nrkRhgr0,,
Sav-Mor Foods,35.1639592,-83.3993857,grocery,y,y,Franklin TN,398 Westgate Plaza  Franklin,https://www.google.com/maps/place/?q=place_id:ChIJL6gYzKElWYgRyeZPBk2tnc4,,
Sawyer Library,42.71356,-73.202076,library,,,Williamstown MA,Stetson Hall 26 Hopkins Hall Dr Williamstown,https://www.google.com/maps/place/?q=place_id:ChIJT3FFzRW64IkRbBNrs5hUDH8,,
Schow Science Library,42.7115296,-73.2054561,library,,,Williamstown MA,41 Lab Campus Dr Williamstown,https://www.google.com/maps/place/?q=place_id:ChIJnxUXq2y64IkRj-PXPn0zgUw,,
Scottish Inns & Suites Fayetteville PA,39.9076144,-77.5381511,hotel,,,Fayetteville PA,5651 Lincoln Way E Fayetteville PA 17222 USA,https://www.google.com/maps/place/?q=place_id:ChIJl_Svd_CmyYkRGrkfPII9Qko,,
Scoville Memorial Library,41.9808555,-73.4223922,library,,,Salisbury CT,38 Main St Salisbury,https://www.google.com/maps/place/?q=place_id:ChIJ29VDOJ9_54kRR8xeffQ7vVI,,
Scoville Memorial Library Parking,41.980958,-73.4220266,library,,,Salisbury CT,Library St Salisbury,https://www.google.com/maps/place/?q=place_id:ChIJ__9PE59_54kRbUHqCQJX8Wo,,
Segundo's Taxi,41.5626144,-73.600682,taxi,taxi,,Pawling NY,11 Memorial Ave Pawling,https://www.google.com/maps/place/?q=place_id:ChIJ4VcOvehb3YkRVan51eiVg-k,(845) 264-3020,http://www.segundostaxi.com/
Shaw's,43.1719516,-73.0615685,grocery,y,y,Manchester Center VT,64 Equinox Terrace  Manchester Center,https://www.google.com/maps/place/?q=place_id:ChIJG5VBLEpe4IkR0cLchpqd780,,
Shaw's Hiker Hostel,45.286783,-69.5029462,hostel,y,y,Monson ME,17 Pleasant Street  Monson,https://www.google.com/maps/place/?q=place_id:ChIJB0x4ckFqsEwRDHbIFrxW8AI,,
Shaw's Hiker Hostel,45.286783,-69.5029462,shuttle,,AT,Monson ME,17 Pleasant St Monson,https://www.google.com/maps/place/?q=place_id:ChIJB0x4ckFqsEwRDHbIFrxW8AI,(207) 997-3597,http://www.shawshikerhostel.com/home.html
Shaw's Hiker Hostel,45.286783,-69.5029462,hostel,,,Monson ME,17 Pleasant St Monson ME 04464 USA,https://www.google.com/maps/place/?q=place_id:ChIJB0x4ckFqsEwRDHbIFrxW8AI,,
Shenandoah Lodge,38.5969931,-78.3818896,hotel,,,Skyland Resort,416 Skyland Lower Loop Luray VA 22835 USA,https://www.google.com/maps/place/?q=place_id:ChIJWzYOp0ZJtIkREqEbaixB4e4,,
Sherburne Memorial Library,43.6719232,-72.7774242,library,,,Killington VT,2998 River Rd Fork Killington,https://www.google.com/maps/place/?q=place_id:ChIJUa4fkmsq4IkRDai7bExwNJw,,
ShopRite of Westfall Town Center,41.3518079,-74.7206629,grocery,y,y,Port Jervis NY,111 Hulst Dr Ste 724  Matamoras,https://www.google.com/maps/place/?q=place_id:ChIJeZRfHAFFw4kRjx9YN4aL0u0,,
Shortline Bus,41.3289595,-74.1892247,bus,,,Harriman NY,70 Millpond Pkwy Monroe,https://www.google.com/maps/place/?q=place_id:ChIJ6QCtELTXwokR9SuVXumua4o,(845) 782-3528,http://www.shortlinebus.com/
Shuttle Shack,36.6335029,-81.7832518,shuttle,,AT,Damascus VA,112 Douglas Dr Damascus,https://www.google.com/maps/place/?q=place_id:ChIJ12MTF9RAUIgRlKqPR7n4HsA,(276) 475-3773,http://shuttleshack.com/
Sidney James Mountain Lodge - Downtown Gatlinburg,35.7030475,-83.5162378,hotel,,,Gatlinburg TN,610 Airport Rd Gatlinburg TN 37738 USA,https://www.google.com/maps/place/?q=place_id:ChIJqTXK89FVWYgRXavxHSGQdfs,,
Sit N Spin,42.8938109,-73.1912557,laundromat,1,,Bennington VT,1073 NorthBranch St Bennington VT 05201 USA,https://www.google.com/maps/place/?q=place_id:ChIJv9hAJoWW4IkRp7z87HMKRyU,,
Six South St Hotel,43.700178,-72.288742,hotel,,,Hanover NH,6 South St Hanover NH 03755 USA,https://www.google.com/maps/place/?q=place_id:ChIJF2UCTObJtEwRuH9eMEAgEpw,,
Sky Ridge Yurts,35.3329559,-83.5786415,hotel,,,Nantahala Outdoor Center  NOC,200 Sky Ridge Dr Bryson City NC 28713 USA,https://www.google.com/maps/place/?q=place_id:ChIJ1Wj3-8Y0WYgRih9u5Ri6FEI,,
Skyland,38.5930039,-78.3803856,hotel,,,Skyland Resort,400 Skyland Upper Loop Mile 41 Luray VA 22835 USA,https://www.google.com/maps/place/?q=place_id:ChIJYc0qtoxEtIkRI5dYKd2VFf4,,
Slatington Airport (69N),40.7651214,-75.6061096,airport,airport,,Palmerton PA,1000 Airport Rd Slatington,https://www.google.com/maps/place/?q=place_id:ChIJQTWuvEVJxIkRG3ZLubeRs_o,(610) 767-5881,http://www.penndot.gov/TravelInPA/airports-pa/Pages/Slatington-Airport.aspx
Sleep Inn Carlisle South,40.18729,-77.1888,hotel,,,Carlisle PA,5 E Garland Dr Carlisle PA 17013 USA,https://www.google.com/maps/place/?q=place_id:ChIJeW9ESt7hyIkR8OnHP80uA-c,,
Smart Pharmacy,35.1735225,-83.3859458,pharmacy,y,y,Franklin TN,60 Georgia Road  Franklin,https://www.google.com/maps/place/?q=place_id:ChIJTSmJaRslWYgRvc-iXqZZRZk,,
Smithsburg Library,39.6540756,-77.580349,library,,,Smithsburg MD,66 W Water St Smithsburg,https://www.google.com/maps/place/?q=place_id:ChIJ3zVWnUaVyYkRcLB6JuCfjNk,,
Smithsburg Library,39.6540756,-77.580349,library,,,Waynesboro PA,66 W Water St Smithsburg,https://www.google.com/maps/place/?q=place_id:ChIJ3zVWnUaVyYkRcLB6JuCfjNk,,
Smoky Mountain Inn & Suites,35.4703617,-83.3267606,hotel,,,Cherokee NC,344 Seven Clans Ln Cherokee NC 28719 USA,https://www.google.com/maps/place/?q=place_id:ChIJq6qqqupBWYgRgRP0nslCHvE,,
Smyth County Public Library Marion,36.8312601,-81.521054,library,,,Marion VA,118 S Sheffey St Marion,https://www.google.com/maps/place/?q=place_id:ChIJde7NK1ItUIgRSYqvR7Twk60,,
Soapee Sudz Laundry,40.83524,-75.2978039,laundromat,1,,Wind Gap PA,501 E Moorestown Rd Wind Gap PA 18091 USA,https://www.google.com/maps/place/?q=place_id:ChIJ1dGecclnxIkROrEl9ShFl6I,,
South Gate Motel,42.857385799999996,-73.2024363,hotel,,,Bennington VT,767 US-7 Bennington VT 05201 USA,https://www.google.com/maps/place/?q=place_id:ChIJn0fhshmW4IkRrX42kO07C8w,,
Southwestern Vermont Medical Center,42.8743368,-73.2074264,hospital,y,y,Bennington VT,100 Hospital Drive  Bennington,https://www.google.com/maps/place/?q=place_id:ChIJwXK2PUKW4IkRG1CseYmXVyk,,
Spark by Hilton Daleville Roanoke North,37.3921986,-79.9046813,hotel,,,Daleville VA,446 Roanoke Rd Daleville VA 24083 USA,https://www.google.com/maps/place/?q=place_id:ChIJxaRMW3obTYgRNsjdSLe-3Po,,
Speedy Car Services,41.3208742,-74.1847324,taxi,taxi,,Harriman NY,581 NY-17M Monroe,https://www.google.com/maps/place/?q=place_id:ChIJbc2CHLvXwokRauMvq-CQgXc,(845) 783-4444,http://www.speedycarservice.weebly.com/
Spillover Motel,45.136263899999996,-70.4309472,hotel,,,Stratton ME,8258 Carrabassett Rd Stratton ME 04982 USA,https://www.google.com/maps/place/?q=place_id:ChIJnbHPKQ7gsEwRpXLV_YjK0k0,,
Spot Laundromat,38.9094096,-78.1884983,laundromat,1,,Front Royal VA,429 South St Front Royal VA 22630 USA,https://www.google.com/maps/place/?q=place_id:ChIJ5zOrhsPFtYkRbL5oY4WIkIE,,
Spring Creek Hotel,35.893227599999996,-82.8271717,hotel,,,Hot Springs NC,153 Bridge St Hot Springs NC 28743 USA,https://www.google.com/maps/place/?q=place_id:ChIJOxDVKTczWogRqLJd7toS4AI,,
Squeaky Clean Laundry Inc,39.907389699999996,-77.55035,laundromat,1,,Fayetteville PA,5046 Lincoln Way E Fayetteville PA 17222 USA,https://www.google.com/maps/place/?q=place_id:ChIJb-4pv8ShyYkRBLXWqjkS3pk,,
St. John the Evangelist Library,38.9506764,-78.1487136,library,,,Front Royal VA,263 St John's Way Front Royal,https://www.google.com/maps/place/?q=place_id:ChIJ8QTTEMPFtYkRlUr8CVx31JU,,
St. John's Church Pavilion,40.5870423,-76.0262271,shuttle,,AT,Port Clinton PA,Penn St Port Clinton,https://www.google.com/maps/place/?q=place_id:ChIJW3fsGwDdxYkRzIr3pyOh8RU,0,0
St. John's Church Pavilion,40.5870423,-76.0262271,campground,,,Port Clinton PA,Penn St Port Clinton PA 17961 USA,https://www.google.com/maps/place/?q=place_id:ChIJW3fsGwDdxYkRzIr3pyOh8RU,,
Standing Bear Farm/Hostel,35.7857278,-83.1016193,hostel,y,y,Standing Bear Hostel,4255 Green Corner Road  Hartford,https://www.google.com/maps/place/?q=place_id:ChIJ1-4h0JTZW4gRlPHr1pbZluo,,
Standing Bear Farm/Hostel,35.7857278,-83.1016193,shuttle,,AT,Standing Bear Hostel,4255 Green Corner Rd Hartford,https://www.google.com/maps/place/?q=place_id:ChIJ1-4h0JTZW4gRlPHr1pbZluo,(423) 487-0014,http://standingbearfarmhostel.com/
Stanford House,43.193565299999996,-73.0393295,hotel,,,Manchester Center VT,6458 Main St Manchester Center VT 05255 USA,https://www.google.com/maps/place/?q=place_id:ChIJyaxU74de4IkRgkjubWg5q40,,
Stanimal's 328 Hostel,38.0722139,-78.8990006,hostel,y,y,Waynesboro VA,1333 West Main Street  Waynesboro,https://www.google.com/maps/place/?q=place_id:ChIJHz8pZtNjs4kR2bkeVeZsf48,,
Stanimal's 328 Hostel & Shuttle Service,37.62932,-79.4560448,hostel,y,y,Glasgow VA,1131 Rockbridge Road  Glasgow,https://www.google.com/maps/place/?q=place_id:ChIJ9Tdnj9bTTIgREE0hNu5cx6g,,
Stanimal's 328 Hostel & Shuttle Service,37.62932,-79.4560448,shuttle,,AT,Glasgow VA,1131 Rockbridge Rd Glasgow,https://www.google.com/maps/place/?q=place_id:ChIJ9Tdnj9bTTIgREE0hNu5cx6g,(540) 480-8325,http://facebook.com/stanimalshostel
Starlight Inn,42.8620983,-73.1987553,hotel,,,Bennington VT,357 US-7 Bennington VT 05201 USA,https://www.google.com/maps/place/?q=place_id:ChIJg6KsRhGW4IkRbJAIa97OS7M,,
Stockbridge Library Association,42.2816817,-73.310545,library,,,Lee MA,46 Main St Stockbridge,https://www.google.com/maps/place/?q=place_id:ChIJT7fiaRBd54kR097oU2CoE_o,,
Stone Cottages at Bear Mountain Inn,41.319587,-73.9927133,hotel,,,Fort Montgomery NY,55 Hessian Dr Bear Mountain NY 10911 USA,https://www.google.com/maps/place/?q=place_id:ChIJcUkm11DOwokRh5kXU4CkU2Q,,
Stonebrook Lodge,35.4685536,-83.3037414,hotel,,,Cherokee NC,436 Paint Town Rd Cherokee NC 28719 USA,https://www.google.com/maps/place/?q=place_id:ChIJw4ZB8tdDWYgRalbK4DZCDgs,,
Stonehouse Bed & Breakfast,39.323599,-77.7310318,hotel,,,Harpers Ferry WV,156 High St Harpers Ferry WV 25425 USA,https://www.google.com/maps/place/?q=place_id:ChIJ59EPU1odtokRN5D28DZUM14,,
Stratton Public Library,45.1399193,-70.4372775,library,,,Stratton ME,88 Main St Stratton,https://www.google.com/maps/place/?q=place_id:ChIJVVVVVeUfsUwR8nCVRg_vGu4,,
Strictly Moose Luxury Vacation Suites,44.3893127,-71.1787719,hotel,,, Gorham NH,129 Main St Gorham NH 03581 USA,https://www.google.com/maps/place/?q=place_id:ChIJJ4ZYqvXts0wRnNkC_wO5Q1U,,
Strongs Avenue Laundromat,43.6018786,-72.9744217,laundromat,1,,Rutland VT,78/82 Strongs Ave Rutland VT 05701 USA,https://www.google.com/maps/place/?q=place_id:ChIJ9eKKz6gl4IkRupvL1uWaeAc,,
Summit Lodge Resort,43.655895199999996,-72.7868423,hotel,,,Killington VT,200 Summit Rd Killington VT 05751 USA,https://www.google.com/maps/place/?q=place_id:ChIJVyIoTDEq4IkRd7eOb9asWP4,,
Sunnybank Inn,35.8912888,-82.8297643,hostel,,,Hot Springs NC,26 Walnut St Hot Springs NC 28743 USA,https://www.google.com/maps/place/?q=place_id:ChIJdar-JBoyWogRydgOZ_mfaf4,,
Sunset Inn.,42.3006635,-73.2436158,hotel,,,Lee MA,150 Housatonic St Route 20 Lee MA 01238 USA,https://www.google.com/maps/place/?q=place_id:ChIJ3Wfi0BJD54kRjZlYZ5HpEDI,,
Super 8 by Wyndham Cherokee,35.494132799999996,-83.314217,hotel,,,Cherokee NC,1223 Tsali Blvd Cherokee NC 28719 USA,https://www.google.com/maps/place/?q=place_id:ChIJX7rpIr5DWYgRLv5uyC4huuA,,
Super 8 by Wyndham Erwin,36.15255,-82.4185198,hotel,,,Erwin TN,1101 N Buffalo St Erwin TN 37650 USA,https://www.google.com/maps/place/?q=place_id:ChIJSzXtKE1uWogRWkiF1wmGbW0,,
Super 8 by Wyndham Front Royal Near Shenandoah National Park,38.9113932,-78.1930013,hotel,,,Front Royal VA,111 South St Front Royal VA 22630 USA,https://www.google.com/maps/place/?q=place_id:ChIJ1_MiidzFtYkRSys8g30Ky5M,,
Sussex County Library- Dorothy Henry Branch,41.1762798,-74.5430839,library,,,Vernon NJ,66 NJ-94 Vernon Township,https://www.google.com/maps/place/?q=place_id:ChIJZ1oDw5wVw4kRdmdQjbzcIUQ,,
Swenning Laundromat,40.2030154,-77.1799955,laundromat,1,,Carlisle PA,137 N Spring Garden St Carlisle PA 17013 USA,https://www.google.com/maps/place/?q=place_id:ChIJre-I18zhyIkRa9Dm16WZVwE,,
Target Grocery,40.1960207,-77.1566585,grocery,y,y,Carlisle PA,246 Westminster Drive  Carlisle,https://www.google.com/maps/place/?q=place_id:ChIJxeFQDhzhyIkRReHAhgjRyHY,,
Target Grocery,41.317025,-74.1518239,grocery,y,y,Harriman NY,128 Bailey Farm Road  Monroe,https://www.google.com/maps/place/?q=place_id:ChIJB38uDF_XwokR7BH56NwiPiE,,
TCO Fly Shop - Boiling Springs,40.1499418,-77.1276809,outfitter,,,Boiling Springs PA,2 E 1st St Boiling Springs,https://www.google.com/maps/place/?q=place_id:ChIJ7fG8CN3jyIkRsum_JMCtwoE,,
TCO Fly Shop - Boiling Springs,40.1499418,-77.1276809,fuel,,,Boiling Springs PA,2 E 1st St Boiling Springs,https://www.google.com/maps/place/?q=place_id:ChIJ7fG8CN3jyIkRsum_JMCtwoE,,
Tent City at Trail Days,36.6251022,-81.7919601,campground,,,Damascus VA,1011 S Shady Ave Damascus VA 24236 USA,https://www.google.com/maps/place/?q=place_id:ChIJ1UHK8JVBUIgRvu72TjHn6hk,,
The Abbey Inn & Spa,41.2926406,-73.9291076,hotel,,,Peekskill NY,900 Fort Hill Rd Peekskill NY 10566 USA,https://www.google.com/maps/place/?q=place_id:ChIJ5xeRTq7JwokRS375yEc3ZiI,,
The Appalachian at Mountain Creek,41.191320399999995,-74.5035964,hotel,,,Vernon NJ,200 NJ-94 Vernon Township NJ 07462 USA,https://www.google.com/maps/place/?q=place_id:ChIJkfn6mQU-w4kReM2pGC4pqUA,,
The Appalachian Station at 19E,36.1724395,-82.0013351,hostel,y,y,The Appalachian Station at 19E,9367 U.S. 19E  Roan Mountain,https://www.google.com/maps/place/?q=place_id:ChIJ5zYaSNSPUIgRoctWWCfWmgA,,
The Appalachian Station at 19E,36.1724395,-82.0013351,hostel,y,y,Mountain Harbour Hostel,9367 U.S. 19E  Roan Mountain,https://www.google.com/maps/place/?q=place_id:ChIJ5zYaSNSPUIgRoctWWCfWmgA,,
The Appalachian Trail-er Bunkhouse by Blue Ridge Hiking Company,35.8898228,-82.8318812,hostel,,,Hot Springs NC,200 Lance Ave Hot Springs NC 28743 USA,https://www.google.com/maps/place/?q=place_id:ChIJ08proR4zWogRDMz81A4RPOw,,
The Appy Lodge,35.7245426,-83.5095641,hotel,,,Gatlinburg TN,168 Parkway Gatlinburg TN 37738 USA,https://www.google.com/maps/place/?q=place_id:ChIJ9-CnJVRVWYgRCu4orT0x-Bs,,
The Big Dam Room and The Seymore House,36.6381533,-81.7941871,hotel,,,Damascus VA,359 N Beaver Dam Ave Damascus VA 24236 USA,https://www.google.com/maps/place/?q=place_id:ChIJE5HdNDVBUIgRmcyHl31Xl80,,
The Bike Station Bike Rental & Shuttle Damascus VA,36.6340739,-81.784639,shuttle,,AT,Damascus VA,401 E 3rd St Damascus,https://www.google.com/maps/place/?q=place_id:ChIJ84WV69NAUIgRd4F44czviaA,(855) 758-3083,https://creepertrailbikestation.com/?utm_source=GMB&utm_medium=organic
The Black Swan Lee - Lenox an Ascend Collection Hotel,42.3213197,-73.2598621,hotel,,,Lee MA,435 Laurel St Lee MA 01238 USA,https://www.google.com/maps/place/?q=place_id:ChIJm9LcuFhD54kRzPfHwHK3l_w,,
The Book Garden,41.327711,-74.1886143,library,,,Harriman NY,46 Millpond Pkwy Monroe,https://www.google.com/maps/place/?q=place_id:ChIJuT--cEjXwokRpx4WlQtuV_U,,
The Broken Fiddle Hostel,36.634139,-81.7834558,hostel,y,y,Damascus VA,104 Damascus Drive  Damascus,https://www.google.com/maps/place/?q=place_id:ChIJ60uE6NNAUIgRN3tJVksjcZ8,,
The Campground at Fontana Village,35.4459075,-83.8052853,campground,,,Fontana Dam NC,300 Woods Rd Fontana Dam NC 28733 USA,https://www.google.com/maps/place/?q=place_id:ChIJZbm8a-m4XogRpAPXpnFfOwk,,
The Caratunk House Hiker Hostel,45.2364324,-69.9946566,hostel,y,y,Caratunk ME,218 Main St Caratunk ME 04925,https://www.google.com/maps/place/?q=place_id:ChIJN9Ww5P73sEwR3Zv2Oz8X538,,
The Cardinal Inn,38.6676443,-78.4418297,hotel,,,Luray VA,1005 E Main St Luray VA 22835 USA,,,
The Carlisle Tool Library,40.2113513,-77.1933047,library,,,Carlisle PA,735 Factory St Carlisle,https://www.google.com/maps/place/?q=place_id:ChIJVVUJ6yngyIkR-if1xhvOHSs,,
The Cleanery,41.563369200000004,-73.6015834,laundromat,1,,Pawling NY,48 Charles Colman Blvd Pawling NY 12564 USA,https://www.google.com/maps/place/?q=place_id:ChIJm2I4Tqtb3YkRdVKlQ5qo3DU,,
The Dormy House,43.162273,-73.072716,hotel,,,Manchester Center VT,86 Union St Fork MANCHESTR CTR VT 05255 USA,https://www.google.com/maps/place/?q=place_id:ChIJ1arqAc9f4IkRSW-yTX0qupk,,
The Equinox Golf Resort & Spa,43.162195499999996,-73.072564,hotel,,,Manchester Center VT,3567 Main St Manchester VT 05254 USA,https://www.google.com/maps/place/?q=place_id:ChIJdepB1s5f4IkR6oyz8-PtODw,,
The Erie Hotel & Restaurant,41.3727376,-74.6917661,hotel,,,Port Jervis NY,9 Jersey Ave Port Jervis NY 12771 USA,https://www.google.com/maps/place/?q=place_id:ChIJuUZ9MlJPw4kR9gaxcpXsA68,,
The Field Library,41.2911076,-73.9225263,library,,,Peekskill NY,4 Nelson Ave Peekskill,https://www.google.com/maps/place/?q=place_id:ChIJvSFcT9rIwokR9qQAzvr9Ghk,,
The Green Dragon Hostel,34.9009797,-83.7217027,hostel,,,Hiawassee GA,The Green Dragon Hostel 2708 GA-17 Hiawassee,https://www.google.com/maps/place/?q=place_id:ChIJc0Hw9eMvX4gRj5Us_slEIao,,
The Greystone Lodge On The River,35.7154731,-83.5121917,hotel,,,Gatlinburg TN,559 Parkway Gatlinburg TN 37738 USA,https://www.google.com/maps/place/?q=place_id:ChIJMzNAq95VWYgRjv2Ssx0Upxc,,
The Grove Hostel,35.1781402,-83.3779582,hostel,y,y,Franklin TN,130 Hayes Circle  Franklin,https://www.google.com/maps/place/?q=place_id:ChIJiZDcdaUlWYgRM8JAya3CnqM,,
The HALA camping and lodge,35.332299299999995,-83.6085643,campground,,,Nantahala Outdoor Center  NOC,14170 Hwy 19 W Bryson City NC 28713 USA,https://www.google.com/maps/place/?q=place_id:ChIJvV3q9lzLXogR2LWntvwIGg4,,
The Hikin' Inn,45.140731599999995,-70.4438295,hotel,,,Stratton ME,162 Main St Stratton ME 04982 USA,https://www.google.com/maps/place/?q=place_id:ChIJ6-G8HwDfsEwRp-Lu_K7ZuWk,,
The Hostel at Hideaway Point,35.3522828,-83.5560177,hostel,y,y,Nantahala Outdoor Center NOC,164 Hideaway Point Road  Bryson City,https://www.google.com/maps/place/?q=place_id:ChIJh4N-x_81WYgRI4lflhNrYHQ,,
The Hotel Vervana at Bennington,42.880066,-73.2044229,hotel,,,Bennington VT,141 Main St Bennington VT 05201 USA,https://www.google.com/maps/place/?q=place_id:ChIJvfnba2eW4IkRLOuwOU4FpgA,,
The Kancamagus Lodge,44.0507583,-71.6595083,hotel,,,North Woodstock and Lincoln NH,11 Pollard Rd Lincoln NH 03251 USA,https://www.google.com/maps/place/?q=place_id:ChIJUZvB_r2BtEwREq4U1doPWCw,,
The Kent Collection | The Garden Cottages,41.7265926,-73.4745983,hotel,,,Kent CT,9 Railroad St Kent CT 06757 USA,https://www.google.com/maps/place/?q=place_id:ChIJ6cFvKt1h3YkR57ClYyfBDCg,,
The Kent Collection | The Victorian,41.7299188,-73.4736547,hotel,,,Kent CT,81 N Main St Kent CT 06757 USA,https://www.google.com/maps/place/?q=place_id:ChIJiwlKdNVh3YkRbjTpZQOUHA4,,
The Lakehouse Inn,42.325932699999996,-73.262376,hotel,,,Lee MA,615 Laurel St Lee MA 01238 USA,https://www.google.com/maps/place/?q=place_id:ChIJ8aORAKdE54kRa1g0kVV7WwY,,
The Lakeshore House - Lodge & Pub,45.2855462,-69.4997441,hostel,,,Monson ME,9 Tenney Hill Rd Monson ME 04464 USA,https://www.google.com/maps/place/?q=place_id:ChIJjyJISEJqsEwRXJWrqrPDEWM,,
The Laundry Place,38.0858831,-78.8825847,laundromat,1,,Waynesboro VA,990-G Hopeman Pkwy Waynesboro VA 22980 USA,https://www.google.com/maps/place/?q=place_id:ChIJlxF8aWJjs4kRU9q26Sy4qQM,,
The Lodge,35.3299118,-83.6040064,hotel,,,Nantahala Outdoor Center  NOC,89HW+X9 Wesser NC 28713 USA,,,
The Lodge Nantahala River,35.3333906,-83.6160807,hotel,,,Nantahala Outdoor Center  NOC,130 Papa Jim & Nanny Pl Bryson City NC 28713 USA,https://www.google.com/maps/place/?q=place_id:ChIJC1qInljLXogRCP6TEIOZihA,,
The Loft - River & Trail Outfitters,39.3302463,-77.7041196,campground,,,Harpers Ferry WV,602 Valley Rd Knoxville MD 21758 USA,https://www.google.com/maps/place/?q=place_id:ChIJ5xEJZzzjyYkRdDjnwjKg0tM,,
The Meadow House,43.162273,-73.072716,hotel,,,Manchester Center VT,3740 Main St MANCHESTR CTR VT 05255 USA,https://www.google.com/maps/place/?q=place_id:ChIJ1arqAc9f4IkRRjFMDB5nl1Y,,
The Merry Inn Hiker Hostel,36.8335737,-81.5178932,hostel,y,y,Marion VA,206 East Main Street  Marion,https://www.google.com/maps/place/?q=place_id:ChIJd6mP5xEtUIgRrG0vQ_LKE14,,
The Merry Inn Hiker Hostel,36.8335737,-81.5178932,outfitter,,,Marion VA,206 E Main St Marion,https://www.google.com/maps/place/?q=place_id:ChIJd6mP5xEtUIgRrG0vQ_LKE14,,
The Mountain Goat,43.1767659,-73.05658,outfitter,,,Manchester Center VT,4886 Main St Manchester Center,https://www.google.com/maps/place/?q=place_id:ChIJUyHtjEVe4IkRbyNKw-fyr9M,,
The Norwich Inn,43.7150768,-72.3090261,hotel,,,Hanover NH,325 Main St Norwich VT 05055 USA,https://www.google.com/maps/place/?q=place_id:ChIJqRReYKXJtEwR9CWSGZ7zaG0,,
The Notch Hostel,44.0295,-71.7055735,shuttle,,AT,North Woodstock and Lincoln NH,324 Lost River Rd North Woodstock,https://www.google.com/maps/place/?q=place_id:ChIJ0fSl-s-DtEwRGv545Ad9Ifk,(603) 348-1483,http://www.notchhostel.com/
The Notch Hostel,44.0295,-71.7055735,hostel,,,North Woodstock and Lincoln NH,324 Lost River Rd North Woodstock,https://www.google.com/maps/place/?q=place_id:ChIJ0fSl-s-DtEwRGv545Ad9Ifk,(603) 348-1483,http://www.notchhostel.com/
The Notch Hostel,44.0295029,-71.7056087,hostel,,,North Woodstock and Lincoln NH,324 Lost River Rd North Woodstock NH 03262 USA,https://www.google.com/maps/place/?q=place_id:ChIJ0fSl-s-DtEwRGv545Ad9Ifk,,
The Palmer House Resort an Ascend Collection Hotel,43.1795051,-73.0482189,hotel,,,Manchester Center VT,5383 Main St Manchester Center VT 05255 USA,https://www.google.com/maps/place/?q=place_id:ChIJt9vW8rlf4IkRyDGgZS_8HrM,,
The Park Vista - a DoubleTree by Hilton Hotel - Gatlinburg,35.7033865,-83.5131124,hotel,,,Gatlinburg TN,705 Cherokee Orchard Rd Gatlinburg TN 37738 USA,https://www.google.com/maps/place/?q=place_id:ChIJJ1nvT9FVWYgRSbgQNh5q8xE,,
The Partridge House,43.717673999999995,-72.3093976,hotel,,,Hanover NH,383 Main St Norwich VT 05055 USA,https://www.google.com/maps/place/?q=place_id:ChIJK0nE_a7JtEwRK_7ft4fHh6c,,
The Pharmacy  Inc.,42.8818299,-73.1968392,pharmacy,y,y,Bennington VT,205 North Street  Bennington,https://www.google.com/maps/place/?q=place_id:ChIJgeg8dmOW4IkRhn64JbXUa6o,,
The Place Church Hostel,36.633786,-81.7874026,hostel,y,y,Damascus VA,203 East Creepers Way  Damascus,https://www.google.com/maps/place/?q=place_id:ChIJc8T-0NBAUIgRlLtZ6fCeHMA,,
The Porches Inn at MASS MoCA,42.702915999999995,-73.116072,hotel,,,North Adams MA,231 River St North Adams MA 01247 USA,https://www.google.com/maps/place/?q=place_id:ChIJ-WwbnEC44IkRDzhRF4JxB0k,,
The Rangeley Inn & Tavern,44.963737099999996,-70.6406174,hotel,,,Rangeley ME,2443 Main St Rangeley ME 04970 USA,https://www.google.com/maps/place/?q=place_id:ChIJFamDOl88sUwRvTp46jFee8I,,
The Refuge Hostel,36.1952068,-82.0155116,hostel,y,y,Mountain Harbour Hostel,240 Roby Miller Road  Roan Mountain,https://www.google.com/maps/place/?q=place_id:ChIJwaPDAfqPUIgRBJCMAFLXn5Y,,
The Refuge Hostel,36.1952068,-82.0155116,hostel,y,y,The Appalachian Station at 19E,240 Roby Miller Road  Roan Mountain,https://www.google.com/maps/place/?q=place_id:ChIJwaPDAfqPUIgRBJCMAFLXn5Y,,
The Smith Steiner,40.199176200000004,-77.1965766,hotel,,,Carlisle PA,155 S College St Carlisle PA 17013 USA,https://www.google.com/maps/place/?q=place_id:ChIJ7f-41QcfyYkRzvGYeeoibAE,,
The Speckled Trout Outpost,36.635557999999996,-81.789997,hotel,,,Damascus VA,201 W Laurel Ave Damascus VA 24236 USA,https://www.google.com/maps/place/?q=place_id:ChIJ8RADflJBUIgRqALKq0cEw28,,
The Sterling Inn,45.219095,-69.987539,shuttle,,AT,Caratunk ME,1041 US-201 Caratunk,https://www.google.com/maps/place/?q=place_id:ChIJRZ-j6wr3sEwRvYNskW4QbZ4,(207) 672-3333,http://mainesterlinginn.com/
The Sterling Inn,45.219094999999996,-69.987539,hotel,,,Caratunk ME,1041 US-201 Caratunk ME 04925 USA,https://www.google.com/maps/place/?q=place_id:ChIJRZ-j6wr3sEwRvYNskW4QbZ4,,
The Stratton Plaza,45.1412918,-70.4429872,hotel,,,Stratton ME,149 Main St Stratton ME 04982 USA,https://www.google.com/maps/place/?q=place_id:ChIJHdFW4tffsEwR47LthUsq3aU,,
The Tiny Corner House,36.13512190000001,-82.4189749,hostel,,,Erwin TN,610 Carolina Ave Erwin TN 37650 USA,https://www.google.com/maps/place/?q=place_id:ChIJORDJmipvWogR1Q0MTIdQ3MQ,,
The Town's Inn,39.323803,-77.7317464,hotel,,,Harpers Ferry WV,179 High St Harpers Ferry WV 25425 USA,https://www.google.com/maps/place/?q=place_id:ChIJYc7oWlodtokRlpJ_lla0VPQ,,
The White Hart,41.9846444,-73.4221722,hotel,,,Salisbury CT,15 Under Mountain Rd Salisbury CT 06068 USA,https://www.google.com/maps/place/?q=place_id:ChIJ0di4mKF_54kRClTgEFq22Vo,,
The Williams Inn,42.708608,-73.2055495,hotel,,,Williamstown MA,101 Spring St Williamstown MA 01267 USA,https://www.google.com/maps/place/?q=place_id:ChIJA29hpGu64IkRAoU4Sd6vK9U,,
Thornwald Mansion,40.1898543,-77.1996979,hotel,,,Carlisle PA,850 Bicentennial Dr Carlisle PA 17013 USA,https://www.google.com/maps/place/?q=place_id:ChIJf1CMXCEeyYkReKcd1pkK4Ow,,
Three Eagles Outfitters,35.1642137,-83.3909721,outfitter,1,,Franklin TN,78 Siler Rd Franklin,https://www.google.com/maps/place/?q=place_id:ChIJQw4ktqclWYgR1fPdYAMPmUo,,
Three Eagles Outfitters,35.1642137,-83.3909721,fuel,1,,Franklin NC,78 Siler Rd Franklin,https://www.google.com/maps/place/?q=place_id:ChIJQw4ktqclWYgR1fPdYAMPmUo,,
Thrifty Bundle Laundromat,42.693616999999996,-73.108537,laundromat,1,,North Adams MA,North Adams MA 01247 USA,https://www.google.com/maps/place/?q=place_id:ChIJd-k8pxe44IkRcQmewa43j4w,,
Thrifty Bundle Laundromat,42.698277399999995,-73.1433339,laundromat,1,,North Adams MA,255 State Rd North Adams MA 01247 USA,https://www.google.com/maps/place/?q=place_id:ChIJixcQ28-54IkRZMDlL4sHhvY,,
Timberline Transportation LLC,43.664017,-72.790237,taxi,taxi,,Killington VT,25 Timberline Dr Ext Killington,https://www.google.com/maps/place/?q=place_id:ChIJfWqSnjsq4IkRleMlv9IpGoQ,(802) 345-6917,0
Tiny Bubbles Laundromat Front Royal,38.916972,-78.188765,laundromat,1,,Front Royal VA,505 E Main St Front Royal VA 22630 USA,https://www.google.com/maps/place/?q=place_id:ChIJ92u-ic_FtYkR0xn7TeLaLeY,,
Tipton Compounding Pharmacy,35.1829778,-83.3784465,pharmacy,y,y,Franklin TN,175 East Main Street suite a  Franklin,https://www.google.com/maps/place/?q=place_id:ChIJWxr1ieEkWYgRVhumqZVbYCg,,
Top Notch Inn,44.393251,-71.1901887,hotel,,, Gorham NH,265 Main St Gorham NH 03581 USA,https://www.google.com/maps/place/?q=place_id:ChIJi57oeA7ys0wR4tRDO6CPN9U,,
Town and Country Inn and Resort in the White Mountains of New Hampshire,44.3846993,-71.1585805,hotel,,, Gorham NH,20 US-2 #1033 Shelburne NH 03581 USA,https://www.google.com/maps/place/?q=place_id:ChIJPar3HO3ts0wR2JFYZFxWyaQ,,
Towns County Public Library,34.946762,-83.7566583,library,,,Hiawassee GA,,,,
Trail Laundry,40.3891627,-77.0310225,laundromat,1,,Duncannon PA,25 S Market St Duncannon PA 17020 USA,https://www.google.com/maps/place/?q=place_id:ChIJn6aBd4K1yIkRFMoTh-6XcEw,,
Trailful Outdoor Co.,34.9487837,-83.7575172,outfitter,1,,Hiawassee GA,75 N Main St Hiawassee,https://www.google.com/maps/place/?q=place_id:ChIJPRdd_DgvX4gRZqbzw57z25c,,
Trailful Outdoor Co.,34.9487837,-83.7575172,fuel,fuel,,Hiawassee GA,75 N Main St Hiawassee,https://www.google.com/maps/place/?q=place_id:ChIJPRdd_DgvX4gRZqbzw57z25c,,
Travel Inn,36.8469884,-81.4947279,hotel,,,Marion VA,1419 N Main St Marion VA 24354 USA,https://www.google.com/maps/place/?q=place_id:ChIJPXkszMHSUYgRvN2USi-xHQw,,
Travel Inn,43.6152357,-72.9626942,hotel,,,Rutland VT,125 Woodstock Ave Rutland VT 05701 USA,https://www.google.com/maps/place/?q=place_id:ChIJvfd4ZkQk4IkRUaEN8nMzIM8,,
Travelodge Roanoke North,37.3849066,-79.904927,hotel,,,Daleville VA,2619 Lee Hwy Troutville VA 24175 USA,https://www.google.com/maps/place/?q=place_id:ChIJW4yEfaQaTYgRFZjOKkZHg64,,
Tri-State RV Park,41.3589827,-74.700715,campground,,,Port Jervis NY,401 Shay Ln Matamoras PA 18336 USA,https://www.google.com/maps/place/?q=place_id:ChIJVVVVVQzByIkRU1Ce2YXYj_A,,
Tri-Valley Pharmacy,40.5503806,-76.3849042,pharmacy,y,y,Pine Grove PA,101 South Tulpehocken Street  Pine Grove,https://www.google.com/maps/place/?q=place_id:ChIJW_RbBrX-xYkRBmxqe_2lqTE,,
Troutdale Church Hiker Hostel,36.7013236,-81.4428616,hostel,y,y,Troutdale VA,48 Sapphire Lane  Troutdale,https://www.google.com/maps/place/?q=place_id:ChIJzedg5hfLUYgRS3o50kRjlpo,,
Tuck Circle,43.7049808,-72.2944757,bus,bus stop,,Hanover NH,Hanover,https://www.google.com/maps/place/?q=place_id:ChIJdfZUjsHJtEwRnlAa4TEv4p8,0,0
Twi-Lite Inn,38.935688,-78.1955261,hotel,,,Front Royal VA,53 W 14th St Front Royal VA 22630 USA,https://www.google.com/maps/place/?q=place_id:ChIJ2wxG3y7EtYkRuEhBF3FrYqs,,
Unicoi County Public Library,36.1453021,-82.4186667,library,,,Erwin TN,201 Nolichucky Ave Erwin,https://www.google.com/maps/place/?q=place_id:ChIJ9ZGy_k5uWogRkxkFb6c0hqI,,
United States Army Carlisle Barracks,40.2119117,-77.179267,hotel,,,Carlisle PA,Carlisle PA 17013 USA,https://www.google.com/maps/place/?q=place_id:ChIJixZy6TDgyIkR1WJPFNNcwNs,,
United States Postal Service,34.9498767,-83.7579766,post office,y,y,Hiawassee GA,118 North Main Street  Hiawassee,https://www.google.com/maps/place/?q=place_id:ChIJYZvftl4vX4gRJmWSzwVZllc,,
United States Postal Service,35.178959,-83.3741514,post office,y,y,Franklin TN,250 Depot Street  Franklin,https://www.google.com/maps/place/?q=place_id:ChIJa8mlfeMkWYgR5aWoz8x3wSw,,
United States Postal Service,35.485646,-83.315768,post office,y,y,Cherokee NC,671 Tsali Boulevard  Cherokee,https://www.google.com/maps/place/?q=place_id:ChIJjyB0JftDWYgRRCzc2Q5ieac,,
United States Postal Service,35.8928082,-82.8276967,post office,y,y,Hot Springs NC,111 Bridge Street  Hot Springs,https://www.google.com/maps/place/?q=place_id:ChIJO8boeBkyWogRVQWe6-vcnJE,,
United States Postal Service,36.1460518,-82.4159384,post office,y,y,Erwin TN,201 North Main Avenue  Erwin,https://www.google.com/maps/place/?q=place_id:ChIJSQfIy05uWogR7hBTLi8rdJI,,
United States Postal Service,36.2860929,-82.1649927,post office,y,y,Hampton TN,433 U.S. 321  Hampton,https://www.google.com/maps/place/?q=place_id:ChIJ_fvo45-BUIgRr3_K0fu-JtQ,,
United States Postal Service,36.6360786,-81.7898702,post office,y,y,Damascus VA,211 North Reynolds Street  Damascus,https://www.google.com/maps/place/?q=place_id:ChIJKbskftpAUIgR-npPCpAdMnA,,
United States Postal Service,36.7025903,-81.4390971,post office,y,y,Troutdale VA,93 Ripshin Road  Troutdale,https://www.google.com/maps/place/?q=place_id:ChIJIa9d1cTLUYgRb7N05VCojOM,,
United States Postal Service,36.8322356,-81.5175569,post office,y,y,Marion VA,200 Pearl Avenue  Marion,https://www.google.com/maps/place/?q=place_id:ChIJXcdOvFItUIgRWydTEg2yNxo,,
United States Postal Service,37.1002684,-81.1161054,post office,y,y,Bland VA,207 Jackson Street  Bland,https://www.google.com/maps/place/?q=place_id:ChIJf79qsq0ZTogRMR5U6pZZjn4,,
United States Postal Service,37.3281096,-80.7356715,post office,y,y,Pearisburg VA,206 North Main Street  Pearisburg,https://www.google.com/maps/place/?q=place_id:ChIJsc2jLo7eTYgRAgU6v338Xz4,,
United States Postal Service,37.4062371,-79.9129951,post office,y,y,Daleville VA,1492 Roanoke Road  Daleville,https://www.google.com/maps/place/?q=place_id:ChIJ0-LAgc4aTYgRWoWR9ZsfSn0,,
United States Postal Service,37.6314776,-79.4494276,post office,y,y,Glasgow VA,805 Blue Ridge Road  Glasgow,https://www.google.com/maps/place/?q=place_id:ChIJqTLns8rTTIgRkUWPvaU9RYE,,
United States Postal Service,37.7340379,-79.353546,post office,y,y,Buena Vista VA,2071 Forest Avenue  Buena Vista,https://www.google.com/maps/place/?q=place_id:ChIJ22o7Xmkzs4kRJo4dSRRZpuk,,
United States Postal Service,38.0675991,-78.8893582,post office,y,y,Waynesboro VA,200 South Wayne Avenue  Waynesboro,https://www.google.com/maps/place/?q=place_id:ChIJE-MR-aNjs4kRGEvxHv1WudI,,
United States Postal Service,38.0708933,-78.8750104,post office,y,y,Waynesboro VA,422 North Commerce Avenue  Waynesboro,https://www.google.com/maps/place/?q=place_id:ChIJ44Wdgg9js4kRO4vROCiaw-A,,
United States Postal Service,38.6647446,-78.4604213,post office,y,y,Luray VA,102 South Broad Street  Luray,https://www.google.com/maps/place/?q=place_id:ChIJCXHcxQlOtIkRJ-zDFjls070,,
United States Postal Service,38.9232911,-78.1923017,post office,y,y,Front Royal VA,120 East 3rd Street  Front Royal,https://www.google.com/maps/place/?q=place_id:ChIJEcsXGNLFtYkRUu32TS1pOuM,,
United States Postal Service,39.3265327,-77.7450621,post office,y,y,Harpers Ferry WV,1010 Washington Street  Harpers Ferry,https://www.google.com/maps/place/?q=place_id:ChIJo212TlMdtokRrdl5-3QdN1A,,
United States Postal Service,39.6541423,-77.5704604,post office,y,y,Smithsburg MD,43 Grove Lane  Smithsburg,https://www.google.com/maps/place/?q=place_id:ChIJYx1rc1uVyYkRAv0OnczUb6g,,
United States Postal Service,39.6441559,-77.5849999,post office,y,y,Smithsburg MD,22509 Cavetown Church Road  Cavetown,https://www.google.com/maps/place/?q=place_id:ChIJWXTwgDWVyYkRICyYbQ97un8,,
United States Postal Service,39.9107887,-77.5598871,post office,y,y,Fayetteville PA,4025 Lincoln Way East  Fayetteville,https://www.google.com/maps/place/?q=place_id:ChIJ8wGNWdihyYkRlvGW5_qlNIs,,
United States Postal Service,40.1505144,-77.1270456,post office,y,y,Boiling Springs PA,3 East 1st Street  Boiling Springs,https://www.google.com/maps/place/?q=place_id:ChIJvfLWoN3jyIkR5zRB3cHDlF0,,
United States Postal Service,40.2030415,-77.1903063,post office,y,y,Carlisle PA,66 West Louther Street  Carlisle,https://www.google.com/maps/place/?q=place_id:ChIJAcHl7dThyIkRKOjc-xsEXLs,,
United States Postal Service,40.2029697,-77.1903893,post office,y,y,Carlisle PA,1 Carlisle Barracks  Carlisle,https://www.google.com/maps/place/?q=place_id:ChIJSe-jMzHgyIkRJCEZXxBy0o4,,
United States Postal Service,40.3925542,-77.0292905,post office,y,y,Duncannon PA,203 North Market Street  Duncannon,https://www.google.com/maps/place/?q=place_id:ChIJc8BfiwvQyIkRvY8VA63V3bQ,,
United States Postal Service,40.550441,-76.383646,post office,y,y,Pine Grove PA,103 Snyder Avenue  Pine Grove,https://www.google.com/maps/place/?q=place_id:ChIJIyQYv7X-xYkReP2k_sCFwuE,,
United States Postal Service,40.5560482,-75.9846371,post office,y,y,Hamburg PA,50 North 3rd Street  Hamburg,https://www.google.com/maps/place/?q=place_id:ChIJ763g0nrbxYkRvhJlccs7dC0,,
United States Postal Service,40.7993196,-75.614849,post office,y,y,Palmerton PA,128 Delaware Avenue Frnt  Palmerton,https://www.google.com/maps/place/?q=place_id:ChIJx8jbNJlOxIkRTufsOBPeOlI,,
United States Postal Service,40.8112555,-75.5907286,post office,y,y,Palmerton PA,100 Little Gap Road  Aquashicola,https://www.google.com/maps/place/?q=place_id:ChIJtzurb_ZOxIkRIcuYJ5vUuls,,
United States Postal Service,40.850886,-75.2918863,post office,y,y,Wind Gap PA,138 North Broadway  Wind Gap,https://www.google.com/maps/place/?q=place_id:ChIJS69dWFRmxIkR2CyTt3IjbbI,,
United States Postal Service,40.9835705,-75.14273,post office,y,y,Delaware Water Gap PA,12 Shepard Avenue  Delaware Water Gap,https://www.google.com/maps/place/?q=place_id:ChIJGSDt48-HxIkRiT8mlo5prZs,,
United States Postal Service,41.3749208,-74.6919639,post office,y,y,Port Jervis NY,20 Sussex Street  Port Jervis,https://www.google.com/maps/place/?q=place_id:ChIJV99DBlJPw4kRW-z3J5R3rlw,,
United States Postal Service,41.370566,-74.6981377,post office,y,y,Port Jervis NY,6 Pennsylvania Avenue  Matamoras,https://www.google.com/maps/place/?q=place_id:ChIJuxcsrVBPw4kRqsV23bcCToA,,
United States Postal Service,41.3015257,-74.5620912,post office,y,y,Unionville NY,1 Main Street  Unionville,https://www.google.com/maps/place/?q=place_id:ChIJMbfVEfE4w4kRTVGah2KD2YI,,
United States Postal Service,41.1950586,-74.4830748,post office,y,y,Vernon NJ,530 County Road 515 Unit 13  Vernon Township,https://www.google.com/maps/place/?q=place_id:ChIJgw1MG-k9w4kRRDENZi0Gb8w,,
United States Postal Service,41.3079728,-74.1529218,post office,y,y,Harriman NY,88 New York 17M  Harriman,https://www.google.com/maps/place/?q=place_id:ChIJb--dgWvXwokRxSIvbu3VQTQ,,
United States Postal Service,41.3312479,-73.9875877,post office,y,y,Fort Montgomery NY,130 Firefighters Memorial Drive  Fort Montgomery,https://www.google.com/maps/place/?q=place_id:ChIJ_YE55GPOwokRM9ALnl8GYNk,,
United States Postal Service,41.3110678,-73.9874454,post office,y,y,Fort Montgomery NY,30 Service Road  Bear Mountain,https://www.google.com/maps/place/?q=place_id:ChIJ6QFUzVbOwokRbmUEX5olXoo,,
United States Postal Service,41.2895672,-73.9230162,post office,y,y,Peekskill NY,738 South Street  Peekskill,https://www.google.com/maps/place/?q=place_id:ChIJ468QkNrIwokRY9J8HwtaL8I,,
United States Postal Service,41.5638221,-73.6020919,post office,y,y,Pawling NY,10 Broad Street  Pawling,https://www.google.com/maps/place/?q=place_id:ChIJZ9kkRatb3YkRTJfAvxBGiww,,
United States Postal Service,41.7272295,-73.4718593,post office,y,y,Kent CT,31 Kent Green Boulevard  Kent,https://www.google.com/maps/place/?q=place_id:ChIJgxLH6ORh3YkRpintyxqw_2Q,,
United States Postal Service,41.9821203,-73.4223099,post office,y,y,Salisbury CT,22 Main Street  Salisbury,https://www.google.com/maps/place/?q=place_id:ChIJsaF8Xp9_54kRsa_svs_pqfw,,
United States Postal Service,42.1963424,-73.3614126,post office,y,y,Great Barrington MA,222 Main Street  Great Barrington,https://www.google.com/maps/place/?q=place_id:ChIJl8QkB8do54kRQz67qd10xpk,,
United States Postal Service,42.3052185,-73.2507566,post office,y,y,Lee MA,35 Frank  Consolati Way  Lee,https://www.google.com/maps/place/?q=place_id:ChIJt68lVGpD54kRDMrRoyIUOo8,,
United States Postal Service,42.4731257,-73.164254,post office,y,y,Dalton MA,609 Main Street  Dalton,https://www.google.com/maps/place/?q=place_id:ChIJuyn5yehL54kRed5iLjiMGJ8,,
United States Postal Service,42.5618495,-73.1578621,post office,y,y,Cheshire MA,214 Church Street  Cheshire,https://www.google.com/maps/place/?q=place_id:ChIJYQnguuy04IkR7L3KNbd8coI,,
United States Postal Service,42.6981581,-73.1107115,post office,y,y,North Adams MA,67 Summer Street  North Adams,https://www.google.com/maps/place/?q=place_id:ChIJtUxE6hW44IkRkvUnXUslx6Y,,
United States Postal Service,42.7105175,-73.2040451,post office,y,y,Williamstown MA,56 Spring Street  Williamstown,https://www.google.com/maps/place/?q=place_id:ChIJxyoKQhO64IkRYtsR8PSmJik,,
United States Postal Service,42.8765758,-73.1982993,post office,y,y,Bennington VT,108 Elm Street  Bennington,https://www.google.com/maps/place/?q=place_id:ChIJ0_Qyi2WW4IkRXFAN4xEa-Ik,,
United States Postal Service,43.1676854,-73.0474412,post office,y,y,Manchester Center VT,3452 Richville Road  Manchester Center,https://www.google.com/maps/place/?q=place_id:ChIJ8RvydlNe4IkRo30rgJXJxp4,,
United States Postal Service,43.1633619,-73.0730322,post office,y,y,Manchester Center VT,300 Seminary Avenue  Manchester,https://www.google.com/maps/place/?q=place_id:ChIJs-N0Xs5f4IkRPSozZGrmohk,,
United States Postal Service,43.6079116,-72.9823802,post office,y,y,Rutland VT,173 West Street  Rutland,https://www.google.com/maps/place/?q=place_id:ChIJewZdPX0k4IkRVIJFxQO8MXk,,
United States Postal Service,43.613209,-72.965174,post office,y,y,Rutland VT,86 Woodstock Avenue STE 2  Rutland,https://www.google.com/maps/place/?q=place_id:ChIJ4z1vSEMk4IkRqnWTF5COgT4,,
United States Postal Service,43.700657,-72.289287,post office,y,y,Hanover NH,50 South Main Street  Hanover,https://www.google.com/maps/place/?q=place_id:ChIJi02JzefJtEwRJJWT7jWd5Tk,,
United States Postal Service,43.7137172,-72.3087548,post office,y,y,Hanover NH,293 Main Street  Norwich,https://www.google.com/maps/place/?q=place_id:ChIJ97IpNKXJtEwRUrMfN6nRT-0,,
United States Postal Service,44.0335018,-71.6869316,post office,y,y,North Woodstock and Lincoln NH,159 Main Street Unit A  North Woodstock,https://www.google.com/maps/place/?q=place_id:ChIJE-2hpSuCtEwRj-f0DIJtVGc,,
United States Postal Service,44.0414537,-71.6712012,post office,y,y,North Woodstock and Lincoln NH,10 Lumber Yard Drive Unit 9  Lincoln,https://www.google.com/maps/place/?q=place_id:ChIJPYRmj4-BtEwRliuGvxushxM,,
United States Postal Service,44.3902207,-71.1824029,post office,y,y,Â Gorham NH,165 Main Street  Gorham,https://www.google.com/maps/place/?q=place_id:ChIJe3NYegrys0wRyUBpU1PecRg,,
United States Postal Service,44.6324366,-70.7497345,post office,y,y,Andover ME,6 Church Street  Andover,https://www.google.com/maps/place/?q=place_id:ChIJhXnBbtFgsUwRj_jBd3FBJI0,,
United States Postal Service,44.9657373,-70.643152,post office,y,y,Rangeley ME,2517 Main Street  Rangeley,https://www.google.com/maps/place/?q=place_id:ChIJx_L8i188sUwR6ufRLmY81AM,,
United States Postal Service,45.1404263,-70.4378819,post office,y,y,Stratton ME,95 Main Street  Stratton,https://www.google.com/maps/place/?q=place_id:ChIJlx51gArgsEwRpPOmJa2nIZk,,
United States Postal Service,45.2861046,-69.5004538,post office,y,y,Monson ME,2 Greenville Road  Monson,https://www.google.com/maps/place/?q=place_id:ChIJ87rW1ENqsEwRS8C8MtxSlKI,,
United States Postal Service,45.655073,-68.7086848,post office,y,y,Millinocket ME,113 Penobscot Avenue  Millinocket,https://www.google.com/maps/place/?q=place_id:ChIJo0NfDWazukwR5t9f_iBUc_o,,
US Military Academy Library,41.3914526,-73.9554952,library,,,Appalachian Market,758 Cullum Rd West Point,https://www.google.com/maps/place/?q=place_id:ChIJvx7sOJLMwokRofBbRROtFlE,,
U-Save-It Pharmacy,35.164117,-83.392083,pharmacy,y,y,Franklin TN,20 Franklin Plaza Dr  Franklin,https://www.google.com/maps/place/?q=place_id:ChIJIdvmqqclWYgRBMpHED1kOqU,,
Valley Coin Laundry,38.665605,-78.4502246,laundromat,1,,Luray VA,511-515 E Main St Luray VA 22835 USA,https://www.google.com/maps/place/?q=place_id:ChIJdbXemd9NtIkR77kjCwZC6QM,,
Valley Health Systems,38.6628601,-78.4698417,hospital,y,y,Luray VA,125 Memorial Drive  Luray,https://www.google.com/maps/place/?q=place_id:ChIJX6oaKwdOtIkRF_HVUlUXofE,,
Valley Laundry,41.214765199999995,-74.4932692,laundromat,1,,Vernon NJ,7 Vernon Crossing Rd Vernon Township NJ 07462 USA,https://www.google.com/maps/place/?q=place_id:ChIJ2YvRamA9w4kRgbS4bAJE6Ms,,
Vango/Abby Memorial Hostel,36.2161612,-82.0244893,hostel,y,y,Mountain Harbour Hostel,Cherokee National Forest  255 Phil Arnett Road  Roan Mountain,https://www.google.com/maps/place/?q=place_id:ChIJ9f3seHaPUIgR0qznNQaN_4Y,,
Vango/Abby Memorial Hostel,36.2161612,-82.0244893,hostel,y,y,The Appalachian Station at 19E,Cherokee National Forest  255 Phil Arnett Road  Roan Mountain,https://www.google.com/maps/place/?q=place_id:ChIJ9f3seHaPUIgR0qznNQaN_4Y,,
Vermont Discount Store,43.6128509,-72.9884187,grocery,y,y,Rutland VT,88 Cleveland Avenue  Rutland,https://www.google.com/maps/place/?q=place_id:ChIJWzA7ankk4IkRc-fIMbgOaMI,,
Victorian At Orange Square,41.3759829,-74.689374,hotel,,,Port Jervis NY,11 E Broome St Port Jervis NY 12771 USA,https://www.google.com/maps/place/?q=place_id:ChIJAQBkDE1Pw4kRQsmzDhSNBgM,,
Village Scrubboard,44.9621657,-70.6396714,laundromat,1,,Rangeley ME,2391 Main St Rangeley ME 04970 USA,https://www.google.com/maps/place/?q=place_id:ChIJ53dhO1k8sUwR0x0JTtGnfoY,,
Village Taxi,41.3209621,-74.1847006,taxi,taxi,,Harriman NY,581 NY-17M Monroe,https://www.google.com/maps/place/?q=place_id:ChIJmXFTErvXwokR1LbClEgzVDQ,(845) 783-6112,http://villagetaxiny.com/
Virginia Creeper Lodge,36.6405556,-81.7968353,hotel,,,Damascus VA,706 N Beaver Dam Ave Damascus VA 24236 USA,https://www.google.com/maps/place/?q=place_id:ChIJLbmBUtpAUIgRGiF3vu8X76k,,
Von Canon Library,37.7408398,-79.351927,library,,,Buena Vista VA,1 University Hill Dr Buena Vista,https://www.google.com/maps/place/?q=place_id:ChIJ_RXH2WUzs4kR5sfwkMyJCPU,,
Waidner-Spahr Library,40.2027003,-77.198057,library,,,Carlisle PA,333 W High St Carlisle,https://www.google.com/maps/place/?q=place_id:ChIJtyHXryseyYkRVm6ws1B4QL0,,
Walgreens Pharmacy,34.9455061,-83.7540777,pharmacy,y,y,Hiawassee GA,131 South Main Street  Hiawassee,https://www.google.com/maps/place/?q=place_id:ChIJeanO6iwvX4gRYgaWvISnoP8,,
Walgreens Pharmacy,35.1634855,-83.3907852,pharmacy,y,y,Franklin TN,19 Sawmill Village Lane  Franklin,https://www.google.com/maps/place/?q=place_id:ChIJVVUVMaYlWYgR-J0-a28557k,,
Walgreens Pharmacy,35.711415,-83.5190079,pharmacy,y,y,Gatlinburg TN,811 Parkway  Gatlinburg,https://www.google.com/maps/place/?q=place_id:ChIJVyFx58RVWYgRkryixBFjxvY,,
Walgreens Pharmacy,36.1480378,-82.4137431,pharmacy,y,y,Erwin TN,401 North Main Avenue  Erwin,https://www.google.com/maps/place/?q=place_id:ChIJlTn7z0tuWogRmxDFyDSlUpk,,
Walgreens Pharmacy,36.8432956,-81.5018157,pharmacy,y,y,Marion VA,1102 North Main Street  Marion,https://www.google.com/maps/place/?q=place_id:ChIJF4AkfsfSUYgR634i3vdQ-V8,,
Walgreens Pharmacy,37.3267918,-80.7359064,pharmacy,y,y,Pearisburg VA,121 North Main Street  Pearisburg,https://www.google.com/maps/place/?q=place_id:ChIJOSEvGaHfTYgRNWuNMFFUglg,,
Walgreens Pharmacy,39.6419287,-77.5895371,pharmacy,y,y,Smithsburg MD,22411 Jefferson Boulevard  Smithsburg,https://www.google.com/maps/place/?q=place_id:ChIJFycqdNGVyYkRf_nHfAvqAyI,,
Walgreens Pharmacy,41.375806,-74.694171,pharmacy,y,y,Port Jervis NY,76 Pike Street  Port Jervis,https://www.google.com/maps/place/?q=place_id:ChIJVVWVF05Pw4kRLTGGj3mhgLY,,
Walgreens Pharmacy,41.2916017,-73.9144247,pharmacy,y,y,Peekskill NY,1201 Main Street  Peekskill,https://www.google.com/maps/place/?q=place_id:ChIJ4dRJet7IwokROy_L48-2iqM,,
Walgreens Pharmacy,42.3033171,-73.2469564,pharmacy,y,y,Lee MA,25 Park Street  Lee,https://www.google.com/maps/place/?q=place_id:ChIJAQDAoGxD54kRpZn-1str5ec,,
Walgreens Pharmacy,42.7025769,-73.183545,pharmacy,y,y,Williamstown MA,212 Main Street  Williamstown,https://www.google.com/maps/place/?q=place_id:ChIJedsN8ba74IkRTc7l-rmoJUI,,
Walgreens Pharmacy,42.8814044,-73.1982013,pharmacy,y,y,Bennington VT,194 North Street  Bennington,https://www.google.com/maps/place/?q=place_id:ChIJN0fPQjOX4IkRYJcPUsEf8-E,,
Walgreens Pharmacy,43.1779833,-73.0550087,pharmacy,y,y,Manchester Center VT,4993 Main Street Suite A  Manchester Center,https://www.google.com/maps/place/?q=place_id:ChIJQ3toZyxf4IkRHRYj0IRzBc8,,
Walgreens Pharmacy,43.6104251,-72.971233,pharmacy,y,y,Rutland VT,10 Woodstock Avenue  Rutland,https://www.google.com/maps/place/?q=place_id:ChIJP1YdE2ck4IkROM_f6IsQhRA,,
Walmart,36.846392,-81.5008322,grocery,y,y,Marion VA,1193 N Main St  Marion,https://www.google.com/maps/place/?q=place_id:ChIJRQjZFMfSUYgRHe6m1eH4Wv8,,
Walmart,43.6053053,-72.980631,grocery,y,y,Rutland VT,90 Shopping Plaza Rd  Rutland,https://www.google.com/maps/place/?q=place_id:ChIJ40MFsEQk4IkR804i0yeJIoI,,
Walmart Neighborhood Market,38.0720172,-78.8952278,grocery,y,y,Waynesboro VA,1211 W Broad St Ste A  Waynesboro,https://www.google.com/maps/place/?q=place_id:ChIJd2gxtbpjs4kR5iWNqbG4RM4,,
Walmart Pharmacy,35.1663203,-83.3647475,pharmacy,y,y,Franklin TN,273 Commons Dr  Franklin,https://www.google.com/maps/place/?q=place_id:ChIJP3-sZ5QkWYgRS3u_gx-mB0w,,
Walmart Pharmacy,36.846392,-81.5008322,pharmacy,y,y,Marion VA,1193 N Main St  Marion,https://www.google.com/maps/place/?q=place_id:ChIJRQjZFMfSUYgR1M520ubEdSk,,
Walmart Pharmacy,37.3290165,-80.7086242,pharmacy,y,y,Pearisburg VA,160 Kinter Way  Pearisburg,https://www.google.com/maps/place/?q=place_id:ChIJqx5lxJbeTYgRLTQQL8M1BJc,,
Walmart Pharmacy,38.0720172,-78.8952278,pharmacy,y,y,Waynesboro VA,1211 W Broad St Ste A  Waynesboro,https://www.google.com/maps/place/?q=place_id:ChIJd2gxtbpjs4kRHmFCdnr1Qio,,
Walmart Pharmacy,40.1891925,-77.1943451,pharmacy,y,y,Carlisle PA,60 Noble Blvd  Carlisle,https://www.google.com/maps/place/?q=place_id:ChIJd4K3JtnhyIkRgl6tOSyqfXg,,
Walmart Pharmacy,40.5640614,-76.0121716,pharmacy,y,y,Hamburg PA,1800 Tilden Ridge Dr  Hamburg,https://www.google.com/maps/place/?q=place_id:ChIJ786D7pDcxYkRfnZYhiyghlQ,,
Walmart Pharmacy,41.3167559,-74.148402,pharmacy,y,y,Harriman NY,288 Larkin Dr  Monroe,https://www.google.com/maps/place/?q=place_id:ChIJ1Yh5NhbXwokRf8cnjtm84dg,,
Walmart Pharmacy,42.8983402,-73.210368,pharmacy,y,y,Bennington VT,210 Northside Dr  Bennington,https://www.google.com/maps/place/?q=place_id:ChIJlbz47u2W4IkR-hNNwFLeU6E,,
Walmart Pharmacy,43.6053053,-72.980631,pharmacy,y,y,Rutland VT,90 Shopping Plaza Rd  Rutland,https://www.google.com/maps/place/?q=place_id:ChIJ7_H-sGIk4IkRq_Kv4crc4bc,,
Walmart Pharmacy,35.1663203,-83.3647475,pharmacy,y,y,Franklin TN,273 Commons Drive  Franklin,https://www.google.com/maps/place/?q=place_id:ChIJP3-sZ5QkWYgRS3u_gx-mB0w,,
Walmart Pharmacy,36.846392,-81.5008322,pharmacy,y,y,Marion VA,1193 North Main Street  Marion,https://www.google.com/maps/place/?q=place_id:ChIJRQjZFMfSUYgR1M520ubEdSk,,
Walmart Pharmacy,38.0720172,-78.8952278,pharmacy,y,y,Waynesboro VA,1211 West Broad Street Ste A  Waynesboro,https://www.google.com/maps/place/?q=place_id:ChIJd2gxtbpjs4kRHmFCdnr1Qio,,
Walmart Supercenter,35.1665068,-83.3654046,grocery,y,y,Franklin TN,273 Commons Dr  Franklin,https://www.google.com/maps/place/?q=place_id:ChIJqRQ5i5QkWYgR6VQeK6zF03o,,
Walmart Supercenter,37.329362,-80.7085492,grocery,y,y,Pearisburg VA,160 Kinter Way  Pearisburg,https://www.google.com/maps/place/?q=place_id:ChIJTS5O6jrcTYgR6ocjp4Q-cWU,,
Walmart Supercenter,40.1898979,-77.1946326,grocery,y,y,Carlisle PA,60 Noble Blvd  Carlisle,https://www.google.com/maps/place/?q=place_id:ChIJgSljUgoDxokRBYsSTpgFnJg,,
Walmart Supercenter,40.5640614,-76.0121716,grocery,y,y,Hamburg PA,1800 Tilden Ridge Dr  Hamburg,https://www.google.com/maps/place/?q=place_id:ChIJGc9LP5TcxYkRObFnMBCUnUI,,
Walmart Supercenter,41.3167559,-74.148402,grocery,y,y,Harriman NY,288 Larkin Dr  Monroe,https://www.google.com/maps/place/?q=place_id:ChIJ1Yh5NhbXwokRHpW-1TW-knY,,
Walmart Supercenter,42.8975719,-73.212162,grocery,y,y,Bennington VT,210 Northside Dr  Bennington,https://www.google.com/maps/place/?q=place_id:ChIJj9398O2W4IkRFyCsJn2L3Ps,,
Warren Memorial Hospital Op Center,38.9201962,-78.1905527,hospital,y,y,Front Royal VA,120 North Commerce Avenue  Front Royal,https://www.google.com/maps/place/?q=place_id:ChIJofe6KM7FtYkRPQzYet7nEB4,,
Washbucklers,43.609137600000004,-72.9869852,laundromat,1,,Rutland VT,147 State St Rutland VT 05701 USA,https://www.google.com/maps/place/?q=place_id:ChIJV7chK3wk4IkRvz1--0x41GA,,
WashClub Lehigh Valley,40.8509932,-75.291229,laundromat,1,,Wind Gap PA,147 N Broadway Wind Gap PA 18091 USA,https://www.google.com/maps/place/?q=place_id:ChIJ994pUlRmxIkR_rKNDIvzcE0,,
Washpot Laundry,35.4687929,-83.3066544,laundromat,1,,Cherokee NC,Whittier NC 28789 USA,https://www.google.com/maps/place/?q=place_id:ChIJgbJ1ZNhDWYgRNoeDx1G9mwA,,
Water Gap Wellness Inn,40.9748461,-75.1479026,hotel,,,Delaware Water Gap PA,288 Mountain Rd Delaware Water Gap PA 18327 USA,https://www.google.com/maps/place/?q=place_id:ChIJXU9kn4KHxIkRJOeLetNvAlg,,
Waynesboro Laundry Land,38.073616,-78.8983993,laundromat,1,,Waynesboro VA,1319 W Broad St Waynesboro VA 22980 USA,https://www.google.com/maps/place/?q=place_id:ChIJ1fqxv7ljs4kRWPkIA0V05_k,,
Waynesboro Public Library,38.0619046,-78.8933471,library,,,Waynesboro VA,600 S Wayne Ave Waynesboro,https://www.google.com/maps/place/?q=place_id:ChIJmTpCa5hjs4kRXwyCcmKb6Ec,,
Waynesboro-BZ Laundromat,38.0695044,-78.8828919,laundromat,1,,Waynesboro VA,141 E Broad St Waynesboro VA 22980 USA,https://www.google.com/maps/place/?q=place_id:ChIJCerm0Qljs4kRf-FU6zgA_DE,,
Weary Feet Farm and Hostel LLC,37.164980299999996,-80.8987122,hostel,,,Trent's Grocery,13152 E Blue Grass Trail Bland VA 24315 USA,https://www.google.com/maps/place/?q=place_id:ChIJPc57h7MPTogR0qVIJHwldvI,,
Webster Hall,43.7044971,-72.28825,library,,,Hanover NH,Webster Hall 5 Wentworth St Hanover,https://www.google.com/maps/place/?q=place_id:ChIJM3OvzsLJtEwRjjVmV5ql7SY,,
Weis Markets Pharmacy,40.2014157,-77.181839,pharmacy,y,y,Carlisle PA,351 East High Street  Carlisle,https://www.google.com/maps/place/?q=place_id:ChIJ2USxeyoeyYkR74MJL6SBlUA,,
Weis Pharmacy,40.5554322,-75.9800484,pharmacy,y,y,Hamburg PA,552 State Street  Hamburg,https://www.google.com/maps/place/?q=place_id:ChIJVR22dm_bxYkRjpEdvhVdGUI,,
Wheeler’s Inn,36.634726,-81.787011,hotel,,,Damascus VA,203 E Laurel Ave Damascus VA 24236 USA,https://www.google.com/maps/place/?q=place_id:ChIJo2VmHNFAUIgREXxyha6SErM,,
White Mountain Motel and Cottages,44.051866800000006,-71.6886395,hotel,,,North Woodstock and Lincoln NH,170 US-3 Lincoln NH 03251 USA,https://www.google.com/maps/place/?q=place_id:ChIJ_RTrDSyCtEwRwNpw1W3Ag64,,
White Wolf Inn,45.1408081,-70.4428253,hotel,,,Stratton ME,146 Main St Stratton ME 04982 USA,https://www.google.com/maps/place/?q=place_id:ChIJYwIPQBrcsEwRia82GHT50sk,,
Wild Oats Market,42.7037618,-73.1867252,grocery,y,y,Williamstown MA,320 Main Street  Williamstown,https://www.google.com/maps/place/?q=place_id:ChIJH3rPTwO64IkRIBHcRmtuAoM,,
Wilder Club & Library,43.6740131,-72.3073267,library,,,Hanover NH,78 Norwich Ave White River Junction,https://www.google.com/maps/place/?q=place_id:ChIJUZTIHw7KtEwRMBl36uvHajw,,
Wilderness Edge Campground,45.675724300000006,-68.7232373,campground,,,Millinocket ME,71 Millinocket Lake Rd Millinocket ME 04462 USA,https://www.google.com/maps/place/?q=place_id:ChIJ295NtMW2ukwR1W3Q1e8qTDI,,
Williamstown Apothecary,42.7100993,-73.2043382,pharmacy,y,y,Williamstown MA,72 Spring Street  Williamstown,https://www.google.com/maps/place/?q=place_id:ChIJtxr6zzu74IkR3FqpCyFc4SE,,
Williamstown Motel,42.7028684,-73.1868104,hotel,,,Williamstown MA,295 Main St Williamstown MA 01267 USA,https://www.google.com/maps/place/?q=place_id:ChIJSVipPQO64IkRxL8ZycgHYwk,,
Willows Motel,42.706925,-73.19068,hotel,,,Williamstown MA,480 Main St Williamstown MA 01267 USA,https://www.google.com/maps/place/?q=place_id:ChIJAzAcqhu64IkREydv8ky20bw,,
Wind Gap Community Pharmacy,40.8399277,-75.297145,pharmacy,y,y,Wind Gap PA,31 West 1st Street  Wind Gap,https://www.google.com/maps/place/?q=place_id:ChIJXwqrK1RnxIkRLs4vhzDD3F0,,
Wolf Campground,35.4734256,-83.341932,hotel,,,Cherokee NC,427 Bird Town Rd Cherokee NC 28719 USA,https://www.google.com/maps/place/?q=place_id:ChIJVVVVVVVcWYgRZXYwIFmO_HQ,,
Wolf Campground,35.4734256,-83.341932,campground,,,Cherokee NC,427 Bird Town Rd Cherokee NC 28719 USA,https://www.google.com/maps/place/?q=place_id:ChIJVVVVVVVcWYgRZXYwIFmO_HQ,,
Woodbury Public Library - Ida Cornell Branch,41.3333501,-74.1203223,library,,,Harriman NY,23 Smith Clove Rd Central Valley,https://www.google.com/maps/place/?q=place_id:ChIJO4crli3RwokRxJzl7-U-5sc,,
Woodbury Public Library Rushmore Memorial Branch,41.3470698,-74.1277688,library,,,Harriman NY,16 County Rte 105 Highland Mills,https://www.google.com/maps/place/?q=place_id:ChIJRZFb467TwokRPYr2qQUVYNU,,
Woodchuck Hostel,36.6359876,-81.7935983,hostel,y,y,Damascus VA,533 Docie Street  Damascus,https://www.google.com/maps/place/?q=place_id:ChIJq84GottAUIgRuBTYaZIs8So,,
Woodstock Inn Brewery,44.0324305,-71.6869123,hotel,,,North Woodstock and Lincoln NH,135 Main St North Woodstock NH 03262 USA,https://www.google.com/maps/place/?q=place_id:ChIJk4vIkSuCtEwRLuByVe5F6ho,,
Wyndham Robertson Library,37.3549811,-79.9397152,library,,,Daleville VA,7950 E Campus Dr Roanoke,https://www.google.com/maps/place/?q=place_id:ChIJsV15678PTYgR37jHwTyJXzA,,
Yellow Deli Hikers Hostel,43.6066765,-72.9789932,hostel,,,Rutland VT,23 Center St Rutland VT 05701 USA,https://www.google.com/maps/place/?q=place_id:ChIJBRaU9GIk4IkRD6PcFBCJp6Y,,
Comfort Inn Blairsville Butternut Creek,34.8748588,-83.9647213,hotel,,,Blairsville GA,"90 Fisher St, Blairsville, GA 30512, USA",https://www.google.com/maps/place/?q=place_id:ChIJQ1DQa5oXX4gRVZyV3vw_V5k,,
Best Western Milton Inn,34.8756191,-83.9618761,hotel,,,Blairsville GA,"201 Hwy 515 W, Blairsville, GA 30512, USA",https://www.google.com/maps/place/?q=place_id:ChIJAabD-ZAXX4gRKmAwxdZtGds,,
Seasons Inn Motel & Plaza,34.876680199999996,-83.9581847,hotel,,,Blairsville GA,"94 Town Sq, Blairsville, GA 30512, USA",https://www.google.com/maps/place/?q=place_id:ChIJHV87jpEXX4gRp2shiQCj9Sw,,
Creekside Cottages,34.8834565,-83.9517427,hotel,,,Blairsville GA,"20 Cottage Crk Wy, Blairsville, GA 30512, USA",https://www.google.com/maps/place/?q=place_id:ChIJUXiu4SkXX4gRpFG1jIblbpk,,
Indian Grave Gap Campsite,34.8069469,-83.724388,campground,,,Hiawassee GA,"Indian Grave Gap Rd, Hiawassee, GA 30546, USA",https://www.google.com/maps/place/?q=place_id:ChIJUQRDGkExX4gRDKaALbehk2w,,
Stanimals Around the Bend,34.920332699999996,-83.6249338,hostel,,,Hiawassee GA,"7675 US-76, Hiawassee, GA 30546, USA",https://www.google.com/maps/place/?q=place_id:ChIJi4YVlFMtX4gResjDi1cf3Ek,,
