Name,Latitude,Longitude,DistanceFromTrail(feet),Bearing(degrees),DistanceAlongTrail(miles),Source CSV,Row Number,ResupplyCityLat,ResupplyCityLong,MilestoTown,RouteID
Penny Road,41.609459,-73.62741,unclassified,,,crossing.csv,,,,,
2nd Alley,40.39606800680033,-77.02734338,residential,394916,,crossing.csv,,,,,
Albany Post Road,41.350567127682574,-73.92595661,trunk,2007688,US 9;US 6 Alt;US 202 Alt,crossing.csv,,,,,
Alhambra Road,37.77994089999999,-79.1822088,unclassified,2007649,,crossing.csv,,,,,
Allen Street,43.70146392365931,-72.2895069,unclassified,2007646,,crossing.csv,,,,,
Ann Street,40.39145580865776,-77.03104782,tertiary,394916,,crossing.csv,,,,,
Anthony Wayne Drive,41.2990287,-74.0277209,unclassified,2007688,,crossing.csv,,,,,
Anthony Wayne Trail,41.3003283,-74.0255677,track,2007688,,crossing.csv,,,,,
Appalachian And Lakeshore Trailhead Parking,35.4604453,-83.8110764,service,2007645,,crossing.csv,,,,,
Appalachian Drive,40.21835900205782,-77.10634887,unclassified,394916,,crossing.csv,,,,,
Appalachian Drive,40.22058130000033,-77.1029874,residential,394916,,crossing.csv,,,,,
Appalachian Trail Road,40.0797409,-77.1929029,residential,394916,,crossing.csv,,,,,
Appalachian Trail Service/ Access Road,40.25144334581686,-77.10374541,service,394916,,crossing.csv,,,,,
Appalachian Trail; Long Trail,43.0597616,-72.9699931,track,392991,,crossing.csv,,,,,
Appalachian Trail; Long Trail,43.05334699999642,-72.9746469,track,392991,,crossing.csv,,,,,
Appalachian Trail;Long Trail,43.1540226,-73.0083646,track,392991,,crossing.csv,,,,,
Apple Street,40.39007003403079,-77.03102057,service,394916,,crossing.csv,,,,,
Arden Valley Road,41.266800000000046,-74.158541,tertiary,2007688,,crossing.csv,,,,,
Arden Valley Road,41.2655514,-74.1542266,tertiary,2007688,,crossing.csv,,,,,
Arden Valley Road,41.27515235443422,-74.09410545,tertiary,2007688,,crossing.csv,,,,,
Arnoldstown Road,39.405727700000014,-77.6396702,residential,2007644,,crossing.csv,,,,,
Asheville Highway,35.98693661531356,-82.78678631,trunk,2007647,SR 70,crossing.csv,,,,,
Ashfield Road,40.769786,-75.694206,residential,394916,,crossing.csv,,,,,
Assisi Lane,41.35355020017904,-73.9173142,service,2007688,,crossing.csv,,,,,
Bake Oven Road,40.744394915932055,-75.73829117,unclassified,394916,,crossing.csv,,,,,
Bald Mountain Stream Road,45.27628025070724,-69.68991181,residential,2007932,,crossing.csv,,,,,
Ball Creek Road,35.0354605,-83.4700859,track,2007645,FS 83,crossing.csv,,,,,
Baltimore Pike,40.09182270448228,-77.1678092,trunk,394916,PA 94,crossing.csv,,,,,
Barbour Street,42.696367594824416,-73.1566219,residential,2991960,,crossing.csv,,,,,
Barnard Road,43.6546828,-72.5656093,secondary,392991,VT 12,crossing.csv,,,,,
Barrett Road,41.21435490000002,-74.4210428,tertiary,2007688,,crossing.csv,,,,,
Bartlett Brook Road,43.68510386782329,-72.53486465,residential,392991,,crossing.csv,,,,,
Bear Branch Road,36.17942614804866,-82.01246436,residential,2007647,,crossing.csv,,,,,
Bear Den Mountain Road,38.0654768,-78.8033371,service,2007649,,crossing.csv,,,,,
Bear Den Mountain Trail,38.0662011,-78.8007179,service,2007649,,crossing.csv,,,,,
Bear Den Mountian Road,38.06527887989416,-78.80373903,service,2007649,,crossing.csv,,,,,
Bear Mountain Bridge,41.3199109,-73.980228,trunk,2007688,US 6;US 202,crossing.csv,,,,,
Bear Mountain-Beacon Highway,41.3225321,-73.9760973,secondary,2007688,NY 9D;US 6 Alt;US 202 Alt,crossing.csv,,,,,
Bear Mountain-Beacon Highway,41.3200392,-73.9794749,secondary,2007688,NY 9D;US 6 Alt;US 202 Alt,crossing.csv,,,,,
Bear River Road,44.59023219726073,-70.94643717,secondary,2007932,ME 26,crossing.csv,,,,,
Beartown Mountain Road,42.2293756,-73.2479796,unclassified,2991960,,crossing.csv,,,,,
Beauty Spot Gap Road,36.116081904092425,-82.34900781,track,2007647,,crossing.csv,,,,,
Beech Grove Road,37.901287442043625,-78.98521089,tertiary,2007649,SR 664,crossing.csv,,,,,
Beech Hill Road,44.89248412230421,-70.53507771,unclassified,2007932,,crossing.csv,,,,,
Beech Mountain Road,36.63725595389833,-81.64041185,residential,2007649,SR 601,crossing.csv,,,,,
Bemis Road,44.83482829999999,-70.7241805,service,2007932,,crossing.csv,,,,,
Ben Creek Road,35.222324116091556,-83.56225303,residential,2007645,,crossing.csv,,,,,
Bendersville Lane,40.031786,-77.309209,unclassified,394916,,crossing.csv,,,,,
Bendersville Road,40.032004,-77.3074641,unclassified,394916,,crossing.csv,,,,,
Bernheisel Bridge Road,40.24430859999999,-77.1012537,residential,394916,,crossing.csv,,,,,
Bernheisel Bridge Road,40.2486901,-77.102121,residential,394916,,crossing.csv,,,,,
Bernheisel Bridge Road,40.24037799999999,-77.0999729,residential,394916,,crossing.csv,,,,,
Big Bald Road,35.9914665,-82.4877596,service,2007647,,crossing.csv,,,,,
Big Bald Road,35.99103508693231,-82.49028014,service,2007647,,crossing.csv,,,,,
Big Butt Road,36.06636819999999,-82.6323142,track,2007647,FS 94A,crossing.csv,,,,,
Big Butt Road,36.065784214269485,-82.63572718,track,2007647,FS 94A,crossing.csv,,,,,
Big Butt Road,36.065030311345005,-82.63868541,track,2007647,FS 94A,crossing.csv,,,,,
Big Stony Creek Road,37.41416179849534,-80.58411941,secondary,2007649,SR 635,crossing.csv,,,,,
Blacksburg Road,37.35755711307765,-80.14295228,secondary,2007649,SR 785,crossing.csv,,,,,
Blotz Road,42.409397,-73.149774,residential,2991960,,crossing.csv,,,,,
Blue Hill Road,42.1950749,-73.2850214,residential,2991960,,crossing.csv,,,,,
Blue Mountain Drive,40.80790975791719,-75.53466812,tertiary,394916,,crossing.csv,,,,,
Blue Mountain Road,40.57442247170386,-76.01966829,tertiary,394916,,crossing.csv,,,,,
Blue Mountain Road,39.711101458242084,-77.51616921,track,2007644,,crossing.csv,,,,,
Blue Ridge Parkway,37.47951658159464,-79.68264162,secondary,2007649,,crossing.csv,,,,,
Blue Ridge Parkway,37.474150443399054,-79.6922173,secondary,2007649,,crossing.csv,,,,,
Blue Ridge Parkway,37.90720357,-78.9794507,secondary,2007649,,crossing.csv,,,,,
Blue Ridge Parkway,37.941280999904954,-78.93671434,secondary,2007649,,crossing.csv,,,,,
Blue Ridge Parkway,37.53766951693962,-79.49551162,secondary,2007649,,crossing.csv,,,,,
Blue Ridge Parkway,37.52460237476558,-79.5052346,secondary,2007649,,crossing.csv,,,,,
Blue Ridge Parkway,37.43140014409186,-79.75003871,secondary,2007649,,crossing.csv,,,,,
Blue Ridge Parkway,38.03095369999999,-78.8579771,secondary,2007649,,crossing.csv,,,,,
Blue Ridge Parkway,37.44547718511914,-79.72614783,secondary,2007649,,crossing.csv,,,,,
Blue Ridge Parkway,37.674049165587476,-79.33443629,secondary,2007649,,crossing.csv,,,,,
Blue Ridge Road,34.66361039138355,-84.12960753,unclassified,2007643,FS 42,crossing.csv,,,,,
Blue Ridge Road,34.65300553550959,-84.08464454,unclassified,2007643,FS 42,crossing.csv,,,,,
Blue Ridge Road,34.63752842193976,-84.19532328,unclassified,2007643,FS 42,crossing.csv,,,,,
Blue Ridge Road,34.652152,-84.032289,unclassified,,,crossing.csv,,,,,
Boardman Street,42.144247,-73.352927,residential,2991960,,crossing.csv,,,,,
Bobblet Gap Road,37.46792075689431,-79.69912599,track,2007649,FR 4008,crossing.csv,,,,,
Boiling Springs Road,40.15087499999987,-77.1227664,secondary,394916,PA 174,crossing.csv,,,,,
Boise Road,45.272636799999994,-69.9241418,residential,2007932,,crossing.csv,,,,,
Boonsboro Mountain Road,39.5346745,-77.60778,secondary,2007644,,crossing.csv,,,,,
Boonsboro Mountain Road,39.52781192226541,-77.61274486,secondary,2007644,,crossing.csv,,,,,
Boyer Road,40.190030161154574,-77.10758154,residential,394916,,crossing.csv,,,,,
Bridge Street,35.89357590000001,-82.8218848,primary,2007647,US 25;US 70,crossing.csv,,,,,
Bridge Street,35.89206439017307,-82.82894019,primary,2007647,US 25;US 70,crossing.csv,,,,,
Bridger Tract,36.156769198154585,-82.21966456,track,2007647,FS 53301,crossing.csv,,,,,
Brink Road,41.15098026034084,-74.83780236,track,2007688,,crossing.csv,,,,,
Broad Street,40.580219659198875,-76.0250284,residential,394916,,crossing.csv,,,,,
Broadway (Old Route 115),40.86130904677837,-75.29437828,primary,394916,,crossing.csv,,,,,
Broadway Avenue,40.39271524753453,-77.03033914,residential,394916,,crossing.csv,,,,,
Browns Gap Fire Road,38.240641,-78.710874,track,2007649,,crossing.csv,,,,,
Browns Gap Road,38.240641,-78.710874,service,2007649,SR 663,crossing.csv,,,,,
Buchanan Trail East,39.7414529,-77.4903498,primary,394916,PA 16,crossing.csv,,,,,
Bucher Hill Road,40.15067473571283,-77.12397268,residential,394916,,crossing.csv,,,,,
Bucher Hill Road,40.14784295420558,-77.12470949,residential,394916,,crossing.csv,,,,,
Buck Mountain Road,36.201312500000014,-81.9989903,residential,2007647,,crossing.csv,,,,,
Buena Vista Road,39.72475407620087,-77.49447356,residential,394916,,crossing.csv,,,,,
Bulls Bridge Road,41.67576960580858,-73.51447446,tertiary,3352289,,crossing.csv,,,,,
Bunkerhill Road,40.03828494145862,-77.32864363,unclassified,394916,,crossing.csv,,,,,
Burkes Garden Road,37.0770689,-81.3070118,tertiary,2007649,SR 623,crossing.csv,,,,,
Burton Woods Road,43.724009,-72.38912999,track,392991,,crossing.csv,,,,,
Campbell Hollow Road,36.204099592711415,-81.99732881,residential,2007647,,crossing.csv,,,,,
Canaan Road,41.98909429054313,-73.41754536,trunk,3352289,US 44,crossing.csv,,,,,
Canopus Hill Road,41.38743289999999,-73.8789475,unclassified,2007688,,crossing.csv,,,,,
Cape Moonshine Road,43.915781489320565,-71.9644599,unclassified,2007646,,crossing.csv,,,,,
Caribou Valley Road,45.03960789653329,-70.34467917,track,2007932,,crossing.csv,,,,,
Carlisle Road,40.0797409,-77.1929029,primary,394916,PA 34,crossing.csv,,,,,
Carnegie Road,41.288632,-74.538887,residential,2007688,,crossing.csv,,,,,
Carrabassett Road,45.10353888545407,-70.35680723,primary,2007932,ME 27;ME 16,crossing.csv,,,,,
Carrying Place Road,45.203379370664365,-70.07306615,service,2007932,,crossing.csv,,,,,
Carter Notch,44.2616561,-71.1956126,,2007646,,crossing.csv,,,,,
Catamount Trail,43.56473354772596,-72.84942677,track,392991,,crossing.csv,,,,,
Catawba Valley Drive,37.380308528720626,-80.08927526,primary,2007649,VA 311,crossing.csv,,,,,
Catherine Street,42.69397885354859,-73.15712535,residential,2991960,,crossing.csv,,,,,
Catpen Road,35.82537658205697,-82.9374777,track,2007647,FS 3505,crossing.csv,,,,,
Cemetery Lane,43.702454846437014,-72.29210627,service,2007646,,crossing.csv,,,,,
Cemetery Street,40.400481188064234,-77.02139018,residential,394916,,crossing.csv,,,,,
Centennial Avenue,42.47189266393484,-73.15671189,residential,2991960,,crossing.csv,,,,,
Chambersburg Water Line Trail,39.90996456783277,-77.48653517,track,394916,,crossing.csv,,,,,
Chapman Road,41.37906860456296,-73.89578551,residential,2007688,,crossing.csv,,,,,
Charles Town Pike,39.261093035538735,-77.76226208,trunk,2007649,VA 9,crossing.csv,,,,,
Charlies Creek Road,34.95865619538454,-83.59634401,track,2007643,,crossing.csv,,,,,
Chase Hill Drive/Snowmobile ITS 82,44.590362,-70.9476152,track,2007932,,crossing.csv,,,,,
Chateauguay Road,43.689445,-72.673861,residential,392991,,crossing.csv,,,,,
Cherry Street,40.39509211933233,-77.02841525,residential,394916,,crossing.csv,,,,,
Chestnut Street,40.394576400010706,-77.02894161,residential,394916,,crossing.csv,,,,,
Church Street,42.562032521439875,-73.15706455,tertiary,2991960,,crossing.csv,,,,,
Civilian Conservation Corps Road,38.88069252227113,-78.10530978,service,2007649,,crossing.csv,,,,,
Clark Street,40.39704244485692,-77.0260289,tertiary,394916,,crossing.csv,,,,,
Clarks Valley Road,40.451842,-76.776174,secondary,394916,PA 325,crossing.csv,,,,,
Clement Shelter Road,43.557077000000035,-72.854566,residential,392991,,crossing.csv,,,,,
Clendennin Road,37.36468226311008,-80.74979613,residential,2007649,SR 641,crossing.csv,,,,,
Cloudland Road,43.68720100000001,-72.500511,unclassified,392991,,crossing.csv,,,,,
Cobble Road,41.99013399999996,-73.4192985,residential,3352289,,crossing.csv,,,,,
Cold River Road,43.53705000000007,-72.8714079,tertiary,392991,,crossing.csv,,,,,
Cold Spring Turnpike,41.4532261,-73.8365428,secondary,2007688,NY 301,crossing.csv,,,,,
Coleman Gap,35.0052418,-83.5101796,,2007645,,crossing.csv,,,,,
Comers Creek Road,36.72050350159458,-81.46181541,unclassified,2007649,SR 650,crossing.csv,,,,,
Connector path,39.144559950507194,-77.83146771,track,2007649,,crossing.csv,,,,,
Cornwall Bridge Road,41.8230568,-73.3866411,secondary,3352289,CT 4,crossing.csv,,,,,
Corridor 7,43.21699919549675,-72.96312542,track,392991,,crossing.csv,,,,,
Corridor 95,42.53956288598348,-73.14600251,track,2991960,,crossing.csv,,,,,
Country Club Road,40.2486901,-77.102121,residential,394916,,crossing.csv,,,,,
County Road,42.77501389999999,-73.1330951,unclassified,392991,,crossing.csv,,,,,
County Road,42.3332732,-73.1618581,residential,2991960,,crossing.csv,,,,,
Courtright Road,41.324724990266425,-74.63157026,residential,2007688,,crossing.csv,,,,,
Crabtree Falls Highway,37.838473866394175,-79.02311299,secondary,2007649,VA 56,crossing.csv,,,,,
Cranberry Peak Road,45.1131145,-70.3494753,track,2007932,,crossing.csv,,,,,
Crawford Notch Road,44.1709345,-71.3881339,primary,2007646,US 302,crossing.csv,,,,,
Creek Junction Road,36.64825464263779,-81.67230706,residential,2007649,SR 728,crossing.csv,,,,,
Crigger Road,41.22613466825798,-74.71043429,track,2007688,,crossing.csv,,,,,
Crosby Street,43.700976021125236,-72.28556505,unclassified,2007646,,crossing.csv,,,,,
Cross Avenue,37.32934411013877,-80.75110299,residential,2007649,SR 793,crossing.csv,,,,,
Cross Mountain Road,36.48133286441216,-81.96057119,residential,2007647,,crossing.csv,,,,,
Cumberland Street,40.39026099999764,-77.031661,residential,394916,,crossing.csv,,,,,
Daicey Pond Campground,45.88237984530018,-69.03166266,service,2007932,,crossing.csv,,,,,
Davis Valley Road,36.897483346046116,-81.36905405,tertiary,2007649,SR 617,crossing.csv,,,,,
Dawn Hill Road,41.80771105558088,-73.39388162,residential,3352289,,crossing.csv,,,,,
Deckertown Turnpike,41.25226260000001,-74.6893122,primary,2007688,CR 650,crossing.csv,,,,,
Deep Gap,35.0395963,-83.5526847,,2007645,,crossing.csv,,,,,
Deep Gap Road,35.0395963,-83.5526847,unclassified,2007645,FS 71,crossing.csv,,,,,
Deer Lick Track,39.777315899947524,-77.48134294,track,394916,,crossing.csv,,,,,
Deerwood Circle,42.17631331042943,-73.29135713,residential,2991960,,crossing.csv,,,,,
Dennis Cove Road,36.26421129632111,-82.123212,residential,2007647,,crossing.csv,,,,,
Dennytown Road,41.42049149999999,-73.8689675,tertiary,2007688,,crossing.csv,,,,,
Depot Hill Road,41.57126705255254,-73.68050935,residential,2007688,,crossing.csv,,,,,
Depot Street,42.4695205,-73.1589536,tertiary,2991960,,crossing.csv,,,,,
Disabled Hunters Access Road,36.63898162513177,-81.71008457,track,2007649,,crossing.csv,,,,,
Dock Street,40.58017065830565,-76.02559837,residential,394916,,crossing.csv,,,,,
Dora's Lane,35.891646281585444,-82.82984212,service,2007647,,crossing.csv,,,,,
Dorchester Road,43.792658,-72.103123,unclassified,2007646,,crossing.csv,,,,,
Douglas Drive,36.63079907929219,-81.78326265,trunk,2007649,US 58;VA 91,crossing.csv,,,,,
Douglas Drive,36.634004999999334,-81.78365,trunk,2007649,US 58;VA 91,crossing.csv,,,,,
Duell Hollow Road,41.63748006217673,-73.53064257,residential,2007688,,crossing.csv,,,,,
Dug Hill Trail,39.97545006831446,-77.466709,track,394916,,crossing.csv,,,,,
Dugway Road,41.958059,-73.3709973,tertiary,3352289,,crossing.csv,,,,,
Dutch Hollow Road,41.27367965539855,-74.25421297,tertiary,2007688,CR 5,crossing.csv,,,,,
East 3rd Street,36.634005,-81.78365,trunk,2007649,US 58,crossing.csv,,,,,
East 4th Street,36.63294922123525,-81.78352319,residential,2007649,SR T1215,crossing.csv,,,,,
East 5th Street,36.631822639020115,-81.78338668,residential,2007649,SR T1209,crossing.csv,,,,,
East B Hill Road,44.66789509999999,-70.893029,residential,2007932,,crossing.csv,,,,,
East Housatonic Street,42.4695205,-73.1589536,tertiary,2991960,,crossing.csv,,,,,
East Laurel Avenue,36.63400952741341,-81.78512601,trunk,2007649,US 58,crossing.csv,,,,,
East Main Street,42.561648,-73.154608,residential,2991960,,crossing.csv,,,,,
East Mombasha Road,41.2662228,-74.1939907,tertiary,2007688,,crossing.csv,,,,,
Elk Pen Road,41.2648195,-74.1543065,service,2007688,,crossing.csv,,,,,
Elm Street,43.70899400000003,-72.318334,residential,392991,,crossing.csv,,,,,
Elon Road,37.59676951175086,-79.39001105,trunk,2007649,US 501;VA 130,crossing.csv,,,,,
Enoch Hollow Road,39.9470816,-77.4912226,track,394916,,crossing.csv,,,,,
Etna Road,43.70394621,-72.21196562,tertiary,2007646,,crossing.csv,,,,,
Fairwood Road,36.696628135464096,-81.50639346,tertiary,2007649,SR 603,crossing.csv,,,,,
Falls Mountain Road,41.95828972300248,-73.37065496,tertiary,3352289,,crossing.csv,,,,,
Fegley Road,39.9830022,-77.4294432,track,394916,,crossing.csv,,,,,
Ferguson Road,41.321477,-74.616495,residential,2007688,,crossing.csv,,,,,
Fiery Run Road,38.89753536997701,-78.07181149,unclassified,2007649,SR 638,crossing.csv,,,,,
Fisher Street,40.38676519127344,-77.03159103,residential,394916,,crossing.csv,,,,,
Fiske Street,42.565276622658544,-73.1556563,residential,2991960,,crossing.csv,,,,,
Flat Top Road,36.04461824514247,-82.42761798,track,2007647,FS 278,crossing.csv,,,,,
Flatbrookville - Stillwater Road,41.08938349512181,-74.91227273,unclassified,2007688,624,crossing.csv,,,,,
Fontana Dam Road,35.4516345,-83.8004119,unclassified,2007645,,crossing.csv,,,,,
Fontana Dam Road,35.45271229999996,-83.8025029,unclassified,2007645,,crossing.csv,,,,,
Fontana Road,35.441100286582085,-83.79543023,secondary,2007645,NC 28,crossing.csv,,,,,
Forest Highway 71,43.053807264120515,-72.99023332,unclassified,392991,NF 71,crossing.csv,,,,,
Forest Road,40.00814059999999,-77.3948032,track,394916,,crossing.csv,,,,,
Forest Road,40.01855245529276,-77.3808196,track,394916,,crossing.csv,,,,,
Forest Road 383,43.06105913001577,-72.96780933,track,392991,FR 383,crossing.csv,,,,,
Forest Road 86,36.853812736614245,-81.36468269,track,2007649,,crossing.csv,,,,,
Fort Franklin Road,40.69429067785782,-75.84167123,residential,394916,,crossing.csv,,,,,
Forth Street,40.396488282155495,-77.02677645,service,394916,,crossing.csv,,,,,
Foxville Road,39.63705372228715,-77.54122036,primary,2007644,MD 77,crossing.csv,,,,,
FR 246,37.788925011231534,-79.17197151,track,2007649,,crossing.csv,,,,,
FR 246,37.82506089999998,-79.1426727,track,2007649,,crossing.csv,,,,,
FR 507,37.727169,-79.2435849,track,2007649,,crossing.csv,,,,,
Fritz Avenue,40.40116999999999,-77.020461,residential,394916,,crossing.csv,,,,,
FS 148A,35.77303030969302,-82.9957572,track,2007647,FS 148A,crossing.csv,,,,,
FS 225701,35.7748875,-83.1092817,track,2007647,FS 225701,crossing.csv,,,,,
FS 225702,35.777892641453356,-83.11096202,track,2007647,FS 225702,crossing.csv,,,,,
FS 3210,35.98594148425594,-82.78562692,track,2007647,FS 3210,crossing.csv,,,,,
FS 3503,35.85089940210626,-82.88500684,track,2007647,FS 3503,crossing.csv,,,,,
FS 3506,35.85357282941327,-82.89635292,track,2007647,FS 3506,crossing.csv,,,,,
FS 3534,35.792730577402885,-82.95821692,track,2007647,FS 3534,crossing.csv,,,,,
FS 3535,35.80131887810992,-82.94526894,track,2007647,FS 3535,crossing.csv,,,,,
FS 5506,36.04469283368395,-82.42772434,track,2007647,FS 5506,crossing.csv,,,,,
Furnace Hill Road,42.55939109062784,-73.15484125,residential,2991960,,crossing.csv,,,,,
GA 60,34.677622182456716,-83.99998121,secondary,2007643,GA 60,crossing.csv,,,,,
Gaddistown Road,34.6530261,-84.08453531,track,2007643,FS 15,crossing.csv,,,,,
Gainesville Highway,34.73543149499307,-83.91816048,trunk,2007643,US 19;US 129;GA 11,crossing.csv,,,,,
Gapland Road,39.4057277,-77.6396702,tertiary,2007644,,crossing.csv,,,,,
Geary Wolfe Road,40.5069112,-76.3771108,secondary,394916,PA 645,crossing.csv,,,,,
Gemmer Road,41.31639135182715,-74.6081492,residential,2007688,,crossing.csv,,,,,
Glade Mountain Road,36.83482454295682,-81.3705951,track,2007649,,crossing.csv,,,,,
Glenwood Horse Trail Alternate Loop,37.42491957753491,-79.75743545,track,2007649,3004F,crossing.csv,,,,,
Glenwood Road,41.248138,-74.497864,tertiary,2007688,CR 565,crossing.csv,,,,,
Golden Road,45.83514099999999,-68.9636861,tertiary,2007932,,crossing.csv,,,,,
Golden Road,45.835292798755475,-68.96968433,tertiary,2007932,,crossing.csv,,,,,
Goldsmith Lane,41.30448327779646,-74.58191522,residential,2007688,,crossing.csv,,,,,
Goldsmith Road,41.30781900000001,-74.586641,residential,2007688,,crossing.csv,,,,,
Goodrich Road,41.31030529145498,-74.59322762,residential,2007688,,crossing.csv,,,,,
Goose Pond Road,43.753338799999995,-72.1245751,tertiary,2007646,,crossing.csv,,,,,
Goose Pond Road,42.2744233,-73.1842923,residential,2991960,,crossing.csv,,,,,
Grafton Turnpike,43.792658,-72.103123,unclassified,2007646,,crossing.csv,,,,,
Grange Hall Road,42.45642722,-73.16176,tertiary,2991960,,crossing.csv,,,,,
Grape Hollow Road,41.5442546,-73.7137407,residential,2007688,,crossing.csv,,,,,
Grassy Ridge Road,36.649815612662856,-81.66350119,residential,2007649,SR 859,crossing.csv,,,,,
Graymoor Village Road,41.352482382915206,-73.91970734,service,2007688,,crossing.csv,,,,,
Green Corner Road,35.78330609999999,-83.1092759,residential,2007647,,crossing.csv,,,,,
Green Corner Road,35.783099899999996,-83.1021685,residential,2007647,,crossing.csv,,,,,
Green Point School Road,40.490146703196054,-76.55135651,unclassified,394916,,crossing.csv,,,,,
Green Street,40.39387698782788,-77.02954785,residential,394916,,crossing.csv,,,,,
Greenville Road,41.32866769999999,-74.6432026,secondary,2007688,CR 519,crossing.csv,,,,,
Greenville Road,45.33122238328835,-69.53586565,primary,2007932,ME 6;ME 15,crossing.csv,,,,,
Grigg's Mountain Road,43.7186947,-72.3940633,track,392991,,crossing.csv,,,,,
Gulf Road,42.48166080000002,-73.1782695,residential,2991960,,crossing.csv,,,,,
Hangtown Road,45.27394935930838,-69.94500453,service,2007932,,crossing.csv,,,,,
Harper Savage Lane,43.7134551,-72.4166269,residential,392991,,crossing.csv,,,,,
Harr Road,36.5744768,-81.9152228,track,2007647,FS 69,crossing.csv,,,,,
Harry Byrd Highway,39.11601219999999,-77.8527292,trunk,2007649,VA 7,crossing.csv,,,,,
Haunted Hollow Road,39.9602544,-77.4822295,track,394916,,crossing.csv,,,,,
Hawk Mountain Road,40.63385212,-75.96071032,tertiary,394916,,crossing.csv,,,,,
Hercules Road,37.59702982461383,-79.38990189,track,2007649,FR 36;SR 812,crossing.csv,,,,,
Hercules Road,37.60500248246447,-79.38809562,track,2007649,FR 36;SR 812,crossing.csv,,,,,
Hickory Ridge Road,43.710990485072074,-72.32293679,residential,392991,,crossing.csv,,,,,
Hickory Street,40.39559338000486,-77.02790365,residential,394916,,crossing.csv,,,,,
High Street,40.39628638279712,-77.0270488,residential,394916,,crossing.csv,,,,,
High Street,43.9980637,-71.8822884,residential,2007646,,crossing.csv,,,,,
High Street,42.4805853,-73.1752679,tertiary,2991960,,crossing.csv,,,,,
Hightop Hut Access Road,38.330999825247666,-78.55982229,track,2007649,,crossing.csv,,,,,
Hogan Road,44.4041474,-71.1201659,residential,2007646,,crossing.csv,,,,,
Home Road,42.154894991252995,-73.34125578,residential,2991960,,crossing.csv,,,,,
Hopson Road,43.70897620841756,-72.31817585,unclassified,392991,,crossing.csv,,,,,
Horse Creek Road,36.0631854,-82.6430459,track,2007647,FS 94,crossing.csv,,,,,
Hortontown Road,41.514080828025754,-73.79169672,residential,2007688,,crossing.csv,,,,,
Hosner Mountain Road,41.54091357124925,-73.75302173,residential,2007688,,crossing.csv,,,,,
Housatonic River Road,41.9591942,-73.3730276,residential,3352289,,crossing.csv,,,,,
Housatonic River Road,41.96355925569099,-73.37267943,residential,3352289,,crossing.csv,,,,,
Howard Harrison Road,36.217415376802016,-82.03830152,track,2007647,FS 293,crossing.csv,,,,,
Hoyt Road,41.6410457,-73.520087,residential,3352289,,crossing.csv,,,,,
Huff Hill,35.89184127637658,-82.82942148,residential,2007647,,crossing.csv,,,,,
Hughes Gap Road,36.13678041765341,-82.14079479,residential,2007647,,crossing.csv,,,,,
Hurds Corner Road,41.5941221,-73.5836422,residential,2007688,,crossing.csv,,,,,
Hurricane Gap Road,35.9356925,-82.8058633,unclassified,2007647,FS 467,crossing.csv,,,,,
Hutchison Road,37.387723549085436,-80.46916701,unclassified,2007649,SR 632,crossing.csv,,,,,
Illsley Road,43.7186947,-72.3940633,track,392991,,crossing.csv,,,,,
Indian Gap Road Parking,35.60936329999999,-83.4465428,service,2007647,,crossing.csv,,,,,
Indian Grave Gap Road,34.79286688254061,-83.7142958,track,2007643,,crossing.csv,,,,,
Inn Road,40.38230000000003,-77.030177,residential,394916,,crossing.csv,,,,,
Inn Road,40.384156800000106,-77.0311694,residential,394916,,crossing.csv,,,,,
IP Road,43.09994396574115,-72.94638164,track,392991,USFS 341,crossing.csv,,,,,
IP Road,43.0686675,-72.9489862,track,392991,USFS 341,crossing.csv,,,,,
Iron Mountain Road,41.203654,-74.410153,track,2007688,,crossing.csv,,,,,
Island Pond Road,41.26110966038557,-74.14049942,service,2007688,,crossing.csv,,,,,
Jackson Brook Lane,45.28354123828638,-69.56194626,residential,2007932,,crossing.csv,,,,,
Jacobs Ladder Road,42.29148370727127,-73.15745916,primary,2991960,US 20,crossing.csv,,,,,
Jeb Stuart Highway,36.62840932680349,-81.77661329,trunk,2007649,US 58;VA 91,crossing.csv,,,,,
Jeb Stuart Highway,36.64000651953072,-81.64867686,trunk,2007649,US 58,crossing.csv,,,,,
Jennings Creek Road,37.5296677,-79.6219619,unclassified,2007649,SR 614,crossing.csv,,,,,
Jerusalem Road,42.25006516374137,-73.22736652,residential,2991960,,crossing.csv,,,,,
Jerusalem Road,42.2381734,-73.209271,residential,2991960,,crossing.csv,,,,,
Jo Mary Road,45.65114771867921,-69.03135797,unclassified,2007932,,crossing.csv,,,,,
Joe Ranger Road,43.705440900000006,-72.4627112,unclassified,392991,,crossing.csv,,,,,
John Marshall Highway,38.9093179,-78.053388,secondary,2007649,VA 55,crossing.csv,,,,,
John Singleton Mosby Highway,39.01675835428766,-77.96455695,trunk,2007649,US 17;US 50,crossing.csv,,,,,
Jones Branch Road,36.105308652658174,-82.44649475,residential,2007647,,crossing.csv,,,,,
Jones Cabin Road,35.181284200000015,-83.562527,track,2007645,,crossing.csv,,,,,
Jones Cabin Road,35.17770327186966,-83.56529801,track,2007645,,crossing.csv,,,,,
Jones Street,40.39331327739986,-77.02993181,residential,394916,,crossing.csv,,,,,
Jug End Road,42.14460969999999,-73.4316181,tertiary,2991960,,crossing.csv,,,,,
Katahdin Iron Works Road,45.4739886,-69.2943811,unclassified,2007932,,crossing.csv,,,,,
Keep Tryst Road,39.329743498285396,-77.68227763,tertiary,2007644,,crossing.csv,,,,,
Kegley Lane,36.875069067428505,-81.35951837,residential,2007649,SR 729,crossing.csv,,,,,
Kellogg Road,42.144247,-73.352927,residential,2991960,,crossing.csv,,,,,
Kellogg Road,42.1442741,-73.3607158,residential,2991960,,crossing.csv,,,,,
Kent Pond Access Road,43.67416316060279,-72.80890319,service,392991,,crossing.csv,,,,,
Lake Buel Road,42.17432473896569,-73.29369631,residential,2991960,,crossing.csv,,,,,
Lake Road,40.963947989568744,-75.12923876,track,394916,,crossing.csv,,,,,
Lake Road,40.97985112730681,-75.14182042,service,394916,AT,crossing.csv,,,,,
Lake Tarleton Road,43.9534485,-71.9440647,secondary,2007646,NH 25C,crossing.csv,,,,,
Lake Wallkill Road,41.272854499999966,-74.5213563,unclassified,2007688,,crossing.csv,,,,,
Lakeview Drive West,35.459225311427595,-83.81012591,unclassified,2007645,,crossing.csv,,,,,
Lancaster Avenue,40.51253530000001,-76.344178,primary,394916,PA 501,crossing.csv,,,,,
Lance Avenue,35.89172728022798,-82.82966739,secondary,2007647,NC 209,crossing.csv,,,,,
Leather Hill Road,41.635122875040715,-73.53693301,residential,2007688,,crossing.csv,,,,,
Lee Highway,36.88561863225058,-81.37314362,primary,2007649,US 11,crossing.csv,,,,,
Lee Highway,37.404275999999975,-79.8896036,primary,2007649,US 11,crossing.csv,,,,,
Lehigh Drive,40.78253822823356,-75.60455907,trunk,394916,PA 248,crossing.csv,,,,,
Leidigh Drive,40.141583196187064,-77.116264,unclassified,394916,,crossing.csv,,,,,
Lewis Spring Falls Trail,38.5195154,-78.4433498,track,2007649,,crossing.csv,,,,,
Lexington Turnpike,37.723697671867555,-79.251042,primary,2007649,US 60,crossing.csv,,,,,
Lime Rock Road,41.935021120984516,-73.36121118,primary,3352289,US 7,crossing.csv,,,,,
Lincoln Way East,39.905898706815684,-77.48958481,trunk,394916,US 30,crossing.csv,,,,,
Lions Den,37.21297909986184,-80.85422165,track,2007649,,crossing.csv,,,,,
Lions Den,37.22472012304255,-80.82701429,track,2007649,,crossing.csv,,,,,
Lions Head Development,41.99019854945403,-73.41659973,residential,3352289,,crossing.csv,,,,,
Lisburn Road,40.18332678857486,-77.1115318,tertiary,394916,,crossing.csv,,,,,
Little Bigelow Mountain,45.1389344,-70.2267042,,2007932,,crossing.csv,,,,,
Little Boston Road,40.38323479357044,-77.03067662,service,394916,,crossing.csv,,,,,
Locust Gap Road,39.923771567760134,-77.4834083,track,394916,,crossing.csv,,,,,
Log Cabin Road,35.99896980310234,-82.77523566,track,2007647,,crossing.csv,,,,,
Long Creek Road,34.66533929,-84.16199667,track,2007643,FS 251,crossing.csv,,,,,
Long Falls Dam Road,45.155907827358526,-70.15430148,unclassified,2007932,,crossing.csv,,,,,
Long Hill Road,41.500249441284616,-73.81348327,residential,2007688,,crossing.csv,,,,,
Long Pond Road,43.99752079999993,-71.8872791,service,2007646,,crossing.csv,,,,,
Longhouse Drive,41.19507875591302,-74.37189047,residential,2007688,,crossing.csv,,,,,
Lookout Road,36.325452,-82.11706,residential,2007647,,crossing.csv,,,,,
Lost River Road,44.040755621766436,-71.79190051,secondary,2007646,NH 112,crossing.csv,,,,,
Lost Spectacles Gap,37.3658,-80.16649,,2007649,,crossing.csv,,,,,
Lott Road,41.2966034,-74.5626526,residential,2007688,,crossing.csv,,,,,
Lottery Road,43.527792999999996,-72.899795,residential,392991,TH 21,crossing.csv,,,,,
Lovemma Lane,41.2546712,-74.5006115,residential,2007688,,crossing.csv,,,,,
MA 8A,42.47436796663199,-73.15935859,primary_link,2991960,MA 8A,crossing.csv,,,,,
Macedonia Road,41.73103363018161,-73.4906132,secondary,3352289,CT 341,crossing.csv,,,,,
Mad Tom Notch Road,43.2577239,-72.9383826,residential,392991,,crossing.csv,,,,,
Mahar Tote Road,45.7295588,-69.027891,track,2007932,,crossing.csv,,,,,
Main Road,42.23479372,-73.19424319,secondary,2991960,,crossing.csv,,,,,
Main Street,43.710916853912586,-72.307798,primary,392991,US 5,crossing.csv,,,,,
Main Street,40.38626447245175,-77.03156406,secondary,394916,,crossing.csv,,,,,
Main Street,44.88700906647382,-70.54048135,primary,2007932,ME 4,crossing.csv,,,,,
Main Street,42.47413769890878,-73.15711987,primary,2991960,MA 8,crossing.csv,,,,,
Maple Street,40.39085650808983,-77.03135538,residential,394916,,crossing.csv,,,,,
Margretta Street,40.39750519262084,-77.02540468,residential,394916,,crossing.csv,,,,,
Martha Street,40.39794390638776,-77.02481287,residential,394916,,crossing.csv,,,,,
Mary Street,40.398829220794035,-77.02361862,residential,394916,,crossing.csv,,,,,
Mass Row,43.70249347048464,-72.29028227,service,2007646,,crossing.csv,,,,,
Massachusetts Avenue,42.7011426,-73.1538183,tertiary,2991960,,crossing.csv,,,,,
Max Patch Road,35.79224946932807,-82.96179604,unclassified,2007647,,crossing.csv,,,,,
McAfee - Glenwood Road,41.23575394,-74.48047827,tertiary,2007688,CR 517,crossing.csv,,,,,
McAfee's Knob Trail,37.38826431509017,-80.05176165,track,2007649,,crossing.csv,,,,,
McKenna Road,43.70497358,-72.30502222,residential,392991,,crossing.csv,,,,,
McQueen Gap Road,36.5744768,-81.9152228,track,2007647,FS 69,crossing.csv,,,,,
MD 180A,39.32988822295672,-77.68172866,service,2007644,MD 180A,crossing.csv,,,,,
Meadow Brook Lane,42.561975542448494,-73.15672303,service,2991960,,crossing.csv,,,,,
Means Hollow Road,39.97605547996809,-77.45903145,unclassified,394916,,crossing.csv,,,,,
Medley Valley Road,37.0545478,-81.3786641,residential,2007649,SR 727,crossing.csv,,,,,
Mentzer Gap Road,39.7437747,-77.4890838,residential,394916,,crossing.csv,,,,,
Michaux Road,40.040696768508504,-77.34169193,service,394916,,crossing.csv,,,,,
Michener Cabin Road,40.0120167,-77.3837945,track,394916,,crossing.csv,,,,,
Michener Cabin Road,40.0091695,-77.3932562,track,394916,,crossing.csv,,,,,
Middle Ridge Road,39.97427239936964,-77.46883336,unclassified,394916,,crossing.csv,,,,,
Middle Road,45.17832752808778,-70.07320974,service,2007932,,crossing.csv,,,,,
Milesburn Road,39.97722060000001,-77.4522667,unclassified,394916,,crossing.csv,,,,,
Mill Ridge Road,35.90995912753134,-82.79098375,unclassified,2007647,FS 113,crossing.csv,,,,,
Mill Ridge Road,35.90444021309813,-82.79024928,unclassified,2007647,FS 113,crossing.csv,,,,,
Mill Ridge Trail,35.9036864,-82.7900782,track,2007647,TR 280,crossing.csv,,,,,
Millbrook Road,41.05942239999989,-74.9637122,tertiary,2007688,NPS 602,crossing.csv,,,,,
Miller Hill Road,41.51272564254586,-73.78838668,unclassified,2007688,,crossing.csv,,,,,
Millers Gap Road,40.31904169658893,-77.08101902,residential,394916,,crossing.csv,,,,,
Mills Gap Overlook,37.47959454784284,-79.68261157,service,2007649,,crossing.csv,,,,,
Monterey Road,42.18398842894693,-73.29066168,primary,2991960,MA 23;MA 183,crossing.csv,,,,,
Monument Road,39.49817885656393,-77.61752666,residential,2007644,,crossing.csv,,,,,
Moonshine Road,40.481955600000006,-76.5506616,secondary,394916,PA 443,crossing.csv,,,,,
Moore Road,38.863993,-78.1626,residential,2007649,SR 602,crossing.csv,,,,,
Morgan Street,40.38735150651386,-77.03162263,residential,394916,,crossing.csv,,,,,
Morgans Mill Road,39.07207590027777,-77.91206389,unclassified,2007649,SR 605,crossing.csv,,,,,
Mount Easter Road,41.8923699,-73.4018776,track,3352289,,crossing.csv,,,,,
Mount Everett Road,42.1059939,-73.4341507,unclassified,2991960,,crossing.csv,,,,,
Mount Horeb Road,37.72351899999999,-79.250243,service,2007649,,crossing.csv,,,,,
Mount Moosilauke Highway,43.9912011,-71.9009215,primary,2007646,NH 25,crossing.csv,,,,,
Mount Moosilauke Highway,43.9898155,-71.8991767,primary,2007646,NH 25,crossing.csv,,,,,
Mount Sterling Road,35.770558720297736,-83.11113202,tertiary,2007647,,crossing.csv,,,,,
Mount Washington Auto Road,44.2815117,-71.2532418,unclassified,2007646,,crossing.csv,,,,,
Mountain Lake & Salt Sulphur Springs Turnpike,37.41214753060787,-80.52291382,tertiary,2007649,SR 613,crossing.csv,,,,,
Mountain Pass Road,37.39928268544533,-79.88522524,tertiary,2007649,SR 652,crossing.csv,,,,,
Mountain Road,40.09171550658484,-77.14783936,residential,394916,,crossing.csv,,,,,
Mountain Road,40.98251431570346,-75.14091578,residential,394916,,crossing.csv,,,,,
Mountain Road,45.41755844788986,-69.42087745,track,2007932,,crossing.csv,,,,,
Mountain Top Road,41.5442546,-73.7137407,residential,2007688,,crossing.csv,,,,,
Mountain Top Road,41.5428917,-73.7157776,residential,2007688,,crossing.csv,,,,,
Mountain Trail,41.17705722571442,-74.79113098,residential,2007688,,crossing.csv,,,,,
Mr Bert Road,34.91711769999999,-83.5957517,track,2007643,,crossing.csv,,,,,
Mud Creek Lane,36.6318517,-81.6018065,residential,2007649,,crossing.csv,,,,,
Murphy Road,35.12049430798775,-83.54719783,trunk,2007645,US 64,crossing.csv,,,,,
Nahmakanta Stream Road,45.73602596203986,-69.10346271,track,2007932,,crossing.csv,,,,,
Narrows Road,37.33435667354566,-80.75623029,secondary,2007649,VA 100,crossing.csv,,,,,
NC 197,36.11068906168105,-82.36090904,secondary,2007647,NC 197,crossing.csv,,,,,
NC 212,36.01018555706593,-82.60887099,secondary,2007647,NC 212,crossing.csv,,,,,
New Bloomfield Road,40.3881622,-77.0319985,secondary,394916,PA 274,crossing.csv,,,,,
Newfound Gap Road North,35.61120739497351,-83.42530647,trunk,2007647,US 441,crossing.csv,,,,,
Newport Road,40.40287711336262,-77.016043,secondary,394916,PA 849,crossing.csv,,,,,
Newport Road,40.4024214,-77.0112801,secondary,394916,PA 849,crossing.csv,,,,,
Newport Road,37.371392725996586,-80.14981038,tertiary,2007649,SR 624,crossing.csv,,,,,
Nicks Creek Road,36.81494856944255,-81.40924963,tertiary,2007649,SR 622,crossing.csv,,,,,
Nimblewill Gap Road,34.608623017889094,-84.21433074,track,2007643,FS 28-2,crossing.csv,,,,,
NJ 23,41.30532313,-74.6701361,primary,2007688,NJ 23,crossing.csv,,,,,
NJ 284,41.2884089,-74.55214819,secondary,2007688,NJ 284,crossing.csv,,,,,
Noontoola Road,34.66349286936193,-84.18409019,track,2007643,FS 58,crossing.csv,,,,,
North Alley Street,36.633984022435236,-81.78425134,residential,2007649,,crossing.csv,,,,,
North Fork Moormans River Road,38.20677028558299,-78.74936618,track,2007649,,crossing.csv,,,,,
North High Street,40.392344,-77.030592,residential,394916,,crossing.csv,,,,,
North High Street,40.40284099999963,-77.018463,residential,394916,,crossing.csv,,,,,
North High Street,40.39710687371959,-77.02594199,residential,394916,,crossing.csv,,,,,
North High Street,40.40116999999944,-77.020461,residential,394916,,crossing.csv,,,,,
North Kent Road,41.767272506964254,-73.4408729,track,3352289,,crossing.csv,,,,,
North Lafayette,44.1666533,-71.6452995,,2007646,,crossing.csv,,,,,
North Legion Street,36.63457654737744,-81.78729309,residential,2007649,SR T1221,crossing.csv,,,,,
North Main Street,42.1534874,-73.3644453,trunk,2991960,US 7,crossing.csv,,,,,
North Market Street,40.4023973,-77.0175665,secondary,394916,,crossing.csv,,,,,
North Railroad Avenue,36.63396308,-81.78485159,residential,2007649,SR T1208,crossing.csv,,,,,
North Reynolds Street,36.63526242711355,-81.78991444,residential,2007649,SR T1223,crossing.csv,,,,,
North Road,44.400086444039076,-71.11202692,unclassified,2007646,,crossing.csv,,,,,
North Road,44.4065639,-71.1167352,unclassified,2007646,,crossing.csv,,,,,
North Road,44.4038396,-71.114789,unclassified,2007646,,crossing.csv,,,,,
North Scenic Highway,37.13708599999999,-81.132989,secondary,2007649,US 52,crossing.csv,,,,,
North Scenic trail = yes,37.137799,-81.13061,secondary,2007649,US 52,crossing.csv,,,,,
North Shady Avenue,36.634923872983634,-81.78862052,residential,2007649,SR T716,crossing.csv,,,,,
North Street,42.56771945257868,-73.15927448,trunk,2991960,MA 8,crossing.csv,,,,,
North Street,42.47437864828806,-73.15942073,primary,2991960,MA 9,crossing.csv,,,,,
Northside Road,37.3516272,-80.3796881,unclassified,2007649,SR 630,crossing.csv,,,,,
Notch Road,42.67088222984224,-73.16778143,unclassified,2991960,,crossing.csv,,,,,
Oil City Road,41.289198799999994,-74.5463131,residential,2007688,,crossing.csv,,,,,
Oil City Road,41.2854467,-74.5312969,tertiary,2007688,,crossing.csv,,,,,
Old Albany Post Road,41.379042940119646,-73.89583527,unclassified,2007688,,crossing.csv,,,,,
Old Fontana Forest Road,35.43978182658163,-83.79367486,track,2007645,FSR 2624,crossing.csv,,,,,
Old Forge Road,40.02859338099206,-77.26670678,track,394916,,crossing.csv,,,,,
Old Forge Road,39.8018559,-77.4766725,tertiary,394916,,crossing.csv,,,,,
Old Highland Turnpike,41.34998530000001,-73.9234186,residential,2007688,,crossing.csv,,,,,
Old Hill Road,39.97605568032055,-77.45902298,track,394916,,crossing.csv,,,,,
Old National Pike,39.48441081798689,-77.61958168,primary,2007644,US 40 ALT,crossing.csv,,,,,
Old Orchard Road,40.034159361919066,-77.31217562,service,394916,,crossing.csv,,,,,
Old Railroad Bed Road,40.0303376,-77.2967487,track,394916,,crossing.csv,,,,,
Old Railroad Bed Road,40.0289868,-77.2924717,track,394916,,crossing.csv,,,,,
Old Rich Valley Road,36.95866641429645,-81.39496993,unclassified,2007649,SR 610,crossing.csv,,,,,
Old Route 16,39.737844,-77.4897892,tertiary,394916,,crossing.csv,,,,,
Old Route 55,41.58797509325308,-73.66172416,residential,2007688,,crossing.csv,,,,,
Old Sharon No 2 Road,41.82469668056926,-73.38732262,residential,3352289,,crossing.csv,,,,,
Old State Road,45.8351457,-68.9603123,unclassified,2007932,ITS 85,crossing.csv,,,,,
Old State Road (Bear Hole Trail),40.48103709999996,-76.5317618,service,394916,,crossing.csv,,,,,
Old Stonehouse Road,40.212106664975174,-77.10880939,residential,394916,,crossing.csv,,,,,
Old Stormville Mountain Road,41.5434173,-73.7166707,residential,2007688,,crossing.csv,,,,,
Old Stormville Mountian Road,41.544169399999994,-73.7177483,residential,2007688,,crossing.csv,,,,,
Old West Point Road East,41.352322699999995,-73.9184515,unclassified,2007688,,crossing.csv,,,,,
Orange Turnpike,41.26989199,-74.181377,tertiary,2007688,CR 19,crossing.csv,,,,,
Orchard Hill Road,36.6304974,-81.7832261,residential,2007649,SR T1212,crossing.csv,,,,,
Otter Pond Road,45.23893988640261,-70.04634009,unclassified,2007932,,crossing.csv,,,,,
Outlook Avenue,42.575827234904736,-73.16431024,residential,2991960,,crossing.csv,,,,,
PA 183,40.52703413945908,-76.22340841,primary,394916,PA 183,crossing.csv,,,,,
PA 309,40.70739765250225,-75.80741378,primary,394916,PA 309,crossing.csv,,,,,
PA 611,40.98295855392154,-75.14051786,primary,394916,PA 611,crossing.csv,,,,,
PA 72,40.4799916,-76.5323859,secondary,394916,PA 72,crossing.csv,,,,,
PA 873,40.78111385174869,-75.60863994,secondary,394916,PA 873,crossing.csv,,,,,
Panther Falls Road,37.67631064953957,-79.33221923,unclassified,2007649,,crossing.csv,,,,,
Panther Gap,35.1303109,-83.5543562,,2007645,,crossing.csv,,,,,
Park Avenue,35.89112322603777,-82.83084648,residential,2007647,,crossing.csv,,,,,
Park Avenue,42.480585299999994,-73.1752679,tertiary,2991960,,crossing.csv,,,,,
Park Tote Road,45.8855441,-69.0002286,unclassified,2007932,,crossing.csv,,,,,
Parkers Gap,37.5107052,-79.5224806,track,2007649,FS-812,crossing.csv,,,,,
Parkway Drive,37.48557208979895,-79.66852426,secondary,2007649,VA 43,crossing.csv,,,,,
Pass Mountain Hut Fire Road,38.6654619,-78.3196744,track,2007649,,crossing.csv,,,,,
Pass Mountain Hut Fire Road,38.6625612,-78.3226838,track,2007649,,crossing.csv,,,,,
Pass Mountain Hut Road,38.66546190000012,-78.3196744,track,2007649,,crossing.csv,,,,,
Pattison Road,42.68758368555519,-73.15989977,residential,2991960,,crossing.csv,,,,,
Pen Mar Road,39.7208679,-77.5069814,tertiary,394916,,crossing.csv,,,,,
Perkins Memorial Drive,41.31111358183128,-74.00670498,unclassified,2007688,,crossing.csv,,,,,
Perkins Memorial Drive,41.30856616542282,-74.01051168,unclassified,2007688,,crossing.csv,,,,,
Peters Mountain Road,40.411813,-76.930397,unclassified,,,crossing.csv,,,,,
Peters Mountain Turnpike,37.40516690539215,-80.68351305,unclassified,2007649,SR 683,crossing.csv,,,,,
Petites Gap Road,37.559349899999994,-79.4585566,unclassified,2007649,SR 781,crossing.csv,,,,,
Phelps Avenue,42.694122800036936,-73.1571167,residential,2991960,,crossing.csv,,,,,
Phelps Avenue,42.696389611952284,-73.15661704,residential,2991960,,crossing.csv,,,,,
Phelps Avenue,42.6998341,-73.1558578,residential,2991960,,crossing.csv,,,,,
Pine Grove Road,40.07163565864458,-77.20437523,tertiary,394916,,crossing.csv,,,,,
Pine Grove Road,40.031187700000004,-77.3118965,secondary,394916,PA 233,crossing.csv,,,,,
Pine Mountain Road,36.66989496699669,-81.48692403,service,2007649,FS 613,crossing.csv,,,,,
Piney Ridge Trail,38.74389951760507,-78.29759708,track,2007649,,crossing.csv,,,,,
Pipeline Track,39.76943775915388,-77.48192806,track,394916,,crossing.csv,,,,,
Pleasant Street,42.47574406381629,-73.16298287,residential,2991960,,crossing.csv,,,,,
Plum Street,40.39208492768479,-77.03072496,residential,394916,,crossing.csv,,,,,
Pocahontas Road,37.365219,-80.749809,residential,2007649,,crossing.csv,,,,,
Pocosin Road,38.41163141817554,-78.48819364,track,2007649,,crossing.csv,,,,,
Podunk Road,43.72095199999999,-72.413305,residential,392991,,crossing.csv,,,,,
Podunk Road,43.71863059320461,-72.40000947,residential,392991,,crossing.csv,,,,,
Point Phillips Road,40.825548,-75.414302,residential,394916,,crossing.csv,,,,,
Pomfret Road,43.680234732106975,-72.52716892,tertiary,392991,,crossing.csv,,,,,
Power House Acres,44.40164819109481,-71.11317626,residential,2007646,,crossing.csv,,,,,
Price Ridge Road,37.1570273,-80.9612638,unclassified,2007649,SR 608,crossing.csv,,,,,
Prices Turnpike & Cumberland Gap Road,37.35417987585149,-80.3915041,primary,2007649,VA 42,crossing.csv,,,,,
Pugh Mountain Road,36.78673508662853,-81.47162837,residential,2007649,SR 601,crossing.csv,,,,,
Quarry Road,40.031439,-77.305307,service,394916,,crossing.csv,,,,,
Quarry Road,41.30040620389163,-74.57208117,residential,2007688,,crossing.csv,,,,,
Quechee West Hartford Road,43.71014399999999,-72.422762,tertiary,392991,,crossing.csv,,,,,
Quechee West Hartford Road,43.7117703,-72.4192803,tertiary,392991,,crossing.csv,,,,,
Race Street,40.1469609,-77.1232974,residential,394916,,crossing.csv,,,,,
Rachel Street,40.39971129641306,-77.02242873,residential,394916,,crossing.csv,,,,,
Railroad Bed Road,40.03151555051863,-77.2902306,service,394916,,crossing.csv,,,,,
Railroad Road,44.9731804,-70.4062701,unclassified,2007932,,crossing.csv,,,,,
Railroad Street,42.56474979999879,-73.1543603,residential,2991960,,crossing.csv,,,,,
Railroad Street,42.56238720000914,-73.1567928,residential,2991960,,crossing.csv,,,,,
Ramapo-Dunderberg Trail,41.282141995787555,-74.0876715,track,2007688,,crossing.csv,,,,,
Ramapo-Dunderberg/Appalachian Trail,41.273991300000006,-74.09499,track,2007688,AT,crossing.csv,,,,,
Range View Access Road,38.747936799159916,-78.29450259,track,2007649,,crossing.csv,,,,,
Rattlesnake Run Road,39.79729938293264,-77.47999298,unclassified,394916,,crossing.csv,,,,,
Rattlesnake Run Road,39.74828823550456,-77.48994245,unclassified,394916,,crossing.csv,,,,,
Raven Rock Road,39.66449808328322,-77.53591914,secondary,2007644,MD 491,crossing.csv,,,,,
Rebecca Street,40.39926859,-77.02302592,residential,394916,,crossing.csv,,,,,
Rector Laurel Road,36.00642843075848,-82.60732502,unclassified,2007647,,crossing.csv,,,,,
Red Gate Fire Road,38.53429593174655,-78.4217194,track,2007649,,crossing.csv,,,,,
Remount Road,38.878065172170196,-78.15061824,primary,2007649,US 522,crossing.csv,,,,,
Reno Monument Road,39.470686846996955,-77.61754627,tertiary,2007644,,crossing.csv,,,,,
Reservoir Road,40.5895317,-75.9443834,track,394916,,crossing.csv,,,,,
Reservoir Road,37.67110943995862,-79.28351883,unclassified,2007649,,crossing.csv,,,,,
Rich Mountain Lookout Road,35.93450919999999,-82.8050002,unclassified,2007647,FS 467A,crossing.csv,,,,,
Rich Mountain Road,35.93569249999999,-82.8058633,unclassified,2007647,FS 467A,crossing.csv,,,,,
Richard B Russell Scenic Highway,34.72534029999999,-83.8391386,secondary,2007643,GA 348,crossing.csv,,,,,
Ridge Drive,40.20737199,-77.11307392,residential,394916,,crossing.csv,,,,,
Ridge Road,39.973458802649326,-77.44981677,unclassified,394916,,crossing.csv,,,,,
Ridge Road,39.9463132,-77.4906553,unclassified,394916,,crossing.csv,,,,,
Ridge Road Connector Trail,39.972766198094874,-77.47135925,track,394916,,crossing.csv,,,,,
Risky Ranch Road,42.76899701182207,-73.13687926,unclassified,392991,,crossing.csv,,,,,
River Road,43.70397246410536,-72.30083174,secondary,392991,,crossing.csv,,,,,
River Road,43.68054618709758,-72.78211136,unclassified,392991,,crossing.csv,,,,,
River Road,41.806233559321875,-73.39403757,track,3352289,,crossing.csv,,,,,
River Road,41.7678464,-73.4399685,residential,3352289,,crossing.csv,,,,,
River Road,41.7607121,-73.447887,residential,3352289,,crossing.csv,,,,,
Roan Road,36.106795218272964,-82.1105316,secondary,2007647,SR 143,crossing.csv,,,,,
Roanoke Road,37.39357859999999,-79.9062475,trunk,2007649,US 220,crossing.csv,,,,,
Rock Creek Road,34.663569789265416,-84.12987057,track,2007643,,crossing.csv,,,,,
Rockledge Road,41.5126439,-73.787198,residential,2007688,,crossing.csv,,,,,
Rockwell Road,42.633861722064324,-73.17096637,unclassified,2991960,,crossing.csv,,,,,
Rockwell Road,42.63266695659884,-73.17377379,unclassified,2991960,,crossing.csv,,,,,
Rocky Gap Trail,37.372740405739194,-80.44636448,unclassified,2007649,,crossing.csv,,,,,
Rocky Hollow Road,36.87051889999999,-81.3579333,residential,2007649,SR 615,crossing.csv,,,,,
Rocky Mountain Road,39.84954671891837,-77.50879799,secondary,394916,PA 233,crossing.csv,,,,,
Route 55 West,41.64689514568143,-73.51655939,secondary,3352289,CT 55,crossing.csv,,,,,
Route 7,41.930517093828854,-73.36359099,primary,3352289,US 7,crossing.csv,,,,,
Rumford Road,44.83697190152406,-70.709973,secondary,2007932,ME 17,crossing.csv,,,,,
Saddleback Mountain Trail,38.378047699999996,-78.5231041,service,2007649,,crossing.csv,,,,,
Sages Ravine Campsite Trail,42.05219000000002,-73.4409324,track,2991960,,crossing.csv,,,,,
Salt Pond Road,37.416171,-79.819663,residential,2007649,FR 191,crossing.csv,,,,,
Sawyer Road,44.71175610209256,-70.8151727,track,2007932,,crossing.csv,,,,,
Schaghticoke Road,41.676062105126064,-73.51443073,residential,3352289,,crossing.csv,,,,,
Schaghticoke Road,41.6797988,-73.5127737,residential,3352289,,crossing.csv,,,,,
School Street,42.5653978,-73.1559544,residential,2991960,,crossing.csv,,,,,
Seasonal Forestry Road,43.372449,-72.961863,residential,392991,,crossing.csv,,,,,
Seven Lakes Drive,41.30391846571361,-74.01337161,tertiary,2007688,,crossing.csv,,,,,
Seven Lakes Drive,41.287438255259836,-74.07465446,secondary,2007688,,crossing.csv,,,,,
Seven Mile Road,37.40344390350833,-80.58187173,track,2007649,,crossing.csv,,,,,
Shad Road,35.93445305488521,-82.80505344,track,2007647,FS 422,crossing.csv,,,,,
Sheet Iron Roof Road,40.09312705474812,-77.16444286,residential,394916,,crossing.csv,,,,,
Sheffield-Egremont Road,42.14676109999999,-73.3858429,secondary,2991960,,crossing.csv,,,,,
Sherwood Drive,40.2734956,-77.0998477,residential,394916,,crossing.csv,,,,,
Shippensburg Road,39.99754732,-77.40546707,tertiary,394916,,crossing.csv,,,,,
Shirley Road,45.28572155786879,-69.58602674,residential,2007932,,crossing.csv,,,,,
Shoe Creek Trail,37.825370299999996,-79.0820468,track,2007649,,crossing.csv,,,,,
Shook Branch Road,36.300374600000204,-82.1285288,residential,2007647,,crossing.csv,,,,,
Shot Pouch Road,35.1637973,-83.5784944,unclassified,2007645,,crossing.csv,,,,,
Sidewinder Ride Trail,39.7644578,-77.4865181,track,394916,,crossing.csv,,,,,
Silvermine Road,35.330775800000225,-83.591807,unclassified,2007645,,crossing.csv,,,,,
Silvermine Road,35.8933451,-82.8220513,residential,2007647,,crossing.csv,,,,,
Silvermine Road,41.28581535884529,-74.04646573,track,2007688,,crossing.csv,,,,,
Simmons Gap Road,38.30170311464876,-78.62260591,service,2007649,,crossing.csv,,,,,
Skiff Mountain Road,41.75013626281518,-73.4714998,residential,3352289,,crossing.csv,,,,,
Skyland Upper Loop,38.593016259559384,-78.3766716,unclassified,2007649,,crossing.csv,,,,,
Skyland Upper Loop,38.58748602344745,-78.3837819,unclassified,2007649,,crossing.csv,,,,,
Skyline Drive,38.82349128805998,-78.17036485,secondary,2007649,,crossing.csv,,,,,
Skyline Drive,38.790068092617126,-78.18837944,secondary,2007649,,crossing.csv,,,,,
Skyline Drive,38.77491304387907,-78.21195171,secondary,2007649,,crossing.csv,,,,,
Skyline Drive,38.76793525817253,-78.23354577,secondary,2007649,,crossing.csv,,,,,
Skyline Drive,38.761983070348805,-78.27745739,secondary,2007649,,crossing.csv,,,,,
Skyline Drive,38.76099713820214,-78.28197303,secondary,2007649,,crossing.csv,,,,,
Skyline Drive,38.75098244645425,-78.29019908,secondary,2007649,,crossing.csv,,,,,
Skyline Drive,38.73883539949272,-78.30757818,secondary,2007649,,crossing.csv,,,,,
Skyline Drive,38.694059960123916,-78.31964786,secondary,2007649,,crossing.csv,,,,,
Skyline Drive,38.66237462271621,-78.32272994,secondary,2007649,,crossing.csv,,,,,
Skyline Drive,38.32857986890937,-78.57510395,secondary,2007649,,crossing.csv,,,,,
Skyline Drive,38.32115750606701,-78.59195313,secondary,2007649,,crossing.csv,,,,,
Skyline Drive,38.30170269871424,-78.62261692,secondary,2007649,,crossing.csv,,,,,
Skyline Drive,38.29035895576479,-78.64181876,secondary,2007649,,crossing.csv,,,,,
Skyline Drive,38.245751811958776,-78.69984955,secondary,2007649,,crossing.csv,,,,,
Skyline Drive,38.24045137721442,-78.71055641,secondary,2007649,,crossing.csv,,,,,
Skyline Drive,38.22839706308165,-78.72792808,secondary,2007649,,crossing.csv,,,,,
Skyline Drive,38.20955036367332,-78.74783882,secondary,2007649,,crossing.csv,,,,,
Skyline Drive,38.18951899999999,-78.756886,secondary,2007649,,crossing.csv,,,,,
Skyline Drive,38.14896613375513,-78.77442293,secondary,2007649,,crossing.csv,,,,,
Skyline Drive,38.11408558374402,-78.78411877,secondary,2007649,,crossing.csv,,,,,
Skyline Drive,38.07306733448942,-78.79340986,secondary,2007649,,crossing.csv,,,,,
Skyline Drive,38.059743711004096,-78.81754483,secondary,2007649,,crossing.csv,,,,,
Skyline Drive,38.75864733,-78.25102054,secondary,2007649,,crossing.csv,,,,,
Skyline Drive,38.49965586,-78.44577373,secondary,2007649,,crossing.csv,,,,,
Skyline Drive,38.3563647,-78.5451159,secondary,2007649,,crossing.csv,,,,,
Skyline Drive,38.345161,-78.552847,secondary,2007649,,crossing.csv,,,,,
Skyline Drive,38.12925421,-78.78480017,secondary,2007649,,crossing.csv,,,,,
Skyline Drive,38.0325587,-78.8589155,secondary,2007649,,crossing.csv,,,,,
Slab Town Road,36.75668209999999,-81.4908752,unclassified,2007649,SR 672,crossing.csv,,,,,
Smith Gap Terrace,40.825548,-75.414302,residential,394916,,crossing.csv,,,,,
Smith Gap View,40.825548,-75.414302,residential,394916,,crossing.csv,,,,,
Smith Roach Gap Fire Road,38.328326828178035,-78.57417783,track,2007649,,crossing.csv,,,,,
Snowmobile ITS 84,44.92002149999998,-70.5244991,track,2007932,,crossing.csv,,,,,
Snowy Mountain Road,39.8378617,-77.5039717,unclassified,394916,,crossing.csv,,,,,
Sout Fork Moormans Fire Road,38.097488,-78.778769,track,2007649,,crossing.csv,,,,,
South Andrews Avenue,35.893252899999986,-82.8262807,residential,2007647,,crossing.csv,,,,,
South Arm Road,44.72141955813059,-70.78573823,residential,2007932,,crossing.csv,,,,,
South Beaver Dam Avenue,36.63147076440009,-81.79143275,residential,2007649,SR T1202,crossing.csv,,,,,
South Highland Road,41.39964023918782,-73.87662891,unclassified,2007688,,crossing.csv,,,,,
South Main Street,43.70092280760989,-72.2894418,primary,2007646,NH 10,crossing.csv,,,,,
South Market Street,40.38853759999997,-77.0311073,secondary,394916,,crossing.csv,,,,,
South Mountain Pass,41.3297864,-73.9526688,unclassified,2007688,,crossing.csv,,,,,
South Park Street,43.698458466764045,-72.28102356,primary,2007646,NH 120,crossing.csv,,,,,
South River Fire Road,38.38615726054868,-78.51344739,track,2007649,,crossing.csv,,,,,
South Smith Street,36.635535999999995,-81.79096,residential,2007649,,crossing.csv,,,,,
South Spring Street,35.89271652306301,-82.82748093,residential,2007647,,crossing.csv,,,,,
South Surpentine Avenue,35.889731889155954,-82.83228874,residential,2007647,,crossing.csv,,,,,
Spy Rock Road,37.82920489999999,-79.1285884,service,2007649,,crossing.csv,,,,,
SR 107,36.14341463792829,-82.23316819,secondary,2007647,SR 107,crossing.csv,,,,,
SR 607,37.67629333545379,-79.33237963,unclassified,2007649,SR 607,crossing.csv,,,,,
SR 621,37.379167655835744,-80.25001818,tertiary,2007649,SR 621,crossing.csv,,,,,
SR 91,36.4813436,-81.96057587,secondary,2007647,SR 91,crossing.csv,,,,,
Stage Coach Road,42.850198836030124,-73.11863138,track,392991,,crossing.csv,,,,,
Stage Road,43.6720068,-72.554159,tertiary,392991,,crossing.csv,,,,,
State Game Land Road,40.56333315174562,-76.05328942,track,394916,,crossing.csv,,,,,
State Game Land Road,40.555390211377336,-76.07519105,track,394916,,crossing.csv,,,,,
State Game Land Road,40.54742661375206,-76.10105177,track,394916,,crossing.csv,,,,,
State Game Land Road,40.5604996,-76.0586354,track,394916,,crossing.csv,,,,,
State Highway 16,36.811483962992746,-81.4212324,primary,2007649,VA 16,crossing.csv,,,,,
State Highway 17,41.267200200000005,-74.1590561,primary,2007688,NY 17,crossing.csv,,,,,
State Highway 17A,41.245685265401036,-74.28519763,primary,2007688,NY 17A,crossing.csv,,,,,
State Highway 22,41.593860699994956,-73.5870511,trunk,2007688,NY 22;NY 55,crossing.csv,,,,,
State Highway 403,41.3507503,-73.9261273,secondary,2007688,NY 403;US 6 Alt;US 202 Alt,crossing.csv,,,,,
State Highway 55,41.58845507127607,-73.65775239,primary,2007688,NY 55,crossing.csv,,,,,
State Line Road,41.2902999,-74.5372816,tertiary,2007688,,crossing.csv,,,,,
State Road,42.69992409016478,-73.15568969,trunk,2991960,MA 2,crossing.csv,,,,,
State Route 25A,43.9011082,-71.9819381,secondary,2007646,NH 25A,crossing.csv,,,,,
State Route 52,41.54081519459822,-73.73305622,secondary,2007688,NY 52,crossing.csv,,,,,
State Route 611,37.14607208053115,-81.00835913,residential,2007649,,crossing.csv,,,,,
State Route 612,37.139364423351985,-81.1215394,tertiary,2007649,SR 612,crossing.csv,,,,,
State Route 612,37.140331,-81.125196,tertiary,2007649,SR 612,crossing.csv,,,,,
State Route 620,37.390433816293005,-80.19613494,tertiary,2007649,SR 620,crossing.csv,,,,,
State Route 625,37.02272270029507,-81.42508735,unclassified,2007649,SR 625,crossing.csv,,,,,
State Route 742,36.973301,-81.3975256,residential,2007649,,crossing.csv,,,,,
Stetson Road,43.71778730735712,-72.41672457,residential,392991,,crossing.csv,,,,,
Stillhouse Hollow Road,39.9470816,-77.4912226,unclassified,394916,,crossing.csv,,,,,
Stony Brook Road,43.691230342878484,-72.72040594,track,392991,,crossing.csv,,,,,
Stormville Mountain Road,41.5442546,-73.7137407,residential,2007688,,crossing.csv,,,,,
Stratton Arlington Road,43.06109201,-72.96803279,unclassified,392991,,crossing.csv,,,,,
Stratton Brook Pond Road,45.1118257,-70.3494427,service,2007932,,crossing.csv,,,,,
Streets Gap Road,35.968869336112085,-82.54016686,track,2007647,,crossing.csv,,,,,
Suedberg Road,40.48998269302893,-76.55108042,secondary,394916,PA 443,crossing.csv,,,,,
Sugar Hill Road,43.45484876869709,-72.93574642,residential,392991,,crossing.csv,,,,,
Suiter Road,37.10274699999999,-81.202178,residential,2007649,SR 615,crossing.csv,,,,,
Summer Street,43.699305808627294,-72.28298622,unclassified,2007646,,crossing.csv,,,,,
Summit Road,42.638725794573936,-73.16506841,unclassified,2991960,,crossing.csv,,,,,
Summit Road,42.63704856427398,-73.16777256,unclassified,2991960,,crossing.csv,,,,,
Summit Road,42.634025445254636,-73.17071199,unclassified,2991960,,crossing.csv,,,,,
Sunken Mine Road,41.43077097950315,-73.85023514,track,2007688,,crossing.csv,,,,,
Sunrise Mountain Road,41.18166042081594,-74.78537839,residential,2007688,,crossing.csv,,,,,
Surebridge Swamp Road,41.2642744,-74.113481,track,2007688,AT,crossing.csv,,,,,
Susan Street,40.398389558409825,-77.0242117,residential,394916,,crossing.csv,,,,,
Swamp Road,39.8464389,-77.5069588,unclassified,394916,,crossing.csv,,,,,
Swapping Camp Road,37.6854974,-79.2711394,unclassified,2007649,,crossing.csv,,,,,
Sweetwater Road,35.3582947,-83.7180372,secondary,2007645,NC 143,crossing.csv,,,,,
Tanners Ridge Fire Road,38.51344680863965,-78.44885461,track,2007649,,crossing.csv,,,,,
Teas Road,36.76315148,-81.49324878,tertiary,2007649,SR 601,crossing.csv,,,,,
Tellico Road,35.26811769477245,-83.57229353,residential,2007645,,crossing.csv,,,,,
Thayer Drive,43.702770610980224,-72.29508022,service,2007646,,crossing.csv,,,,,
Three Forks 4 / Hightower Gap,34.6631826,-84.1306526,,2007643,,crossing.csv,,,,,
Three Mile Road,43.71789376747944,-72.17593887,unclassified,2007646,,crossing.csv,,,,,
Thundering Brook Road,43.67955529148192,-72.78721207,residential,392991,,crossing.csv,,,,,
Thundering Brook Road,43.67279421781404,-72.79878802,residential,392991,,crossing.csv,,,,,
Tigertown Road,43.7176144,-72.4171871,unclassified,392991,,crossing.csv,,,,,
Tirio Access Road,45.7090844,-69.0116876,track,2007932,,crossing.csv,,,,,
Tollhouse Gap,37.4011256,-79.8676711,,2007649,,crossing.csv,,,,,
Totman Hill Road,43.6756845,-72.5403174,residential,392991,,crossing.csv,,,,,
Totts Gap Hill Road,40.94843904054236,-75.16177448,track,394916,,crossing.csv,,,,,
Totts Gap Hill Road,40.9495787,-75.1523531,track,394916,,crossing.csv,,,,,
Tray Mountain Road,34.793242887081774,-83.70330431,track,2007643,,crossing.csv,,,,,
Tray Mountain Road,34.799229825150285,-83.69086547,track,2007643,,crossing.csv,,,,,
Trescott Road,43.704854499999996,-72.2295745,tertiary,2007646,,crossing.csv,,,,,
Trico Fire Road,38.953278100641384,-78.02137648,track,2007649,,crossing.csv,,,,,
Trindle Road,40.194922,-77.108375,primary,394916,PA 641,crossing.csv,,,,,
Troutdale Road,45.2498053,-69.8309323,residential,2007932,,crossing.csv,,,,,
Tuck Drive,43.70339547817468,-72.29845251,unclassified,2007646,,crossing.csv,,,,,
Tuckers Lane,38.9113434,-78.0531674,unclassified,2007649,SR 725,crossing.csv,,,,,
Tumbling Run Shelters Haul Road,39.8048052,-77.4777979,track,394916,,crossing.csv,,,,,
Tyne Road,42.2968915,-73.1506716,tertiary,2991960,,crossing.csv,,,,,
U.S. Route 4,43.6668594,-72.8501328,trunk,392991,US 4,crossing.csv,,,,,
Unaka Springs Road,36.10499580372173,-82.44850648,residential,2007647,FS 107,crossing.csv,,,,,
Under Mountain Road,42.14613796473454,-73.41647887,secondary,2991960,MA 41,crossing.csv,,,,,
Under Mountain Road,41.9935815,-73.4264596,secondary,3352289,CT 41,crossing.csv,,,,,
Unicoi Turnpike,34.80218878,-83.74300637,primary,2007643,GA 17;GA 75,crossing.csv,,,,,
Unionville Road,41.302347,-74.575928,tertiary,2007688,CR 651,crossing.csv,,,,,
Upper Cold River Road,43.55019173675301,-72.85690032,unclassified,392991,,crossing.csv,,,,,
Upper North Shore Road,41.17716880000001,-74.7913034,secondary,2007688,CR 636,crossing.csv,,,,,
US 19;US 74,35.33111840536861,-83.59173378,trunk,2007645,US 19;US 74,crossing.csv,,,,,
US 19E,36.17748193198223,-82.01167547,trunk,2007647,US 19E,crossing.csv,,,,,
US 19W,36.03198199999999,-82.4202439,primary,2007647,US 19W,crossing.csv,,,,,
US 2,44.4011476,-71.1093544,trunk,2007646,US 2,crossing.csv,,,,,
US 206;CR 521,41.177168799999926,-74.7913034,primary,2007688,US 206;CR 521,crossing.csv,,,,,
US 321;SR 67,36.302016140637924,-82.12793524,primary,2007647,US 321;SR 67,crossing.csv,,,,,
US 421,36.538822,-81.9488596,trunk,2007647,US 421,crossing.csv,,,,,
US 76;GA 2,34.912243730287386,-83.61894548,trunk,2007643,US 76;GA 2,crossing.csv,,,,,
US Highway 211,38.66098826068718,-78.32347116,trunk,2007649,US 211,crossing.csv,,,,,
US Route 201,45.238222990353066,-69.99632645,trunk,2007932,US 201,crossing.csv,,,,,
Valley Road,40.32203703906287,-77.0774446,secondary,394916,PA 850,crossing.csv,,,,,
Valley Road,37.404723,-79.894788,tertiary,2007649,SR 779,crossing.csv,,,,,
Valley View Drive,40.93540811141613,-75.19684319,secondary,394916,PA 191,crossing.csv,,,,,
Vermont Route 100,43.67441613791154,-72.80947968,primary,392991,VT 100,crossing.csv,,,,,
Vermont Route 103,43.52144434476676,-72.9250269,trunk,392991,VT 103,crossing.csv,,,,,
Vermont Route 11 30,43.20681291867519,-72.97079773,primary,392991,VT 11;VT 30,crossing.csv,,,,,
Vermont Route 14,43.71225430000004,-72.4173581,secondary,392991,VT 14,crossing.csv,,,,,
Vermont Route 140 East,43.45569018448472,-72.93421266,secondary,392991,VT 140,crossing.csv,,,,,
Vermont Route 9,42.884969113213636,-73.1158543,trunk,392991,VT 9,crossing.csv,,,,,
Vernon Warwick Road,41.219399752541456,-74.45528621,secondary,2007688,NJ 94;CR 515,crossing.csv,,,,,
Virginia Avenue,37.33810849999999,-80.7559784,trunk,2007649,US 460,crossing.csv,,,,,
Virginia Avenue,37.3415414,-80.7591601,trunk,2007649,US 460,crossing.csv,,,,,
Wachachau Tower Road,35.410643128833506,-83.76576019,track,2007645,,crossing.csv,,,,,
Wadleigh Pond Road,45.76342860105872,-69.17572432,unclassified,2007932,,crossing.csv,,,,,
Wadleigh Pond Road,45.7793766,-69.1727422,track,2007932,,crossing.csv,,,,,
Walnut Mountain Road,36.22184910843784,-82.00413797,residential,2007647,,crossing.csv,,,,,
Walnut Street,40.38928643389001,-77.0307334,residential,394916,,crossing.csv,,,,,
Waring Drive,40.98302173,-75.14046127,residential,394916,,crossing.csv,,,,,
Warner Hollow Road,39.65599131287098,-77.53851251,residential,2007644,,crossing.csv,,,,,
Warren Turnpike Road,41.94702633290097,-73.36370702,residential,3352289,,crossing.csv,,,,,
Warren Turnpike Road,41.9355712,-73.3613519,residential,3352289,,crossing.csv,,,,,
Warwick Turnpike,41.2015221,-74.3915251,tertiary,2007688,,crossing.csv,,,,,
Washington Monument Road,39.49795261489517,-77.62012454,residential,2007644,,crossing.csv,,,,,
Washington Mountain Road,42.37703400000001,-73.150812,tertiary,2991960,,crossing.csv,,,,,
Water Street,36.6313093,-81.7921262,residential,2007649,SR T1203,crossing.csv,,,,,
Water Street,41.9561323,-73.367598,tertiary,3352289,,crossing.csv,,,,,
Water Tower Road,39.85076337184036,-77.51072876,track,394916,,crossing.csv,,,,,
Waterline Trail,39.84182191050431,-77.5052179,track,394916,,crossing.csv,,,,,
Waterville Road,35.78429039999999,-83.1136842,unclassified,2007647,,crossing.csv,,,,,
Watia Road,35.3405608,-83.6053107,service,2007645,,crossing.csv,,,,,
Wawayanda Road,41.20300000000001,-74.400746,track,2007688,,crossing.csv,,,,,
Wayah Bald Road,35.170696603420055,-83.58316485,unclassified,2007645,FS 69,crossing.csv,,,,,
Wayah Road,35.15393247132763,-83.58023837,tertiary,2007645,,crossing.csv,,,,,
Wayside Road Extension,43.65905429413003,-72.6084196,track,392991,,crossing.csv,,,,,
Webster Road,42.2524726,-73.1789085,residential,2991960,,crossing.csv,,,,,
Wertzville Road,40.28443320198007,-77.09393154,secondary,394916,PA 944,crossing.csv,,,,,
Wesley Road,37.3991418,-79.8999958,track,2007649,SR 653,crossing.csv,,,,,
West Blue Grass Trail,36.983494052780635,-81.40640579,secondary,2007649,VA 42,crossing.csv,,,,,
West Branch Road,42.361693,-73.1532089,unclassified,2991960,,crossing.csv,,,,,
West Cornwall Road,41.873429722354174,-73.39113298,tertiary,3352289,,crossing.csv,,,,,
West Dover Road,41.60295623759305,-73.61152146,tertiary,2007688,CR 20,crossing.csv,,,,,
West Housatonic Street,42.4695205,-73.1589536,tertiary,2991960,,crossing.csv,,,,,
West Laurel Avenue,36.63555721,-81.79164042,trunk,2007649,US 58,crossing.csv,,,,,
West Mombasha Road,41.27004403714186,-74.21484455,tertiary,2007688,CR 91,crossing.csv,,,,,
West Old Murphy Road,35.0980707,-83.526742,tertiary,2007645,,crossing.csv,,,,,
West Road,42.153804289177494,-73.37467025,residential,2991960,,crossing.csv,,,,,
West Wheelock Street,43.70241995250668,-72.28949154,primary,2007646,NH 10A,crossing.csv,,,,,
Weverton Road,39.33271439617159,-77.68214426,unclassified,2007644,,crossing.csv,,,,,
Whiskey Springs Road,40.09828999999997,-77.1286473,tertiary,394916,,crossing.csv,,,,,
White Mountain Road,44.2568881,-71.2522734,trunk,2007646,NH 16,crossing.csv,,,,,
White Rock Tower Road,36.23312499919415,-82.1166368,track,2007647,FS 71-2,crossing.csv,,,,,
Whitetop Road,36.646195225577735,-81.58297127,tertiary,2007649,SR 600,crossing.csv,,,,,
Wiggins Spring Road,37.75965328948032,-79.19533576,unclassified,2007649,SR 755,crossing.csv,,,,,
Wiggins Spring Road,37.7799409,-79.1822088,track,2007649,,crossing.csv,,,,,
Wilbur Dam Road,36.3286449,-82.1116161,residential,2007647,,crossing.csv,,,,,
Wilderness Road,37.170737,-80.902198,tertiary,2007649,SR 606,crossing.csv,,,,,
Wiley House Station Road,44.1680149,-71.3873363,service,2007646,,crossing.csv,,,,,
Windsor Road,36.887537,-81.371293,secondary,2007649,SR 683,crossing.csv,,,,,
Wolfsville Road,39.63001514500528,-77.55904702,secondary,2007644,,crossing.csv,,,,,
Woodrow Road,40.0288947,-77.3664273,unclassified,394916,,crossing.csv,,,,,
Woods Road,41.141273,-74.858597,track,2007688,,crossing.csv,,,,,
Wyman Road,45.2969686,-69.5396483,residential,2007932,,crossing.csv,,,,,
Wyrick Trail,37.137008,-81.1336121,residential,2007649,,crossing.csv,,,,,
Yellow Creek Road,35.41071649,-83.76579577,residential,2007645,,crossing.csv,,,,,
York Road,40.172945399999996,-77.1210546,primary,394916,PA 74,crossing.csv,,,,,
Andover ME,44.667844,-70.892984,22,147.94,1859.051,resupply.csv,,,,,
Appalachian Market,41.350974,-73.925842,113.05,43.75,1371.46,resupply.csv,,,,,
Bennington VT,42.885147,-73.11573,102.64,39.5,1564.368,resupply.csv,,,,,
Big Meadows Wayside,38.519465,-78.443374,19.62,200.59,902.819,resupply.csv,,,,,
Bland VA,37.137208,-81.132805,44.82,206.57,575.901,resupply.csv,,,,,
Boiling Springs PA,40.150161,-77.127182,7.6,14.43,1094.457,resupply.csv,,,,,
Buena Vista VA,37.674002,-79.334428,72.02,178.49,778.307,resupply.csv,,,,,
Caratunk ME,45.238152,-69.996332,25.35,181.57,1954.594,resupply.csv,,,,,
Carlisle PA,40.194864,-77.108359,21.6,168.1,1098.393,resupply.csv,,,,,
Catawaba VA,37.371403,-80.149856,34.28,85.53,686.277,resupply.csv,,,,,
Cherokee NC,35.611282,-83.425821,57.85,216.47,203.02,resupply.csv,,,,,
Cheshire MA,42.562003,-73.157026,14.95,136.12,1533.156,resupply.csv,,,,,
Daleville VA,37.393662,-79.90623,30.79,9.46,711.914,resupply.csv,,,,,
Dalton MA,42.474305,-73.159783,23.22,284.04,1524.896,resupply.csv,,,,,
Damascus VA,36.634032,-81.783623,12.63,38.75,457.945,resupply.csv,,,,,
Delaware Water Gap PA,40.982919,-75.140541,96.6,212.4,1261.974,resupply.csv,,,,,
Duncannon PA,40.391502,-77.031133,341.77,206.08,1118.661,resupply.csv,,,,,
Elkwallow Wayside,38.739041,-78.307651,1.82,278.11,929.308,resupply.csv,,,,,
Erwin TN,36.110571,-82.360765,50.65,91.61,344.06,resupply.csv,,,,,
Erwin TN,36.1054,-82.448382,11.01,132.8,336.237,resupply.csv,,,,,
Fayetteville PA,39.905692,-77.48971,32.78,219.82,1056.275,resupply.csv,,,,,
Fontana Dam NC,35.452001,-83.801084,240.56,303.8,162.91,resupply.csv,,,,,
Fort Montgomery NY,41.315981,-73.989487,87.07,168.01,1365.441,resupply.csv,,,,,
Franklin TN,35.121635,-83.546572,147.09,86.25,107.449,resupply.csv,,,,,
Front Royal VA,38.878088,-78.150403,35.55,174.83,948.055,resupply.csv,,,,,
Gatlinburg TN,35.611237,-83.42534,33.25,168.86,203.04,resupply.csv,,,,,
Glasgow VA,37.596727,-79.389983,37.72,203.41,767.692,resupply.csv,,,,,
Gorham NH,44.400092,-71.11197,15.01,82.22,1822.811,resupply.csv,,,,,
Gorham NH,44.256788,-71.252174,44.83,144.58,1804.497,resupply.csv,,,,,
Great Barrington MA,42.153478,-73.364468,7.04,240.81,1478.89,resupply.csv,,,,,
Hamburg PA,40.574033,-76.020155,51.18,188.58,1188.236,resupply.csv,,,,,
Hampton TN,36.30201,-82.127965,41.29,205.26,416.704,resupply.csv,,,,,
Hanover NH,43.702467,-72.289535,24.39,204.8,1692.926,resupply.csv,,,,,
Harpers Ferry WV,39.323213,-77.729821,23.4,4.84,999.955,resupply.csv,,,,,
Harriman NY,41.267453,-74.158959,26.21,69.93,1346.273,resupply.csv,,,,,
Hiawassee GA,34.802493,-83.742943,72.05,41.27,52.55,resupply.csv,,,,,
Hiawassee GA,34.912473,-83.619347,146.35,304.91,68.299,resupply.csv,,,,,
Hot Springs NC,35.891885,-82.82934,135.24,241.02,268.675,resupply.csv,,,,,
Kent CT,41.731136,-73.49061,52.97,30.14,1426.79,resupply.csv,,,,,
Killington VT,43.680497,-72.782139,46.43,268.01,1654.032,resupply.csv,,,,,
Lee MA,42.289247,-73.158131,63.3,310.56,1506.409,resupply.csv,,,,,
Lewis Mountain Campground,38.434886,-78.477153,35.4,214.9,894.992,resupply.csv,,,,,
Loft Mountain Wayside,38.259819,-78.655577,26.73,212.09,870.784,resupply.csv,,,,,
Luray VA,38.66254,-78.322785,29.91,254.98,920.988,resupply.csv,,,,,
Manchester Center VT,43.207053,-72.970226,105.9,80.02,1601.759,resupply.csv,,,,,
Marion VA,36.811455,-81.420884,85.66,216.59,519.674,resupply.csv,,,,,
Millinocket ME,45.834989,-68.963113,156.24,110.84,2076.119,resupply.csv,,,,,
Monson ME,45.331392,-69.535389,37.28,268.26,1984.496,resupply.csv,,,,,
Mountain Crossings,34.73538,-83.917895,58.75,15.51,32.545,resupply.csv,,,,,
Mountain Harbour Hostel,36.177748,-82.012059,148.43,326.75,384.136,resupply.csv,,,,,
Nantahala Outdoor Center  NOC,35.332246,-83.591901,157.86,91.63,134.208,resupply.csv,,,,,
North Adams MA,42.699658,-73.155298,133.03,120.84,1547.241,resupply.csv,,,,,
North Woodstock and Lincoln NH,44.040466,-71.790848,269.36,116.83,1742.127,resupply.csv,,,,,
North Woodstock and Lincoln NH,44.110715,-71.682723,32.12,160.47,1756.197,resupply.csv,,,,,
Palmerton PA,40.783791,-75.60585,37.37,9.69,1227.197,resupply.csv,,,,,
Pawling NY,41.592755,-73.587756,72.71,273.14,1408.494,resupply.csv,,,,,
Pearisburg VA,37.334389,-80.756164,49.45,236.92,620.091,resupply.csv,,,,,
Peekskill NY,41.319857,-73.988189,43.21,51.28,1365.868,resupply.csv,,,,,
Pine Grove Furnace Store,40.032055,-77.307322,43.92,64.89,1075.359,resupply.csv,,,,,
Pine Grove PA,40.507404,-76.37764,216.73,346.77,1162.66,resupply.csv,,,,,
Port Clinton PA,40.580194,-76.025133,33.02,238.44,1187.705,resupply.csv,,,,,
Port Jervis NY,41.305086,-74.670038,92.66,114.44,1302.546,resupply.csv,,,,,
Quarter Way Inn,36.958715,-81.394981,5.67,17,540.523,resupply.csv,,,,,
Rangeley ME,44.887005,-70.540509,150.3,217.76,1891.76,resupply.csv,,,,,
Rutland VT,43.521108,-72.924929,60.96,123.06,1632.024,resupply.csv,,,,,
Salisbury CT,41.989321,-73.417854,117.75,314.66,1458.308,resupply.csv,,,,,
Skyland Resort,38.591928,-78.379191,88.24,222.47,911.526,resupply.csv,,,,,
Smithsburg MD,39.630023,-77.558975,55.28,81.06,1029.99,resupply.csv,,,,,
Standing Bear Hostel,35.783068,-83.102272,15.84,56.89,236.122,resupply.csv,,,,,
Stratton ME,45.103395,-70.356767,32.71,95,1920.479,resupply.csv,,,,,
The Appalachian Station at 19E,36.176951,-82.01119,102.87,341.99,384.073,resupply.csv,,,,,
Trent's Grocery,37.17068,-80.902217,21.48,194.88,593.939,resupply.csv,,,,,
Troutdale VA,36.720578,-81.46198,33.95,27.8,505.765,resupply.csv,,,,,
Unionville NY,41.296615,-74.562632,7.06,53.15,1310.791,resupply.csv,,,,,
Vernon NJ,41.219082,-74.455204,95.54,171.5,1321.713,resupply.csv,,,,,
Waynesboro PA,39.630023,-77.558975,55.28,81.06,1029.99,resupply.csv,,,,,
Waynesboro VA,38.032662,-78.858887,38.5,12.26,842.373,resupply.csv,,,,,
Williamstown MA,42.699911,-73.156199,95.91,287.05,1547.234,resupply.csv,,,,,
Wind Gap PA,40.860629,-75.292794,9.17,305.85,1247.021,resupply.csv,,,,,
501 Shelter,40.51251,-76.3469,411.45,334.55,1164.422,shelter.csv,,,,,
A. Rufus Morgan Shelter,35.32418,-83.5902,149.87,56.11,133.255,shelter.csv,,,,,
Abingdon Gap Shelter,36.58101,-81.9022,159.28,291.76,447.687,shelter.csv,,,,,
Alec Kennedy Shelter,40.11192,-77.1043,487.55,160.07,1090.612,shelter.csv,,,,,
Allentown Hiking Club Shelter,40.68306,-75.8744,156.82,127.57,1209.438,shelter.csv,,,,,
Amicalola Falls State Park,34.56265,-84.24763,19504.37,210.82,0,shelter.csv,,,,,
Antietam Shelter,39.79381,-77.483,42.26,150.62,1046.07,shelter.csv,,,,,
Bailey Gap Shelter,37.40086,-80.5772,5.81,270.72,642.676,shelter.csv,,,,,
Bake Oven Knob Shelter,40.75412,-75.7274,106.52,223.03,1219.169,shelter.csv,,,,,
Bald Mountain Brook Lean-to,45.25854,-69.7999,335.87,131.42,1968.262,shelter.csv,,,,,
Bald Mountain Shelter,36,-82.4783,189.27,30.03,319.995,shelter.csv,,,,,
Baldpate Lean-to,44.59837,-70.9123,505.21,176.69,1851.863,shelter.csv,,,,,
Bearfence Mountain Hut,38.44408,-78.4707,298.52,117.03,895.782,shelter.csv,,,,,
Beaver Brook Shelter,44.03296,-71.8118,276.09,302.85,1740.872,shelter.csv,,,,,
Bellows Pipe Shelter,42.6441,-73.1547,1501.27,114.85,1541.598,shelter.csv,,,,,
Bemis Mountain Lean-to,44.8103,-70.7565,169.24,159.71,1875.556,shelter.csv,,,,,
Big Branch Shelter,43.36407,-72.9469,90.71,183.52,1617.047,shelter.csv,,,,,
Birch Run Shelter,39.98459,-77.4207,385.62,199.19,1065.846,shelter.csv,,,,,
Black Gap Shelter,34.61756,-84.1988,277.62,351.69,1.221,shelter.csv,,,,,
Blackrock Hut,38.21408,-78.7427,469.37,136.88,862.497,shelter.csv,,,,,
Blood Mountain Shelter,34.73996,-83.9375,75.78,175.68,30.302,shelter.csv,,,,,
Blue Mountain Shelter,34.81711,-83.7668,185.34,30.29,50.421,shelter.csv,,,,,
Bobblets Gap Shelter,37.4672,-79.7014,500.6,328.01,730.069,shelter.csv,,,,,
Brassie Brook Shelter,42.02833,-73.4536,175.05,90.98,1463.036,shelter.csv,,,,,
Brink Road Shelter,41.1532,-74.8382,761.83,357.01,1285.658,shelter.csv,,,,,
Bromley Shelter,43.2395,-72.9372,138.97,277.47,1605.372,shelter.csv,,,,,
Brown Fork Gap Shelter,35.37424,-83.7339,413.79,345.11,149.782,shelter.csv,,,,,
Brown Mountain Creek Shelter,37.71023,-79.2682,184.75,26.49,787.195,shelter.csv,,,,,
Bryant Ridge Shelter,37.53004,-79.5856,20.47,121.76,743.301,shelter.csv,,,,,
Byrds Nest #3 Hut,38.63441,-78.32375,103.67,352.83,917.739,shelter.csv,,,,,
Cable Gap Shelter,35.41522,-83.7736,76.62,258.27,155.806,shelter.csv,,,,,
Calf Mountain Shelter,38.08552,-78.7868,1419.63,353.28,848.876,shelter.csv,,,,,
Campbell Shelter,37.39079,-80.0295,191.19,200.73,696.607,shelter.csv,,,,,
Carl A. Newhall Lean-to,45.5305,-69.3155,188.24,284.62,2017.51,shelter.csv,,,,,
Carlo Col Shelter & Campsite,44.48859,-71.0167,979.95,349.51,1837.638,shelter.csv,,,,,
Carter Gap Shelter,34.99987,-83.4949,171.09,105.78,91.765,shelter.csv,,,,,
Carter Notch Hut,44.2593,-71.1959,441.96,223.45,1809.381,shelter.csv,,,,,
Catawba Mountain Shelter,37.3882,-80.0574,263.66,178.66,694.066,shelter.csv,,,,,
Chairback Gap Lean-to,45.45293,-69.2627,78.8,96.13,2008.277,shelter.csv,,,,,
Chatfield Shelter,36.84991,-81.3633,163.65,274.61,526.255,shelter.csv,,,,,
Cherry Gap Shelter,36.12924,-82.2642,97.57,305.64,352.412,shelter.csv,,,,,
Chestnut Knob Shelter,37.05769,-81.3995,68.38,308.42,554.418,shelter.csv,,,,,
Churchill Scott Shelter,43.64489,-72.85339,350.24,218.45,1646.961,shelter.csv,,,,,
Clarendon Shelter,43.52353,-72.9131,272.83,185,1633.057,shelter.csv,,,,,
Clarks Ferry Shelter,40.39222,-76.994,190.33,103.55,1122.986,shelter.csv,,,,,
Cloud Pond Lean-to,45.41892,-69.3522,848.96,147.81,2002.193,shelter.csv,,,,,
Cloudland Market Shelter,43.69214,-72.4931,1603.32,4.72,1676.802,shelter.csv,,,,,
Clyde Smith Shelter,36.14844,-82.1613,235.11,342.22,361.296,shelter.csv,,,,,
Cold Spring Shelter,35.2309,-83.5599,90.6,178.25,122.797,shelter.csv,,,,,
Congdon Shelter,42.84805,-73.1104,90.19,269.49,1560.429,shelter.csv,,,,,
Cooper Brook Falls Lean-to,45.64053,-69.088,24.54,359.52,2035.045,shelter.csv,,,,,
Cooper Lodge Shelter,43.60595,-72.8229,33.02,247.47,1642.958,shelter.csv,,,,,
Cornelius Creek Shelter,37.49391,-79.5472,263.84,209.29,748.17,shelter.csv,,,,,
Cosby Knob Shelter,35.72708,-83.1822,289.58,140.89,225.824,shelter.csv,,,,,
Cove Mountain Shelter,40.36346,-77.0678,561.81,165.04,1115.108,shelter.csv,,,,,
Cove Mountain Shelter,37.51171,-79.6511,79.79,178.07,736.477,shelter.csv,,,,,
Cow Camp Gap Shelter,37.74662,-79.2133,565.11,187.44,792.585,shelter.csv,,,,,
Crampton Gap Shelter,39.41253,-77.6376,864.6,82.54,1010.163,shelter.csv,,,,,
Curley Maple Gap Shelter,36.10417,-82.397,39.34,65.76,340.147,shelter.csv,,,,,
Dahlgren Backpack Campground,39.49203,-77.60148,3604.3,68.72,1017.355,shelter.csv,,,,,
Darlington Shelter,40.30198,-77.0874,281.29,97.47,1108.093,shelter.csv,,,,,
Davenport Gap Shelter,35.76922,-83.1237,104.81,16.83,232.746,shelter.csv,,,,,
David Lesser Memorial Shelter,39.22718,-77.7795,235,135.85,990.909,shelter.csv,,,,,
Davis Path Campsite,36.91444,-81.3769,105.67,304.07,533.424,shelter.csv,,,,,
Deep Gap Shelter,34.88235,-83.6462,1095.22,147.55,65.051,shelter.csv,,,,,
Deer Hill Shelter,42.62935,-73.194,3422.44,324.02,1539.095,shelter.csv,,,,,
Deer Lick Shelters,39.76619,-77.4852,148.58,15.04,1043.803,shelter.csv,,,,,
Deer Park Mountain Shelter,35.87583,-82.8614,212.28,81.24,265.378,shelter.csv,,,,,
Derrick Knob Shelter,35.56625,-83.6419,86.46,175.27,185.683,shelter.csv,,,,,
Dicks Dome Shelter,38.96992,-77.997,648.98,126.86,962.943,shelter.csv,,,,,
Docs Knob Shelter,37.27021,-80.8364,55.37,338.08,610.9,shelter.csv,,,,,
Double Spring Gap Shelter,35.56517,-83.5429,51.1,99.22,192.935,shelter.csv,,,,,
Double Springs Shelter,36.50897,-81.9862,85.49,237.71,439.642,shelter.csv,,,,,
Eagles Nest Shelter,40.54929,-76.1527,1385.5,318.36,1178.696,shelter.csv,,,,,
East Branch Lean-to,45.59676,-69.1988,84.56,0.21,2027.445,shelter.csv,,,,,
Eckville Shelter,40.63284,-75.9588,456.47,84.85,1202.132,shelter.csv,,,,,
Ed Garvey Shelter,39.35645,-77.6643,281.92,165.2,1005.913,shelter.csv,,,,,
Eliza Brook Campsite Shelter,44.10078,-71.7424,114.71,5.89,1748.62,shelter.csv,,,,,
Ensign Cowall Shelter,39.62774,-77.5576,705.66,176.05,1030.095,shelter.csv,,,,,
Ethan Pond Campsite Shelter,44.17719,-71.4271,558.9,2.59,1778.561,shelter.csv,,,,,
Fingerboard Shelter,41.26328,-74.1044,172.48,143.05,1350.509,shelter.csv,,,,,
Flint Mountain Shelter,36.03479,-82.5969,142.24,249.8,300.986,shelter.csv,,,,,
Frye Notch Lean-to,44.62772,-70.9008,34.01,265.81,1854.935,shelter.csv,,,,,
Full Goose Shelter,44.5251,-70.9814,113.29,12.44,1841.575,shelter.csv,,,,,
Fullhardt Knob Shelter,37.39847,-79.8539,160.52,108.09,717.166,shelter.csv,,,,,
Galehead Hut,44.18781,-71.5694,291.41,207.13,1767.671,shelter.csv,,,,,
Garfield Ridge Campsite & Shelter,44.19063,-71.6088,338.83,347.51,1765.28,shelter.csv,,,,,
Gentian Pond Shelter & Campsite,44.45175,-71.0699,574.42,176.95,1833.283,shelter.csv,,,,,
George W. Outerbridge Shelter,40.78249,-75.6183,36.23,260.41,1226.383,shelter.csv,,,,,
Gifford Woods State Park,43.6761,-72.8117,419.01,9.07,1651.788,shelter.csv,,,,,
Glen Brook Shelter,42.11114,-73.4283,430.99,109.9,1471.157,shelter.csv,,,,,
Goddard Shelter,42.97413,-73.0726,108.68,246.78,1573.646,shelter.csv,,,,,
Gooch Mountain Shelter,34.655688,-84.049951,275.27,33.42,17.423,shelter.csv,,,,,
Governor Clement Shelter,43.56456,-72.8488,96.39,171.51,1638.918,shelter.csv,,,,,
Gravel Springs Hut,38.76347,-78.2345,583.52,174.96,935.051,shelter.csv,,,,,
Greenleaf Hut,44.16027,-71.6608,4282.42,265.21,1762.105,shelter.csv,,,,,
Greenwall Shelter,43.44042,-72.9291,1348.91,119.39,1624.836,shelter.csv,,,,,
Gren Anderson Shelter,41.19939,-74.7531,544.35,338.81,1291.974,shelter.csv,,,,,
Groundhog Creek Shelter,35.78166,-83.0263,522.31,253,243.224,shelter.csv,,,,,
Guyot Campsite Shelter,44.16097,-71.5356,2662.85,188.4,1770.271,shelter.csv,,,,,
Hall Mountain Lean-to,44.70084,-70.8251,80.38,267.39,1864.447,shelter.csv,,,,,
Happy Hill Shelter,43.72387,-72.3657,548.35,216.97,1687.315,shelter.csv,,,,,
Harpers Creek Shelter,37.85641,-79.0012,415.98,13.71,816.051,shelter.csv,,,,,
Hawk Mountain Shelter,34.66583,-84.1364,460.8,23.29,10.32,shelter.csv,,,,,
Helveys Mill Shelter,37.13262,-81.1044,508.08,180.08,578.076,shelter.csv,,,,,
Hexacuba Shelter,43.87397,-72.029,302.16,234.49,1719.602,shelter.csv,,,,,
High Point Shelter,41.32775,-74.6438,228.3,157.14,1305.272,shelter.csv,,,,,
Hightop Hut,38.33304,-78.5586,483.15,348.24,883.411,shelter.csv,,,,,
Hogback Ridge Shelter,35.96395,-82.5872,534.37,174.84,310.177,shelter.csv,,,,,
Horns Pond Lean-tos,45.14423,-70.3306,102.46,262.73,1925.036,shelter.csv,,,,,
Horseshoe Canyon Lean-to,45.28279,-69.6281,263.32,282.47,2155.632,shelter.csv,,,,,
Hurd Brook Lean-to,45.81853,-69.019,108.88,285.49,2072.719,shelter.csv,,,,,
Hurricane Mountain Shelter,36.71535,-81.5095,220.69,2.21,500.84,shelter.csv,,,,,
Icewater Spring Shelter,35.62969,-83.3864,131.5,196.07,206.076,shelter.csv,,,,,
Imp Campsite Shelter,44.3289,-71.1506,534.5,248.78,1815.941,shelter.csv,,,,,
Iron Mountain Shelter,36.43553,-81.991,79.7,6.01,432.073,shelter.csv,,,,,
James Fry  (Tagg Run) Shelter,40.06297,-77.2064,1206.04,173.65,1082.619,shelter.csv,,,,,
Jeffers Brook Shelter,43.99655,-71.8894,296.7,320.78,1734.692,shelter.csv,,,,,
Jenkins Shelter,37.09339,-81.2478,212.26,344.15,564.72,shelter.csv,,,,,
Jenny Knob Shelter,37.15498,-80.9803,359.42,239.8,587.583,shelter.csv,,,,,
Jerry Cabin Shelter,36.05647,-82.6574,85.08,164.73,294.547,shelter.csv,,,,,
Jim & Molly Denton Shelter,38.88996,-78.0833,242.04,275.81,953.095,shelter.csv,,,,,
Johns Hollow Shelter,37.613,-79.3921,200.65,54.97,769.457,shelter.csv,,,,,
Johns Spring/Boy Scout Shelter,37.38531,-80.0741,67.48,143.42,692.934,shelter.csv,,,,,
KATAHDIN (BAXTER PEAK),45.9044,-68.9213,54.31,109.55,2214.416,shelter.csv,,,,,
Kay Wood Shelter,42.4525,-73.1619,630.63,137.5,1522.047,shelter.csv,,,,,
Kid Gore Shelter,43.01303,-73.0416,694.51,136.13,1577.466,shelter.csv,,,,,
Kinsman Pond Campsite Shelter,44.13685,-71.7328,434.51,173.24,1751.916,shelter.csv,,,,,
Kirkridge Shelter,40.9367,-75.1869,305.37,274.4,1255.904,shelter.csv,,,,,
Knot Maul Branch Shelter,37.00066,-81.4046,91.85,233.68,545.239,shelter.csv,,,,,
Lake of the Clouds Hut,44.25894,-71.3193,119.2,335.1,1791.194,shelter.csv,,,,,
Lamberts Meadow Shelter,37.43456,-79.9878,179.75,234.5,702.537,shelter.csv,,,,,
Laurel Creek Shelter,37.35891,-80.4212,93.54,67.68,657.453,shelter.csv,,,,,
Laurel Fork Shelter,36.27856,-82.1364,161.59,71.63,409.682,shelter.csv,,,,,
Leeman Brook Lean-to,45.35158,-69.4993,133.66,341.01,1987.233,shelter.csv,,,,,
Leroy A. Smith Shelter,40.83935,-75.3598,369.43,148.45,1242.604,shelter.csv,,,,,
Limestone Spring Shelter,41.97513,-73.3923,912.45,120.94,1455.262,shelter.csv,,,,,
Little Bigelow Lean-to,45.13912,-70.1916,180.53,6.31,1934.225,shelter.csv,,,,,
Little Laurel Shelter,36.01499,-82.7359,113.02,222.02,287.734,shelter.csv,,,,,
Little Rock Pond Shelter,43.40422,-72.9536,33.08,271.9,1620.575,shelter.csv,,,,,
Logan Brook Lean-to,45.56114,-69.2354,135.79,274.64,2024.067,shelter.csv,,,,,
Lonesome Lake Hut,44.13846,-71.7037,138.61,320.91,1753.583,shelter.csv,,,,,
Long Branch Shelter,35.05891,-83.4789,242.78,295.78,98.338,shelter.csv,,,,,
Long Pond Stream Lean-to,45.42193,-69.4102,382.89,30.62,1998.549,shelter.csv,,,,,
Lost Mountain Shelter,36.64406,-81.6563,124.97,197.36,473.357,shelter.csv,,,,,
Lost Pond Shelter,43.34543,-72.9531,99.16,338.44,1615.19,shelter.csv,,,,,
Low Gap Shelter,34.77618,-83.8247,331.21,186.5,43.451,shelter.csv,,,,,
Madison Spring Hut,44.32776,-71.2835,79.02,212.47,1797.672,shelter.csv,,,,,
Manassas Gap Shelter,38.93059,-78.0331,157.85,148.47,958.492,shelter.csv,,,,,
Mark Noepel Shelter,42.60855,-73.1845,496.19,23.48,1537.782,shelter.csv,,,,,
Mashipacong Shelter,41.25212,-74.6868,53.35,197.89,1297.428,shelter.csv,,,,,
Matts Creek Shelter,37.59945,-79.4135,32.44,215.75,765.624,shelter.csv,,,,,
Maupin Field Shelter,37.88488,-78.9939,478.4,244,822.13,shelter.csv,,,,,
Max Epperson Shelter,34.557958,-84.248828,21162.38,209.28,0,shelter.csv,,,,,
Melville Nauheim Shelter,42.88778,-73.0962,115.09,131.02,1565.768,shelter.csv,,,,,
Minerva Hinchey Shelter,43.48779,-72.925,47.85,104.74,1629.47,shelter.csv,,,,,
Mizpah Spring Hut,44.21934,-71.3701,15.94,216.09,1786.786,shelter.csv,,,,,
Mollies Ridge Shelter,35.54578,-83.7936,11.91,63.6,173.806,shelter.csv,,,,,
Moose Mountain Shelter,43.72782,-72.1475,675.83,151.5,1703.397,shelter.csv,,,,,
Moreland Gap Shelter,36.22012,-82.0885,50.7,248.07,401.912,shelter.csv,,,,,
Morgan Stewart Memorial Shelter,41.56455,-73.6921,49.68,78.32,1398.309,shelter.csv,,,,,
Mountaineer Shelter,36.2022,-81.98569,1189.39,193.55,389.004,shelter.csv,,,,,
Moxie Bald Lean-to,45.27059,-69.7458,50.13,166.05,2147.159,shelter.csv,,,,,
Mt. Algo Shelter,41.73165,-73.4967,258.39,356.05,1426.416,shelter.csv,,,,,
Mt. Collins Shelter,35.59374,-83.4714,1161.97,1.5,198.945,shelter.csv,,,,,
Mt. Wilcox North Shelter,42.22102,-73.2506,887.16,124.96,1491.766,shelter.csv,,,,,
Mt. Wilcox South Shelters,42.20781,-73.2685,155.26,106.78,1489.903,shelter.csv,,,,,
Muskrat Creek Shelter,35.02054,-83.5816,50.75,138.5,79.814,shelter.csv,,,,,
Niday Shelter,37.38749,-80.2644,100.82,153,669.656,shelter.csv,,,,,
No Business Knob Shelter,36.06677,-82.4336,67.16,0.98,330.199,shelter.csv,,,,,
October Mountain Shelter,42.35487,-73.1545,160.68,25.74,1513.634,shelter.csv,,,,,
Old Job Shelter,43.35407,-72.9289,4514.9,129.11,1616.69,shelter.csv,,,,,
Old Orchard Shelter,36.68321,-81.5112,73.22,259.58,495.99,shelter.csv,,,,,
Osgood Tent Site,44.30859,-71.25512,48.85,215.84,1800.108,shelter.csv,,,,,
Overmountain Shelter,36.12354,-82.0544,491.49,103.62,375.349,shelter.csv,,,,,
Partnership Shelter,36.8094,-81.4226,30.2,185.21,519.46,shelter.csv,,,,,
Pass Mountain Hut,38.67657,-78.3192,694.97,111.83,922.228,shelter.csv,,,,,
Paul C. Wolfe Shelter,37.98564,-78.8839,170.38,319.1,837.457,shelter.csv,,,,,
Pecks Brook Shelter,42.62521,-73.1673,3299.09,162.82,1540.46,shelter.csv,,,,,
Pecks Corner Shelter,35.65074,-83.3086,790.6,166.52,213.106,shelter.csv,,,,,
Peru Peak Shelter,43.30132,-72.9529,24.01,270.44,1611.03,shelter.csv,,,,,
Peters Mountain Shelter,40.42579,-76.8797,157.79,354.35,1129.654,shelter.csv,,,,,
Piazza Rock Lean-to,44.90411,-70.5314,74.34,269.35,1893.398,shelter.csv,,,,,
Pickle Branch Shelter,37.3881,-80.1911,450.84,199.73,679.343,shelter.csv,,,,,
Pico Camp Shelter,43.63903,-72.831,1251.62,48.45,1645.574,shelter.csv,,,,,
Pierce Pond Lean-to,45.24033,-70.056,290.54,355.1,1951.009,shelter.csv,,,,,
Pine Knob Shelter,39.5425,-77.6024,708.78,355.02,1022.046,shelter.csv,,,,,
Pine Swamp Branch Shelter,37.42209,-80.6088,147.56,177.29,638.769,shelter.csv,,,,,
Pine Swamp Brook Shelter,41.88163,-73.3921,203.08,43.44,1443.496,shelter.csv,,,,,
Pinefield Hut,38.29055,-78.646,332.59,230.77,875.346,shelter.csv,,,,,
Pleasant Pond Lean-to,45.2706,-69.9168,579.88,188.61,1960.085,shelter.csv,,,,,
Plumorchard Gap Shelter,34.94604,-83.5883,663.4,113.14,72.769,shelter.csv,,,,,
Pochuck Mountain Shelter,41.27167,-74.5163,344.78,335.29,1315.722,shelter.csv,,,,,
Pogo Memorial Campsite,39.57536,-77.60148,1624.85,299.74,1024.785,shelter.csv,,,,,
Poplar Ridge Lean-to,44.97003,-70.4463,115.34,349.89,1901.146,shelter.csv,,,,,
Potaywadjo Spring Lean-to,45.70658,-69.0079,146.01,328.42,2045.778,shelter.csv,,,,,
Punchbowl Shelter,37.67775,-79.3388,826.96,354.28,777.92,shelter.csv,,,,,
Quarry Gap Shelters,39.93196,-77.4867,80.21,258.29,1058.754,shelter.csv,,,,,
Rainbow Stream Lean-to,45.79909,-69.171,110.76,244.36,2062.391,shelter.csv,,,,,
Rattle River Shelter,44.37994,-71.108,140.23,317.49,1821.012,shelter.csv,,,,,
Rausch Gap Shelter,40.49853,-76.6005,476.98,240.09,1147.537,shelter.csv,,,,,
Raven Rock Shelter,39.67203,-77.5246,1185.78,128.94,1034.852,shelter.csv,,,,,
Rice Field Shelter,37.37479,-80.7586,246.62,184.59,626.93,shelter.csv,,,,,
Riga Shelter,42.01458,-73.4477,1388.26,15.01,1461.533,shelter.csv,,,,,
Roan High Knob Shelter,36.10496,-82.1227,384.62,201.74,368.893,shelter.csv,,,,,
Roaring Fork Shelter,35.82234,-82.9386,166.41,27.74,253.862,shelter.csv,,,,,
Rock Gap Shelter,35.09144,-83.5231,145.07,270.22,103.522,shelter.csv,,,,,
Rock Spring Hut,38.55307,-78.4086,188.16,355.73,907.083,shelter.csv,,,,,
Rocky Mountain Shelters,39.86856,-77.5009,305.04,100.25,1053.42,shelter.csv,,,,,
Rocky Run Shelters,39.46081,-77.6314,906.21,228.43,1014.779,shelter.csv,,,,,
Rod Hollow Shelter,39.04782,-77.9444,736.38,330.76,970.888,shelter.csv,,,,,
RPH Shelter,41.51438,-73.7929,194.21,183.47,1389.852,shelter.csv,,,,,
Russell Field Shelter,35.56174,-83.7666,41.03,335.87,176.924,shelter.csv,,,,,
Rutherford Shelter,41.27747,-74.6785,892.88,148.87,1300.347,shelter.csv,,,,,
Sabbath Day Pond Lean-to,44.84104,-70.6629,202.79,342.07,1883.09,shelter.csv,,,,,
Sam Moore Shelter,39.09064,-77.8866,365.66,169.92,977.36,shelter.csv,,,,,
Sarver Hollow Shelter,37.35545,-80.3352,1022.69,141.58,664.342,shelter.csv,,,,,
Sassafras Gap Shelter,35.33068,-83.667,252.06,159.91,140.939,shelter.csv,,,,,
Saunders Shelter,36.6377,-81.7132,541.28,350.58,466.727,shelter.csv,,,,,
Seeley-Woodworth Shelter,37.81893,-79.1551,242.44,156.38,802.252,shelter.csv,,,,,
Seth Warner Shelter,42.77184,-73.1376,911.56,342.01,1553.583,shelter.csv,,,,,
Siler Bald Shelter,35.14414,-83.5725,950.4,350.07,111.176,shelter.csv,,,,,
Silers Bald Shelter,35.5642,-83.5683,17.78,144.03,191.286,shelter.csv,,,,,
Smarts Mountain Cabin,43.82529,-72.0378,13.98,342.14,1714.9,shelter.csv,,,,,
Spaulding Mountain Lean-to,44.99575,-70.3418,225.99,231.96,1908.379,shelter.csv,,,,,
Speck Pond Shelter & Campsite,44.56462,-70.9741,344.82,263.84,1845.67,shelter.csv,,,,,
Spence Field Shelter,35.5618,-83.7327,679.71,185.4,179.669,shelter.csv,,,,,
Spring Mountain Shelter,35.95148,-82.7902,115.39,196.49,279.353,shelter.csv,,,,,
Springer Mountain Shelter,34.62915,-84.1931,450.63,119.17,2.84,shelter.csv,,,,,
Spruce Peak Shelter,43.1786,-72.9957,429.74,259.91,1599.078,shelter.csv,,,,,
Stan Murray Shelter,36.11227,-82.0659,130.64,236.84,373.854,shelter.csv,,,,,
Standing Indian Shelter,35.04183,-83.5482,162.22,330.3,84.547,shelter.csv,,,,,
Stewart Hollow Brook Shelter,41.7786,-73.4198,283.04,301.36,1433.695,shelter.csv,,,,,
Stony Brook Shelter,43.69179,-72.7306,270.51,229.27,1658.035,shelter.csv,,,,,
Story Spring Shelter,43.05054,-73.013,117.35,332.32,1581.912,shelter.csv,,,,,
Stover Creek Shelter,34.650258,-84.197267,174.36,30.57,5.224,shelter.csv,,,,,
Stratton Pond Shelter,43.10141,-72.9688,1764.86,233.98,1591.82,shelter.csv,,,,,
Telephone Pioneers Shelter,41.60427,-73.6193,287.27,203.2,1405.646,shelter.csv,,,,,
Ten Mile River Shelter,41.66507,-73.5099,314.65,165.4,1418.058,shelter.csv,,,,,
The Birches Lean-tos & Campsite,45.8816,-68.9951,1268.52,113.38,2085.039,shelter.csv,,,,,
The Hemlocks Shelter,42.1099,-73.429,289,109.88,1471.061,shelter.csv,,,,,
The Priest Shelter,37.81775,-79.0706,339.54,128.89,808.932,shelter.csv,,,,,
The RMS Perch Shelter,44.3245,-71.311,3245.25,332.88,1796.247,shelter.csv,,,,,
Thistle Hill Shelter,43.69517,-72.4758,615.71,189.25,1678.265,shelter.csv,,,,,
Thomas Knob Shelter,36.65656,-81.5354,120.24,141.38,485.29,shelter.csv,,,,,
Thunder Hill Shelter,37.52738,-79.5042,150.78,122.96,753.246,shelter.csv,,,,,
Tom Floyd Wayside Shelter,38.85039,-78.1639,187.71,242.18,945.233,shelter.csv,,,,,
Tom Leonard Shelter,42.16483,-73.3062,41.74,127.08,1485.116,shelter.csv,,,,,
Toms Run Shelters,40.03429,-77.3573,33.25,168.73,1071.865,shelter.csv,,,,,
Trapper John Shelter,43.78303,-72.112,1008.4,262.07,1708.832,shelter.csv,,,,,
Tray Mountain Shelter,34.80396,-83.6769,274.67,3.03,57.952,shelter.csv,,,,,
Tri-corner Knob Shelter,35.69367,-83.2567,124.84,95.75,218.361,shelter.csv,,,,,
Trimpi Shelter,36.74918,-81.4806,402.21,93.86,509.771,shelter.csv,,,,,
Tucker Johnson Camping Area,43.6792,-72.8436,1538.99,1,1649.518,shelter.csv,,,,,
Tumbling Run Shelters,39.805,-77.4783,157.91,296.79,1047.133,shelter.csv,,,,,
Upper Goose Pond Cabin,42.28865,-73.1813,2125.78,358.78,1503.359,shelter.csv,,,,,
Vandeventer Shelter,36.36694,-82.059,60.65,218.19,425.431,shelter.csv,,,,,
Velvet Rocks Shelter,43.70247,-72.2652,642.97,328.57,1694.632,shelter.csv,,,,,
Wadleigh Stream Lean-to,45.74733,-69.1452,165.34,184.5,2055.19,shelter.csv,,,,,
Walnut Mountain Shelter,35.83645,-82.9367,59.18,235.67,255.619,shelter.csv,,,,,
Wapiti Shelter,37.22394,-80.8241,200.34,202.26,601.829,shelter.csv,,,,,
War Spur Shelter,37.39754,-80.474,51.67,247.72,651.278,shelter.csv,,,,,
Watauga Lake Shelter,36.31388,-82.1295,58.2,303.47,418.495,shelter.csv,,,,,
Wawayanda Shelter,41.20219,-74.3985,148.57,50.46,1326.316,shelter.csv,,,,,
Wayah Bald Shelter,35.18945,-83.5644,151.41,196.36,118.143,shelter.csv,,,,,
Wesser Bald Shelter,35.28235,-83.5822,172.58,243.09,128.491,shelter.csv,,,,,
West Carry Pond Lean-to,45.15803,-70.09977,185.22,178.4,1941.515,shelter.csv,,,,,
West Mountain Shelter,41.2841,-74.0111,4513.62,158.12,1360.593,shelter.csv,,,,,
Whitley Gap Shelter,34.71239,-83.8344,4841.63,161.41,38.863,shelter.csv,,,,,
Wilbur Clearing Shelter,42.66848,-73.1698,686.11,145.67,1544.131,shelter.csv,,,,,
Wildcat Shelter,41.26835,-74.2683,469.12,329.13,1337.342,shelter.csv,,,,,
Wiley Shelter,41.63775,-73.5327,26.82,291.26,1414.143,shelter.csv,,,,,
William B Douglas Shelter,43.1445,-72.9914,1219.02,227.79,1595.866,shelter.csv,,,,,
William Brien Memorial Shelter,41.2797,-74.0599,110.17,349.14,1355.529,shelter.csv,,,,,
William Penn Shelter,40.4956,-76.4144,340.45,132.09,1160.497,shelter.csv,,,,,
Wilson Creek Shelter,37.41926,-79.7857,40.15,18.53,723.07,shelter.csv,,,,,
Wilson Valley Lean-to,45.39796,-69.4601,292.3,153.05,1994.11,shelter.csv,,,,,
Windsor Furnace Shelter,40.590664,-75.941126,546.15,357.82,1193.394,shelter.csv,,,,,
Wintturi Shelter,43.66218,-72.6226,789.49,328.81,1666.311,shelter.csv,,,,,
Wise Shelter,36.65392,-81.4986,83.02,192,490.197,shelter.csv,,,,,
Woods Hole Shelter,34.73713,-83.955,1046.71,313.19,28.764,shelter.csv,,,,,
Zealand Falls Hut,44.19571,-71.4948,29.42,242.31,1773.831,shelter.csv,,,,,
Abenaki Brook ,44.227796399999995,-71.36477569999998,River/Stream,0.008676566,Closest Point,water.csv,,,,,
Abol Stream ,45.83809786570341,-68.96141306899078,River/Stream,0,Intersection Point,water.csv,,,,,
Adaline Branch Craig Creek ,37.3866777,-80.26837979999999,River/Stream,0.008767075,Closest Point,water.csv,,,,,
Aden Branch ,35.621312599999996,-83.4011645,River/Stream,0.006641054,Closest Point,water.csv,,,,,
Ammonoosuc River ,44.253444,-71.3262121,River/Stream,0.014147198,Closest Point,water.csv,,,,,
Androscoggin River ,44.40431237159308,-71.11474743528733,River/Stream,0,Intersection Point,water.csv,,,,,
Angell Branch ,37.4153099,-79.9419434,River/Stream,0,Intersection Point,water.csv,,,,,
Annapolis Rock Spring ,39.5561177,-77.5974313,Spring,0,Original Point,water.csv,,,,,
Annsville Creek ,41.3494295,-73.9251244,River/Stream,0.001594354,Closest Point,water.csv,,,,,
Anthony Branch ,35.5633288,-83.5864708,River/Stream,0.002453285,Closest Point,water.csv,,,,,
Anthony Brook ,42.5088067,-73.16564970000002,River/Stream,0.006360879,Closest Point,water.csv,,,,,
Anthony Creek ,35.56503026456121,-83.73527924132091,River/Stream,0.004017299,Closest Point,water.csv,,,,,
Anthony Pond ,42.51084530000001,-73.16471109999999,Pond,0.00490923,Closest Point,water.csv,,,,,
Apple Orchard Creek ,37.50959309948506,-79.52623034777884,River/Stream,0.001396579,Closest Point,water.csv,,,,,
Apple Orchard Creek ,37.50970240000001,-79.5281973,River/Stream,0.003292871,Closest Point,water.csv,,,,,
Apple Orchard Creek ,37.509495,-79.5306958,River/Stream,0.003475594,Closest Point,water.csv,,,,,
Apple Orchard Creek ,37.5103748,-79.53378839999999,River/Stream,0.004544178,Closest Point,water.csv,,,,,
Ashley Lake ,42.38694399999999,-73.15532999999999,Lake,0.00617902,Closest Point,water.csv,,,,,
Assaguam Brook ,44.2268206,-71.3658491,River/Stream,0.003863133,Closest Point,water.csv,,,,,
Avalanche Brook ,44.166070600000005,-71.3950948,River/Stream,0.004413869,Closest Point,water.csv,,,,,
Bake Oven Knob Shelter Spring #1 ,40.7536799,-75.7271759,Spring,0,Original Point,water.csv,,,,,
Bake Oven Knob Shelter Spring #2 ,40.7527074,-75.7272363,Spring,0,Original Point,water.csv,,,,,
Bake Oven Knob Shelter Spring #3 ,40.7515879,-75.7244871,Spring,0,Original Point,water.csv,,,,,
Bakers Ridge Creek ,36.4912968,-81.97429379999998,River/Stream,0.001954332,Closest Point,water.csv,,,,,
Bald Mountain Pond ,45.274897799999984,-69.7356212,Other,0.004037103,Closest Point,water.csv,,,,,
Bald Mountain Stream ,45.27576453934983,-69.68661182289237,River/Stream,0.00126135,Closest Point,water.csv,,,,,
Ball Brook ,42.02210001699114,-73.45506258012972,River/Stream,0,Intersection Point,water.csv,,,,,
Barnard Brook ,43.67205728914258,-72.55374247004777,River/Stream,0,Intersection Point,water.csv,,,,,
Barnes Branch ,35.75244608517733,-83.16619864548603,River/Stream,0.002691382,Closest Point,water.csv,,,,,
Barnett Branch ,36.04502521891099,-82.43312263613402,River/Stream,0.002637591,Closest Point,water.csv,,,,,
Barnett Branch ,36.0472865,-82.4352678,River/Stream,0.005178879,Closest Point,water.csv,,,,,
Barney Brook ,42.867383480552164,-73.1323281920166,River/Stream,0.000785116,Closest Point,water.csv,,,,,
Barton Brook ,42.46271300219676,-73.16715497565067,River/Stream,0.002317218,Closest Point,water.csv,,,,,
Basin Branch ,35.386771499999995,-83.7608439,River/Stream,0.003636228,Closest Point,water.csv,,,,,
Battery Creek ,37.55661119999999,-79.4584948,River/Stream,0.000748448,Closest Point,water.csv,,,,,
Battery Creek ,37.5579082,-79.4578698,River/Stream,0.001300559,Closest Point,water.csv,,,,,
Battery Creek ,37.56209239999999,-79.44529529999998,River/Stream,0.007574268,Closest Point,water.csv,,,,,
Bean Brook ,45.7795805,-69.1813722,River/Stream,0.002292231,Closest Point,water.csv,,,,,
Bear Branch ,36.180142774726484,-82.0121254280787,River/Stream,0,Intersection Point,water.csv,,,,,
Bear Hollow ,38.878887134441975,-78.1383738027248,River/Stream,0,Intersection Point,water.csv,,,,,
Bear Pond ,45.36373059999999,-69.46722329999999,Other,0.002895007,Closest Point,water.csv,,,,,
Bear River ,44.59091192313316,-70.9453331152918,River/Stream,0,Intersection Point,water.csv,,,,,
Bear Rock Falls ,42.0622033,-73.4368758,Waterfall,0,Original Point,water.csv,,,,,
Bear Rock Stream ,42.06312193616845,-73.43736340956794,River/Stream,0,Intersection Point,water.csv,,,,,
Bear Swamp Brook ,42.7485997,-73.14287959999999,River/Stream,0.011048888,Closest Point,water.csv,,,,,
Beartree Lake ,36.65429579999999,-81.6862223,Lake,,Closest Point,water.csv,,,,,
Bearwallow Creek ,36.13296375527776,-82.2583072443586,River/Stream,0.001254301,Closest Point,water.csv,,,,,
Bearwallow Creek ,36.13090569999999,-82.2623667,River/Stream,0.003386069,Closest Point,water.csv,,,,,
Beaver Brook ,44.037667799999994,-71.80063466727741,River/Stream,0.000158734,Closest Point,water.csv,,,,,
Beaver Dam Creek ,36.62392989999999,-81.80166049999998,River/Stream,,Closest Point,water.csv,,,,,
Beaver Pond ,41.06044379859021,-74.95986874050578,Pond,0.000160798,Closest Point,water.csv,,,,,
Bee Cove Creek ,35.5666157,-83.7117563,River/Stream,0.00533001,Closest Point,water.csv,,,,,
Beech Flats Prong ,35.610940622917795,-83.43767736655612,River/Stream,0.001287084,Closest Point,water.csv,,,,,
Beech Flats Prong ,35.610836000000006,-83.43713459999998,River/Stream,0.003185063,Closest Point,water.csv,,,,,
Beech Flats Prong ,35.618226,-83.4099148,River/Stream,0.016345505,Closest Point,water.csv,,,,,
Beechy Bottom Brook ,41.29916408124878,-74.0289293213857,River/Stream,0,Intersection Point,water.csv,,,,,
Bell Pond ,45.34171320000001,-69.52135030000001,Other,0.000159418,Closest Point,water.csv,,,,,
Belle Cove Branch ,37.64613510000001,-79.3763173,River/Stream,0.007713549,Closest Point,water.csv,,,,,
Bemis Stream ,44.834670300000006,-70.7206169,River/Stream,0,Intersection Point,water.csv,,,,,
Benedict Pond ,42.2009906,-73.2828034,Other,0.000120619,Closest Point,water.csv,,,,,
Big Black Branch ,43.372732983724966,-72.96233185620596,River/Stream,0,Intersection Point,water.csv,,,,,
Big Branch ,36.26433918114943,-82.1231645613069,River/Stream,0,Intersection Point,water.csv,,,,,
Big Cove Branch ,37.5903226,-79.4430482,River/Stream,0,Intersection Point,water.csv,,,,,
Big Creek ,36.031797572664736,-82.4205188525419,River/Stream,0,Intersection Point,water.csv,,,,,
Big Fill Hollow ,38.54864789999999,-78.4164418,River/Stream,0.003810276,Closest Point,water.csv,,,,,
Big Hellgate Creek ,37.58800302584995,-79.45403892425524,River/Stream,0.003096199,Closest Point,water.csv,,,,,
Big Laurel Branch ,36.34691251325453,-82.08115038276503,River/Stream,0.002599638,Closest Point,water.csv,,,,,
Big Niagara Falls ,45.8693463,-69.0374746,Waterfall,0,Original Point,water.csv,,,,,
Big Rock Creek ,36.132282200000006,-82.2455327,River/Stream,0.056136389,Closest Point,water.csv,,,,,
Big Spur Branch ,36.454452235580355,-81.9736362095711,River/Stream,0.004240395,Closest Point,water.csv,,,,,
Big Stony Creek ,37.41446057436675,-80.58448150160692,River/Stream,0,Intersection Point,water.csv,,,,,
Big Tommy Branch ,35.5208687,-83.81524819999998,River/Stream,0.003809851,Closest Point,water.csv,,,,,
Big Wilson Creek ,36.655366859014734,-81.49848302485698,River/Stream,,Closest Point,water.csv,,,,,
Big Wilson Stream ,45.39870683732023,-69.4706572481756,River/Stream,0,Intersection Point,water.csv,,,,,
Bill Creek ,36.1503574,-82.19020799999998,River/Stream,0.003963323,Closest Point,water.csv,,,,,
Bills Creek ,35.66889320000001,-83.2911107,River/Stream,0.001819365,Closest Point,water.csv,,,,,
Birch Run ,39.98514590331474,-77.418525067344,River/Stream,0,Intersection Point,water.csv,,,,,
Birchlog Creek ,36.1447986,-82.2318721,River/Stream,0.002010948,Closest Point,water.csv,,,,,
Black Brook ,44.72132337187803,-70.78584136480312,River/Stream,0,Intersection Point,water.csv,,,,,
Black Rock Creek ,39.57364716193394,-77.58975491500878,River/Stream,0,Intersection Point,water.csv,,,,,
Blackman Branch ,36.40594190000001,-82.01880009999999,River/Stream,0.000356427,Closest Point,water.csv,,,,,
Blackrock Springs ,38.2080147,-78.7520179,Spring,0,Original Point,water.csv,,,,,
Blind Brook ,43.0078892,-73.04723509999998,River/Stream,0.007131244,Closest Point,water.csv,,,,,
Bloody Brook ,43.71101428206812,-72.31273962287548,River/Stream,0,Intersection Point,water.csv,,,,,
Bockey Swamp Brook ,41.27940310000001,-74.0598242,River/Stream,0.003979914,Closest Point,water.csv,,,,,
Boomer Branch ,35.57241580000001,-83.61918059999999,River/Stream,0.005427641,Closest Point,water.csv,,,,,
Bourn Brook ,43.1511296,-73.0016738,River/Stream,0.001803117,Closest Point,water.csv,,,,,
Bowen Branch ,36.445807410704326,-81.9811697627213,River/Stream,0.00184235,Closest Point,water.csv,,,,,
Bowling Branch ,36.220326,-82.0921166,River/Stream,0.00415355,Closest Point,water.csv,,,,,
Bowling Green Creek ,36.114934000000005,-82.3466491,River/Stream,0.003007932,Closest Point,water.csv,,,,,
Brassie Brook ,42.04016539999999,-73.4550836,River/Stream,0.003314572,Closest Point,water.csv,,,,,
Brassie Brook ,42.02531880000001,-73.45196949999999,River/Stream,0.006299282,Closest Point,water.csv,,,,,
Brewers Brook ,43.6378756,-72.8439565,River/Stream,0.018072164,Closest Point,water.csv,,,,,
Broccy Creek ,41.32499369999999,-73.96181549999999,River/Stream,0.002133154,Closest Point,water.csv,,,,,
Bromley Brook ,43.20770985337483,-72.96873957025005,River/Stream,0,Intersection Point,water.csv,,,,,
Brown Fork ,35.371249299999995,-83.74124539999998,River/Stream,0.001183581,Closest Point,water.csv,,,,,
Brown Mountain Creek ,37.7002121,-79.2700428,River/Stream,6.24E-05,Closest Point,water.csv,,,,,
Brown Mountain Creek ,37.7204192,-79.2610574,River/Stream,0.000711551,Closest Point,water.csv,,,,,
Brown Mountain Creek ,37.7383682,-79.2282754,River/Stream,0.00152597,Closest Point,water.csv,,,,,
Buck Creek ,36.1763678,-82.0109657,River/Stream,0,Intersection Point,water.csv,,,,,
Buck Fork ,35.7028166,-83.26132189999998,River/Stream,0.004250573,Closest Point,water.csv,,,,,
Buckeye Gap Prong ,35.578492399999995,-83.60125069999998,River/Stream,0.003233948,Closest Point,water.csv,,,,,
Buffalo Creek ,37.40416556189445,-79.89010345166113,River/Stream,0,Intersection Point,water.csv,,,,,
Bull Branch ,44.545686399999994,-70.9773794,River/Stream,0.000957798,Closest Point,water.csv,,,,,
Bulls Bridge Canal Spillway Dam ,41.672679699999996,-73.50989019999999,Dam,0.003943634,Closest Point,water.csv,,,,,
Burd Run ,39.977343482033916,-77.45241202573115,River/Stream,0,Intersection Point,water.csv,,,,,
Burnt Brook ,44.18402079999999,-71.62547749999999,River/Stream,0.004086806,Closest Point,water.csv,,,,,
Burnt Ridge Branch ,35.5617001,-83.7586658,River/Stream,0.003681691,Closest Point,water.csv,,,,,
Burroughs Brook ,44.673638232737375,-70.86383442540031,River/Stream,0,Intersection Point,water.csv,,,,,
Byron Weston Dam ,42.473917134253355,-73.15640185704675,Dam,0.000125581,Closest Point,water.csv,,,,,
Cabin Branch ,37.387510899999995,-80.26958669999999,River/Stream,0.000886655,Closest Point,water.csv,,,,,
Cabin Branch ,37.38112579999999,-80.2596357,River/Stream,0.002917654,Closest Point,water.csv,,,,,
Cabin Creek ,36.6435101,-81.5164545,River/Stream,,Closest Point,water.csv,,,,,
Cady Brook ,42.39851356933064,-73.15096933549125,River/Stream,0,Intersection Point,water.csv,,,,,
Caesar Brook ,41.84853808398024,-73.38328010158278,River/Stream,0,Intersection Point,water.csv,,,,,
Caledonia Creek ,40.9791182719857,-75.13647633196419,River/Stream,0.00134093,Closest Point,water.csv,,,,,
Caledonia Water Company Pond ,39.8881162,-77.49449960000001,Other,0.005117363,Closest Point,water.csv,,,,,
Calhoun Branch ,35.56936989999999,-83.6691909,River/Stream,0.001035173,Closest Point,water.csv,,,,,
Camel Hump Creek ,35.72621939999999,-83.20396859999998,River/Stream,0.00609603,Closest Point,water.csv,,,,,
Camp Ten Branch ,36.2233997,-82.0427522,River/Stream,0.002901281,Closest Point,water.csv,,,,,
Campbell Creek ,36.4680325,-81.95552089999998,River/Stream,0.003873471,Closest Point,water.csv,,,,,
Canopus Creek ,41.4533045,-73.8361327,River/Stream,0.00035406,Closest Point,water.csv,,,,,
Canopus Creek ,41.429065699999995,-73.8512333,River/Stream,0.003013496,Closest Point,water.csv,,,,,
Canopus Creek ,41.38861399999999,-73.87822339999998,River/Stream,0.005448422,Closest Point,water.csv,,,,,
Canopus Lake ,41.46722820000001,-73.8303442,Lake,0.001674692,Closest Point,water.csv,,,,,
Canopus Lake ,41.4594754,-73.8366583,Lake,0.00281278,Closest Point,water.csv,,,,,
Carbaugh Run ,39.9076259,-77.48327909999999,River/Stream,0.005136788,Closest Point,water.csv,,,,,
Carolina Prong ,35.7677087,-83.1331519,River/Stream,0.002342806,Closest Point,water.csv,,,,,
Carolina Prong ,35.76406454963282,-83.15099168707029,River/Stream,0.003342121,Closest Point,water.csv,,,,,
Carolina Prong ,35.7711022,-83.127916,River/Stream,0.004398156,Closest Point,water.csv,,,,,
Carolina Prong ,35.76508606442494,-83.13743290244905,River/Stream,0.004421111,Closest Point,water.csv,,,,,
Carolina Prong ,35.7657001,-83.1420673,River/Stream,0.004496015,Closest Point,water.csv,,,,,
Carriger Spring Branch ,36.36180710000001,-82.06458809999998,River/Stream,0.00323594,Closest Point,water.csv,,,,,
Carse Brook ,41.87245854994064,-73.39199700126112,River/Stream,0,Intersection Point,water.csv,,,,,
Cascade Brook ,44.11338324718738,-71.66693109410329,River/Stream,0,Intersection Point,water.csv,,,,,
Cascade on South Brook ,42.5562633,-73.1448591,Waterfall,0,Original Point,water.csv,,,,,
Cascade Stream ,44.9031544,-70.53554689999999,River/Stream,0.019237569,Closest Point,water.csv,,,,,
Catawba Creek ,37.356707178160505,-80.14074154972451,River/Stream,0,Intersection Point,water.csv,,,,,
Catfish Pond ,41.034342300000006,-74.9943706,Other,0.003925841,Closest Point,water.csv,,,,,
Cedar Run ,38.557094799999994,-78.38680479999998,River/Stream,0.004669205,Closest Point,water.csv,,,,,
Center Pond ,42.47405974923386,-73.156816407018,Other,0,Intersection Point,water.csv,,,,,
Chapel Pond ,41.7156452,-73.502392,Pond,0.005611459,Closest Point,water.csv,,,,,
Charles Creek ,36.1040168,-82.1155136,River/Stream,0.004040981,Closest Point,water.csv,,,,,
Chase Brook ,45.133910239262704,-70.18584478246116,River/Stream,0.00027802,Closest Point,water.csv,,,,,
Chasm Prong ,35.649811799999995,-83.35667139999998,River/Stream,0.003073631,Closest Point,water.csv,,,,,
Chatttahoochee Gap ,34.8226218,-83.79688,Other,0,Original Point,water.csv,,,,,
Chesapeake and Ohio Canal ,39.32932573050729,-77.6813734539502,River/Stream,0,Intersection Point,water.csv,,,,,
Chestnut Branch ,35.76141696419483,-83.16115348265868,River/Stream,0,Intersection Point,water.csv,,,,,
Childress Branch ,37.78437550474813,-79.1774229364208,River/Stream,0.004274475,Closest Point,water.csv,,,,,
Choggam Brook ,41.7503227657785,-73.4727669212564,River/Stream,0,Intersection Point,water.csv,,,,,
Church Pond ,45.65174919047996,-69.04146758102071,Pond,0.001090127,Closest Point,water.csv,,,,,
Cindy Linda Lake ,41.22488299999999,-74.307403,Lake,0.003274709,Closest Point,water.csv,,,,,
City Brook ,42.0912215,-73.4376644,River/Stream,0.005452148,Closest Point,water.csv,,,,,
City Stream ,42.8843484135834,-73.1153138500241,River/Stream,0,Intersection Point,water.csv,,,,,
Clarke Creek ,36.1578399,-82.2154943,River/Stream,0.004073681,Closest Point,water.csv,,,,,
Clear Fork ,36.131399599999995,-82.2805118,River/Stream,0.004286284,Closest Point,water.csv,,,,,
Clear Fork ,36.13089119999999,-82.2798581,River/Stream,0.004392382,Closest Point,water.csv,,,,,
Clear Fork ,36.12969389999999,-82.27522479999999,River/Stream,0.004449285,Closest Point,water.csv,,,,,
Clingmans Creek ,35.5670652,-83.4901974,River/Stream,0.003630404,Closest Point,water.csv,,,,,
Cloud Pond ,45.419634,-69.3575478,Other,0.00118697,Closest Point,water.csv,,,,,
Cody Branch ,35.36160149999999,-83.7163024,River/Stream,0.00273247,Closest Point,water.csv,,,,,
Cody Branch ,35.39577520000001,-83.76587349999998,River/Stream,0.003522663,Closest Point,water.csv,,,,,
Cody Branch ,35.406216400000005,-83.7689883,River/Stream,0.003843236,Closest Point,water.csv,,,,,
Cody Branch ,35.40491130000001,-83.76817609999999,River/Stream,0.00421054,Closest Point,water.csv,,,,,
Cold River ,43.526273,-72.9222377,River/Stream,0.032606688,Closest Point,water.csv,,,,,
Coldspring Branch ,35.4967785,-83.813164,River/Stream,0.0020597,Closest Point,water.csv,,,,,
Collins Brook ,42.544587199999995,-73.14778709999999,River/Stream,0.005300872,Closest Point,water.csv,,,,,
Comers Creek ,36.7192346,-81.4803647,River/Stream,,Closest Point,water.csv,,,,,
Connecticut River ,43.70368915249804,-72.29966409142376,River/Stream,0,Intersection Point,water.csv,,,,,
Conocheague Creek ,39.90770808212639,-77.4834225882982,River/Stream,0,Intersection Point,water.csv,,,,,
Cook Branch ,35.337568899999994,-83.6545426,River/Stream,0.004118793,Closest Point,water.csv,,,,,
Cooley Brook ,41.188782,-74.34676199999998,River/Stream,0.002730149,Closest Point,water.csv,,,,,
Coon Branch ,35.337568899999994,-83.6545426,River/Stream,0.004287376,Closest Point,water.csv,,,,,
Coon Den Branch ,36.25217659999999,-82.12179889999999,River/Stream,0.001787464,Closest Point,water.csv,,,,,
Coon Den Falls ,36.2534578,-82.1188916,Waterfall,0,Original Point,water.csv,,,,,
Cooper Brook ,45.62270607943341,-69.12232955620367,River/Stream,0,Intersection Point,water.csv,,,,,
Cooper Brook Deadwater ,45.6644969,-68.9903748,River/Stream,0.004930861,Closest Point,water.csv,,,,,
Copley Branch ,36.38855022345575,-82.03409858400138,River/Stream,0.002452383,Closest Point,water.csv,,,,,
Copperhead Branch ,35.716590200000006,-83.256052,River/Stream,0.004481965,Closest Point,water.csv,,,,,
Cornelius Creek ,37.494413304312495,-79.5463409012343,River/Stream,0,Intersection Point,water.csv,,,,,
Cosby Creek ,35.73961779999999,-83.1815727,River/Stream,0.003342927,Closest Point,water.csv,,,,,
Cow Camp Spring ,37.7474313,-79.211871,Spring,0,Original Point,water.csv,,,,,
Cowbell Rapid ,36.1008563,-82.4477318,Rapid,0,Original Point,water.csv,,,,,
Crabtree Creek ,37.82560539999999,-79.0794879,River/Stream,0.005614905,Closest Point,water.csv,,,,,
Craig Brook ,45.143264999999985,-70.2506751,River/Stream,0.00647114,Closest Point,water.csv,,,,,
Craig Creek ,37.379675317545626,-80.24621705130467,River/Stream,0,Intersection Point,water.csv,,,,,
Cranberry Pond ,45.13864679999998,-70.35461869999999,Other,0.002680126,Closest Point,water.csv,,,,,
Crater Lake ,41.1112186,-74.896889,Lake,0.000853706,Closest Point,water.csv,,,,,
Crescent Pond ,45.76970393373204,-69.18045428816747,Other,0.000279984,Closest Point,water.csv,,,,,
Cress Branch ,36.39748349999999,-82.02656509999998,River/Stream,0.002730527,Closest Point,water.csv,,,,,
Cress Branch ,36.397870699999984,-82.026224,River/Stream,0.005032657,Closest Point,water.csv,,,,,
Cripple Creek ,37.8303277,-79.03787880000002,River/Stream,0,Intersection Point,water.csv,,,,,
Crooked Run ,38.965175,-78.007935,River/Stream,0.009989011,Closest Point,water.csv,,,,,
Crystal Cascades Falls ,44.2607686,-71.2572674,Waterfall,0,Original Point,water.csv,,,,,
Curry Pond ,41.3425497,-73.94090669999999,Other,0.003338628,Closest Point,water.csv,,,,,
Cushaw Dam ,37.59440219999999,-79.3898487,Dam,0.003251295,Closest Point,water.csv,,,,,
Cutler River ,44.264527,-71.25505330000001,River/Stream,0.003923201,Closest Point,water.csv,,,,,
Daicey Pond ,45.88237569999999,-69.0256995,Other,0.000183026,Closest Point,water.csv,,,,,
Dark Hollow Run ,39.9399179,-77.48318729999998,River/Stream,0.004184634,Closest Point,water.csv,,,,,
Dave Branch ,36.1435084,-82.17513539999999,River/Stream,0.002085908,Closest Point,water.csv,,,,,
Davids Spring ,38.5295486,-78.4314859,Spring,0,Original Point,water.csv,,,,,
Deep Brook ,41.788351899999995,-73.4104026,River/Stream,0.000997879,Closest Point,water.csv,,,,,
Deep Creek ,35.572286899999995,-83.4825886,River/Stream,0.05176894,Closest Point,water.csv,,,,,
Deer Brook ,45.720755716548005,-69.02932569041388,River/Stream,0,Intersection Point,water.csv,,,,,
Deer Brook Pemadumcook Lake ,45.71384969999999,-69.01183849999998,Lake,0.003103625,Closest Point,water.csv,,,,,
Deer Creek ,35.71123690000001,-83.2530005,River/Stream,0.001195159,Closest Point,water.csv,,,,,
Deer Lick Brook ,43.00770800000001,-73.047504,River/Stream,0.014799194,Closest Point,water.csv,,,,,
Deer Lick Run ,39.76641879130416,-77.48512712516106,River/Stream,0,Intersection Point,water.csv,,,,,
Defeat Branch ,35.5658619,-83.6452606,River/Stream,0.003337171,Closest Point,water.csv,,,,,
Denton Clark Estate Dam ,41.2563614,-74.4983918,Dam,0,Original Point,water.csv,,,,,
Desolation Branch ,35.5692967,-83.6573831,River/Stream,0.001947619,Closest Point,water.csv,,,,,
Deuel Hollow Brook ,41.637094568646376,-73.52654243688555,River/Stream,0,Intersection Point,water.csv,,,,,
Devil Branch ,35.5657081,-83.52133129999999,River/Stream,0.004009122,Closest Point,water.csv,,,,,
Devils Creek ,36.0453978,-82.4308898,River/Stream,0.000799595,Closest Point,water.csv,,,,,
Devils Creek ,36.054026099999994,-82.43298609999998,River/Stream,0.001296863,Closest Point,water.csv,,,,,
Devils Creek ,36.0562598,-82.4333993,River/Stream,0.001505572,Closest Point,water.csv,,,,,
Devils Creek ,36.05781939999999,-82.4330744,River/Stream,0.001507507,Closest Point,water.csv,,,,,
Devils Creek ,36.05121015206346,-82.43456034999474,River/Stream,0.002057266,Closest Point,water.csv,,,,,
Devils Creek ,36.0612156,-82.43225019999998,River/Stream,0.003167104,Closest Point,water.csv,,,,,
Devils Ditch ,38.44394363607917,-78.47207248873048,River/Stream,0.001761318,Closest Point,water.csv,,,,,
Devil's Run ,39.7393312,-77.4891466,River/Stream,0.005058226,Closest Point,water.csv,,,,,
Devils Tater Patch Branch ,35.549349899999996,-83.78500229999999,River/Stream,0.004854687,Closest Point,water.csv,,,,,
Dickey Farm Branch ,37.3664161,-80.24633869999998,River/Stream,0.004688188,Closest Point,water.csv,,,,,
Dimick Brook ,43.70542168754975,-72.46268916045712,River/Stream,0,Intersection Point,water.csv,,,,,
Dismal Creek ,37.2288441,-80.8152929,River/Stream,0,Intersection Point,water.csv,,,,,
Dockery Lake ,34.70343429999999,-83.9851662,Lake,0,Intersection Point,water.csv,,,,,
Doe River ,36.1445598,-82.1441133,River/Stream,0.001211046,Closest Point,water.csv,,,,,
Doughty Ponds ,45.314926699999994,-69.546614,Pond,0.00129629,Closest Point,water.csv,,,,,
Doyles River ,38.24938240808968,-78.68786186153,River/Stream,0.003735692,Closest Point,water.csv,,,,,
Dream Lake ,44.44376990014341,-71.0953021864017,Lake,0.000647874,Closest Point,water.csv,,,,,
Dry Brook ,44.1375436,-71.6478094,River/Stream,0.004272687,Closest Point,water.csv,,,,,
Dry Brook ,44.13817183617447,-71.6474482777903,River/Stream,0.006566466,Closest Point,water.csv,,,,,
Dry Creek ,35.32887199999999,-83.6903703,River/Stream,0.004792108,Closest Point,water.csv,,,,,
Dummy Branch ,35.422990062966015,-83.79796873177342,River/Stream,0.004768033,Closest Point,water.csv,,,,,
Dunfield Creek ,40.97061104549344,-75.12640270746147,River/Stream,0,Intersection Point,water.csv,,,,,
Eagle Creek ,35.44610419999999,-83.7881749,River/Stream,0.004079295,Closest Point,water.csv,,,,,
Eagle Rocks Prong ,35.655703499999994,-83.30712049999998,River/Stream,0.002621285,Closest Point,water.csv,,,,,
East Branch Antietam Creek ,39.793425666961305,-77.48310861747883,River/Stream,0,Intersection Point,water.csv,,,,,
East Branch Deerfield River ,43.06111684197656,-72.96820153122562,River/Stream,0,Intersection Point,water.csv,,,,,
East Branch Housatonic River ,42.4740574829974,-73.15677528524971,River/Stream,0,Intersection Point,water.csv,,,,,
East Branch Housatonic River Reservoir ,42.4654518,-73.16792540000002,Other,0.004965609,Closest Point,water.csv,,,,,
East Branch Naked Creek ,38.4780699,-78.45185270000002,River/Stream,0.016735482975396464,Closest Point,water.csv,,,,,
East Branch Piscataquis River ,45.28383932687123,-69.5916989543981,River/Stream,0,Intersection Point,water.csv,,,,,
East Brook ,42.2386572,-73.2495282,River/Stream,0.002073135,Closest Point,water.csv,,,,,
East Carry Pond ,45.18672409999999,-70.05594319999999,Other,0.00012716,Closest Point,water.csv,,,,,
East Chairback Pond ,45.4681040244493,-69.27837771981001,Other,0.002030831,Closest Point,water.csv,,,,,
East Fork Dugger Branch ,36.419254099999996,-82.0053539,River/Stream,0.005522504,Closest Point,water.csv,,,,,
East Fork Elk Creek ,37.5758711,-79.4466904,River/Stream,0.003665027,Closest Point,water.csv,,,,,
East Hawksbill Creek ,38.5567362,-78.3968483,River/Stream,0.008348293,Closest Point,water.csv,,,,,
Eddy Pond ,44.91921239999999,-70.5244669,Other,0.000252798,Closest Point,water.csv,,,,,
Ekaneetlee Branch ,35.537711599999994,-83.80837430000001,River/Stream,0.004847735,Closest Point,water.csv,,,,,
Ekaneetlee Creek ,35.540073236135,-83.80186118746485,River/Stream,0,Intersection Point,water.csv,,,,,
Elbow Pond ,45.88291162674267,-69.01578402173388,Other,0.003199579,Closest Point,water.csv,,,,,
Elephant Head Brook ,44.2152882,-71.3765538,River/Stream,0.002943829,Closest Point,water.csv,,,,,
Eliza Brook ,44.102901929678985,-71.74108836330171,River/Stream,0.000437408,Closest Point,water.csv,,,,,
Elk Hollow Branch ,36.1090464,-82.07066859999999,River/Stream,0.002354689,Closest Point,water.csv,,,,,
Elk Hollow Branch ,36.110485499999996,-82.06035939999998,River/Stream,0.004517892,Closest Point,water.csv,,,,,
Elk Pond Branch ,37.812461279232295,-79.16020883262321,River/Stream,0,Intersection Point,water.csv,,,,,
Elk River ,36.20566297695552,-81.97748493131837,River/Stream,0.000200927,Closest Point,water.csv,,,,,
Elk River ,36.20341779999999,-81.97544529999999,River/Stream,0.000496837,Closest Point,water.csv,,,,,
Elk River ,36.21001860593624,-81.9756023582802,River/Stream,0.000749345,Closest Point,water.csv,,,,,
Elk River ,36.211867299999994,-81.97468299999998,River/Stream,0.001811092,Closest Point,water.csv,,,,,
Elk River ,36.21554514138796,-81.97589840028994,River/Stream,0.002313606,Closest Point,water.csv,,,,,
Elk River ,36.2176999,-81.97616909999999,River/Stream,0.005265449,Closest Point,water.csv,,,,,
Elk Run ,38.366667424107945,-78.53467508675462,River/Stream,0.007460136,Closest Point,water.csv,,,,,
Ellis River ,44.2476383,-71.22776929999999,River/Stream,0.02450641,Closest Point,water.csv,,,,,
Enchanted Creek ,37.6746391,-79.3330586,River/Stream,0.001558399,Closest Point,water.csv,,,,,
Enchanted Creek ,37.6737263,-79.33443989999999,River/Stream,0.001696808,Closest Point,water.csv,,,,,
Enchanted Creek ,37.675368397789036,-79.31921755402163,River/Stream,0.004243359,Closest Point,water.csv,,,,,
Enchanted Creek ,37.66790672561344,-79.28272122126222,River/Stream,0.004990806,Closest Point,water.csv,,,,,
Enloe Creek ,35.6530259,-83.30900309999998,River/Stream,0.001944374,Closest Point,water.csv,,,,,
Enloe Creek ,35.65554230000001,-83.30500509999999,River/Stream,0.004345772,Closest Point,water.csv,,,,,
Entry Run ,38.404677199999995,-78.4916025,River/Stream,0.00446814,Closest Point,water.csv,,,,,
Ethan Pond ,44.17612222314112,-71.42961627358027,Other,0.000448407,Closest Point,water.csv,,,,,
Ethel Pond ,44.9084748,-70.52366759999998,Other,0.00012279,Closest Point,water.csv,,,,,
Eureka Creek ,40.96769840000001,-75.1370351,River/Stream,0,Intersection Point,water.csv,,,,,
Face Camp Branch ,36.352122669723656,-82.07631374846844,River/Stream,0.003395597,Closest Point,water.csv,,,,,
Fall Branch ,36.1445062,-82.18002669999998,River/Stream,0.003973008,Closest Point,water.csv,,,,,
Falls Creek ,39.72319326945536,-77.50123655527612,River/Stream,0,Intersection Point,water.csv,,,,,
Falls of Dismal ,37.1858777,-80.9016386,Waterfall,0,Original Point,water.csv,,,,,
False Gap Prong ,35.6561858,-83.3578142,River/Stream,0.001726082,Closest Point,water.csv,,,,,
Fent Wiley Hollow ,39.08412299999999,-77.897012,River/Stream,0,Intersection Point,water.csv,,,,,
Fiery Run ,38.8853683,-78.09244719999998,River/Stream,0.011073496431583037,Closest Point,water.csv,,,,,
Finerty Pond ,42.31258400000001,-73.165543,Pond,2.12E-05,Closest Point,water.csv,,,,,
Finerty Pond Dam ,42.314956,-73.1630774,Dam,0,Original Point,water.csv,,,,,
Fish Camp Prong ,35.5670956,-83.58761079999998,River/Stream,0.003875829,Closest Point,water.csv,,,,,
Flattop Mountain Branch ,36.0443885,-82.4238819,River/Stream,0,Intersection Point,water.csv,,,,,
Fontana Dam ,35.45265011955761,-83.80504006122405,Dam,0,Intersection Point,water.csv,,,,,
Forney Creek ,35.5620803,-83.50421519999999,River/Stream,0.003847191,Closest Point,water.csv,,,,,
Foss and Knowlton Brook ,45.84181519988011,-68.98329529989331,River/Stream,0,Intersection Point,water.csv,,,,,
Fox Creek ,36.696989290861914,-81.50695004413643,River/Stream,,Intersection Point,water.csv,,,,,
Fox Pond ,45.616056099999994,-69.16097399999998,Other,0.004538605,Closest Point,water.csv,,,,,
Franklin Brook ,44.248466400000005,-71.3357235,River/Stream,0.005888521,Closest Point,water.csv,,,,,
Frowning Rock Prong ,35.6613703,-83.34489859999998,River/Stream,0.002434273,Closest Point,water.csv,,,,,
Fuller Lake,40.03132051191593,-77.29998662836917,Lake,0.000803687,Closest Point,water.csv,,,,,
Furnace Creek ,40.5896319791535,-75.9437284140844,River/Stream,0,Intersection Point,water.csv,,,,,
Garfield Pond ,44.18705459967273,-71.61837848209572,Pond,0.000274169,Closest Point,water.csv,,,,,
Garnett Brook ,41.994684799999995,-73.41036379999998,River/Stream,0.005352491,Closest Point,water.csv,,,,,
Garnett Brook ,41.9859969,-73.406261,River/Stream,0.009870337,Closest Point,water.csv,,,,,
Garrison Branch ,35.4232476,-83.8040914,River/Stream,0.002724459,Closest Point,water.csv,,,,,
Gentian Pond ,44.45332337452041,-71.07001736925483,Pond,0.000465344,Closest Point,water.csv,,,,,
Gibbs Brook ,44.22256850000001,-71.37019849999999,River/Stream,0.004791525,Closest Point,water.csv,,,,,
Glastenbury River ,43.020328,-73.03691009999999,River/Stream,0.006073497,Closest Point,water.csv,,,,,
Glen Brook ,42.1115413,-73.42979409999998,River/Stream,0.001409689,Closest Point,water.csv,,,,,
Glen Ellis Falls ,44.2442261,-71.2524741,Waterfall,0,Original Point,water.csv,,,,,
Goat Hollow ,38.1325871,-78.7781914,River/Stream,0.004032979,Closest Point,water.csv,,,,,
Gold Branch ,35.43630290000001,-83.79804689999999,River/Stream,0.001018534,Closest Point,water.csv,,,,,
Gold Branch ,35.4387019,-83.79629929999999,River/Stream,0.001930712,Closest Point,water.csv,,,,,
Gold Branch ,35.441902799999994,-83.79589689999999,River/Stream,0.003810224,Closest Point,water.csv,,,,,
Gooney Run ,38.761727,-78.2429458,River/Stream,0.004201164,Closest Point,water.csv,,,,,
Goose Creek ,38.90873044626249,-78.05370079667131,River/Stream,0,Intersection Point,water.csv,,,,,
Goose Pond ,42.2819815,-73.18473569999999,Other,0.003026956,Closest Point,water.csv,,,,,
Gordon Pond ,44.0700027,-71.759647,Pond,0.004285265,Closest Point,water.csv,,,,,
Gordon Pond Brook ,44.0758948,-71.7508129,River/Stream,0.01036137,Closest Point,water.csv,,,,,
Gore Brook ,42.51461181012,-73.1623049419166,River/Stream,0.008538141,Closest Point,water.csv,,,,,
Gore Pond ,42.52292898819484,-73.15507635282216,Pond,0.000602365,Closest Point,water.csv,,,,,
Goshen Prong ,35.565558,-83.5396173,River/Stream,0.006766692,Closest Point,water.csv,,,,,
Gould Brook ,43.53980409700825,-72.86661676627818,River/Stream,0.000485011,Closest Point,water.csv,,,,,
Granny Lewis Creek ,36.0472865,-82.4352678,River/Stream,0.00096888,Closest Point,water.csv,,,,,
Granny Lewis Creek ,36.0476367,-82.43566629999998,River/Stream,0.005069908,Closest Point,water.csv,,,,,
Grassy Pond ,45.88164158511245,-69.00756949428296,Other,0.000270004,Closest Point,water.csv,,,,,
Greasy Creek ,36.144579,-82.1836406,River/Stream,0.00529353,Closest Point,water.csv,,,,,
Greasy Run ,38.7618506898806,-78.27179677618156,River/Stream,0.003758508,Closest Point,water.csv,,,,,
Greasy Run ,38.76186599999999,-78.2729088,River/Stream,0.005824955,Closest Point,water.csv,,,,,
Greasy Spring Branch ,37.7975601,-79.1716138,River/Stream,0.003450214,Closest Point,water.csv,,,,,
Great Falls ,41.9625696,-73.3720677,Waterfall,0,Original Point,water.csv,,,,,
Great Falls Dam ,41.9630967,-73.37230930000001,Dam,0.00039689,Closest Point,water.csv,,,,,
Great Falls Reservoir ,41.9630967,-73.37230930000001,Other,0.00039689,Closest Point,water.csv,,,,,
Green Branch ,35.5168153,-83.8143155,River/Stream,0.005349321,Closest Point,water.csv,,,,,
Green Cove Creek ,36.64321639999999,-81.66203949999999,River/Stream,,Closest Point,water.csv,,,,,
Green Creek ,35.37565236362864,-83.75199118617824,River/Stream,0.003426593,Closest Point,water.csv,,,,,
Greenwater Brook ,42.29030165329043,-73.15803802625658,River/Stream,0,Intersection Point,water.csv,,,,,
Greenwater Pond ,42.2914331,-73.1510172,Other,0.003362203,Closest Point,water.csv,,,,,
Greenwater Pond Dam ,42.28968309999999,-73.15702139999999,Dam,0.000136682,Closest Point,water.csv,,,,,
Griffith Branch ,36.31133537784662,-82.13114132763727,River/Stream,0,Intersection Point,water.csv,,,,,
Griffith Lake ,43.3036017,-72.95829559999999,Lake,0.000425916,Closest Point,water.csv,,,,,
Grindstaff Branch ,36.40030939999999,-82.02450899999998,River/Stream,0.002036469,Closest Point,water.csv,,,,,
Groundhog Creek ,35.764521,-83.15881709999998,River/Stream,0.003370547,Closest Point,water.csv,,,,,
Guilder Brook ,42.1070808,-73.43563469999998,River/Stream,0.003208278,Closest Point,water.csv,,,,,
Guilder Pond ,42.1070808,-73.43563469999998,Other,0.001342644,Closest Point,water.csv,,,,,
Guilder Pond Dam ,42.1070808,-73.43563469999998,Dam,0.003145128,Closest Point,water.csv,,,,,
Guinea Brook ,41.82403793332242,-73.38744814636522,River/Stream,0,Intersection Point,water.csv,,,,,
Gulf Hagas Brook ,45.5308839,-69.3144876,River/Stream,0,Intersection Point,water.csv,,,,,
Gulf Prong ,35.660741599999994,-83.31981349999998,River/Stream,0.004555936,Closest Point,water.csv,,,,,
Gulf Stream ,43.65485397958598,-72.56618439077876,River/Stream,0,Intersection Point,water.csv,,,,,
Gulfside Spring ,44.3097323,-71.3125039,Spring,0,Original Point,water.csv,,,,,
Gunn Brook ,41.79922249496707,-73.40049696999048,River/Stream,0.001569479,Closest Point,water.csv,,,,,
Gunn Brook ,41.809093299999994,-73.392585,River/Stream,0.003393081,Closest Point,water.csv,,,,,
Gunn Brook ,41.81064700000001,-73.390994,River/Stream,0.004176803,Closest Point,water.csv,,,,,
Gunna Creek ,35.5683178,-83.7029737,River/Stream,0.00139747,Closest Point,water.csv,,,,,
Ham Smith Branch ,36.347484,-82.07940889999999,River/Stream,0.003419069,Closest Point,water.csv,,,,,
Hamburg Dam ,40.5920247,-75.9442159,Dam,0,Original Point,water.csv,,,,,
Hamburg Reservoir ,40.58986980000001,-75.94469049999998,Pond,0.001582499,Closest Point,water.csv,,,,,
Hampton Creek ,36.126086,-82.05188639999999,River/Stream,0.004932822,Closest Point,water.csv,,,,,
Hannah Branch ,36.43973261178767,-81.98591344387566,River/Stream,0.002296942,Closest Point,water.csv,,,,,
Hardy Stream ,44.9575964,-70.4562101,River/Stream,0.019237097,Closest Point,water.csv,,,,,
Harrington Pond ,44.11389799999999,-71.744558,Other,0.000420027,Closest Point,water.csv,,,,,
Hatch Brook ,41.838164816675025,-73.39230647049541,River/Stream,0,Intersection Point,water.csv,,,,,
Hatch Brook Falls ,41.8356233,-73.386654,Waterfall,0,Original Point,water.csv,,,,,
Hawksbill Creek ,38.51603389999999,-78.449323,River/Stream,0.003592114,Closest Point,water.csv,,,,,
Hawksbill Creek ,38.30016146993512,-78.6312133396768,River/Stream,0.00540783,Closest Point,water.csv,,,,,
Hawksbill Spring ,38.5575566,-78.3878739,Spring,0,Original Point,water.csv,,,,,
Hays Branch ,36.222513590272605,-82.04025773344156,River/Stream,0.002267348,Closest Point,water.csv,,,,,
Hazel Creek ,35.5638497945466,-83.57588528577962,River/Stream,0.00265501,Closest Point,water.csv,,,,,
Hazel River ,38.6341276,-78.3237045,River/Stream,0.006745881,Closest Point,water.csv,,,,,
Helicopter Waterhole ,36.5701455,-81.9250797,Pond,0.003346397,Closest Point,water.csv,,,,,
Hell Hollow Brook ,42.906673000088055,-73.08737339981374,River/Stream,0,Intersection Point,water.csv,,,,,
Hemlock Lake ,41.110449999999986,-74.89915399999998,Lake,0.004295821,Closest Point,water.csv,,,,,
Henderson Brook ,45.473932473606176,-69.29441535124774,River/Stream,0.0001443,Closest Point,water.csv,,,,,
Henderson Brook ,45.476061586688395,-69.29236150623255,River/Stream,0.000410006,Closest Point,water.csv,,,,,
Henderson Brook ,45.4719027,-69.2953795,River/Stream,0.001376117,Closest Point,water.csv,,,,,
Hessian Lake ,41.316085599999994,-73.9898448,Lake,0.000373357,Closest Point,water.csv,,,,,
Hickory Flat Branch ,36.45052870000001,-81.9772544,River/Stream,0.000671431,Closest Point,water.csv,,,,,
Hickory Flat Branch ,36.4487977,-81.97888819999999,River/Stream,0.005121848,Closest Point,water.csv,,,,,
Hidden Lake ,41.441385600000004,-73.8447684,Lake,0.002507397,Closest Point,water.csv,,,,,
Higley Brook ,42.28158382264918,-73.16358043395428,River/Stream,0,Intersection Point,water.csv,,,,,
Hiller Brook ,41.59275515982522,-73.58758764022761,River/Stream,0.000395178,Closest Point,water.csv,,,,,
Hiller Brook ,41.59271366454081,-73.59037971697884,River/Stream,0.000918324,Closest Point,water.csv,,,,,
Hiller Brook ,41.59393470232491,-73.58506458805873,River/Stream,0.002136012,Closest Point,water.csv,,,,,
Hog Camp Gap Spring ,37.7611716,-79.1911526,Spring,0,Original Point,water.csv,,,,,
Holder Creek ,36.1047744,-82.1300488,River/Stream,0.003016651,Closest Point,water.csv,,,,,
Holder Creek ,36.104252764123714,-82.12829380077265,River/Stream,0.003678012,Closest Point,water.csv,,,,,
Holder Creek ,36.104284457221816,-82.1268095073015,River/Stream,0.004138763,Closest Point,water.csv,,,,,
Hollenbeck River ,41.9718378,-73.3741855,River/Stream,0.005626295,Closest Point,water.csv,,,,,
Holly Brook ,45.26862340000001,-69.9608155,River/Stream,0.000265844,Closest Point,water.csv,,,,,
Home Stone Brook ,43.41111958620818,-72.9407767819593,River/Stream,0,Intersection Point,water.csv,,,,,
Hoosic River ,42.700597551925505,-73.15536580013122,River/Stream,0,Intersection Point,water.csv,,,,,
Hop Brook ,42.234350386712094,-73.19650712644331,River/Stream,0,Intersection Point,water.csv,,,,,
Hopper Brook ,42.631701,-73.1763085,River/Stream,0.003097953,Closest Point,water.csv,,,,,
Hopper Brook ,42.6309859,-73.17816049999999,River/Stream,0.004383593,Closest Point,water.csv,,,,,
Horse Creek ,36.13477509999999,-82.01867629999998,River/Stream,0.00422193,Closest Point,water.csv,,,,,
Horselog Branch ,36.38975400000001,-82.03351739999998,River/Stream,0.004190414,Closest Point,water.csv,,,,,
Housatonic River ,42.14403293408821,-73.35976922083319,River/Stream,0,Intersection Point,water.csv,,,,,
Hubbard Brook ,42.146245289121225,-73.3897480943225,River/Stream,0,Intersection Point,water.csv,,,,,
Huckleberry Cliff Creek ,38.4882735,-78.44643019999998,River/Stream,0.004248066,Closest Point,water.csv,,,,,
Hudson River Río Hudson ,41.31994593553744,-73.98302053842599,River/Stream,0,Intersection Point,water.csv,,,,,
Hunter Creek ,35.63797649999999,-83.3708773,River/Stream,0.001034706,Closest Point,water.csv,,,,,
Hunting Creek ,37.54135135008011,-79.48822208485672,River/Stream,0.007224714,Closest Point,water.csv,,,,,
Hunting Spring ,37.5616291,-79.4614632,Spring,0,Original Point,water.csv,,,,,
Hurricane Creek ,36.719367,-81.4853287,River/Stream,,Closest Point,water.csv,,,,,
Huskey Creek ,35.62201009999999,-83.39754239999999,River/Stream,0.004283099,Closest Point,water.csv,,,,,
Ike Branch ,36.43461209561886,-81.99193673872003,River/Stream,0.003353338,Closest Point,water.csv,,,,,
Inadu Creek ,35.72675949999999,-83.2381539,River/Stream,0.002371372,Closest Point,water.csv,,,,,
Indian Camp Creek ,35.7164308,-83.2562573,River/Stream,0.002381701,Closest Point,water.csv,,,,,
Indian Creek ,36.1355034,-82.2442595,River/Stream,0.00237564,Closest Point,water.csv,,,,,
Indian Flats Prong ,35.57073539999999,-83.62496029999998,River/Stream,0.003864235,Closest Point,water.csv,,,,,
Indian Grave Gap ,34.7928739,-83.714302,Other,0,Original Point,water.csv,,,,,
Indian Pitch ,45.8600944,-69.0330458,Rapid,0,Original Point,water.csv,,,,,
Indian Run ,38.8367421,-78.16202799999999,River/Stream,0.009251117,Closest Point,water.csv,,,,,
Indian Stream ,45.4297625335349,-69.33211803356743,River/Stream,0.002525673,Closest Point,water.csv,,,,,
Israel Creek ,39.32853356354005,-77.6832072117296,River/Stream,0,Intersection Point,water.csv,,,,,
Ivy Branch ,35.5534265,-83.77552569999999,River/Stream,0.002151685,Closest Point,water.csv,,,,,
Ivy Creek ,38.27062199059068,-78.65875154392386,River/Stream,0,Intersection Point,water.csv,,,,,
Jackson Brook ,45.2831681,-69.5628119,River/Stream,0.004431871,Closest Point,water.csv,,,,,
Jacksonburg Creek ,41.07054657974254,-74.94100986624022,River/Stream,0.00441636,Closest Point,water.csv,,,,,
James Brook ,45.3664047,-69.4646859,River/Stream,0.002823504,Closest Point,water.csv,,,,,
James Camp Branch ,35.5692989,-83.5912009,River/Stream,0.003408639,Closest Point,water.csv,,,,,
James River ,37.59567243524122,-79.39094925582613,River/Stream,0,Intersection Point,water.csv,,,,,
Jennings Creek ,37.529424830303384,-79.62228729319976,River/Stream,0,Intersection Point,water.csv,,,,,
Jeremys Run ,38.7438312,-78.3145219,River/Stream,0.004758956,Closest Point,water.csv,,,,,
John Allen Pond ,41.425603900000006,-73.8553177,Other,0.005373366,Closest Point,water.csv,,,,,
Johns Camp Branch ,36.10581219892597,-82.09223153020785,River/Stream,0.003281012,Closest Point,water.csv,,,,,
Jonas Creek ,35.5645911,-83.5596795,River/Stream,0.0035235,Closest Point,water.csv,,,,,
Jones Branch ,36.10671548892652,-82.42437228192132,River/Stream,0,Intersection Point,water.csv,,,,,
Jones Falls ,36.2029874,-81.9822407,Waterfall,0,Original Point,water.csv,,,,,
Jones Pond ,45.116625199999994,-70.3502038,Other,0.002487386,Closest Point,water.csv,,,,,
Jones Run ,38.231737496171576,-78.7241988641504,River/Stream,0.003557675,Closest Point,water.csv,,,,,
Juniata River,40.40264707481108,-77.01282415683892,River/Stream,0,Intersection Point,water.csv,,,,,
Juniper Knee Pond ,45.3546031,-69.4797787,Other,0.006613972,Closest Point,water.csv,,,,,
Kalanu Prong ,35.6613919,-83.3513013,River/Stream,0.003699285,Closest Point,water.csv,,,,,
Katahdin Falls ,45.8958904,-68.9821859,Waterfall,0,Original Point,water.csv,,,,,
Katahdin Sream ,45.88076025797906,-69.00241316430065,River/Stream,0,Intersection Point,water.csv,,,,,
Katahdin Stream ,45.895623199954535,-68.98371430054699,River/Stream,0,Intersection Point,water.csv,,,,,
Kennebec River ,45.23607708080288,-70.00124716218149,River/Stream,0,Intersection Point,water.csv,,,,,
Kennebec River Ferry East Access ,45.2362382,-70.0004495,Other,0,Original Point,water.csv,,,,,
Kennebec River Ferry West Access ,45.2356853,-70.0021904,Other,0,Original Point,water.csv,,,,,
Kent Brook ,43.67413316807455,-72.80740886389478,River/Stream,0,Intersection Point,water.csv,,,,,
Kent Falls Brook ,41.77773239554681,-73.41924868725144,River/Stream,0.001065827,Closest Point,water.csv,,,,,
Kent Falls Brook ,41.7784728,-73.4183004,River/Stream,0.002094109,Closest Point,water.csv,,,,,
Kent Falls Kent Falls ,41.7755718,-73.4147864,Waterfall,0,Original Point,water.csv,,,,,
Kent Pond ,43.6740313,-72.8041627,Other,0.000196212,Closest Point,water.csv,,,,,
Kent Pond Dam ,43.6756052,-72.7993624,Dam,0,Original Point,water.csv,,,,,
Kimberling Creek ,37.170253232579256,-80.90267699868936,River/Stream,0,Intersection Point,water.csv,,,,,
Kimsey Creek ,35.0434248,-83.5505861,River/Stream,0.002886336,Closest Point,water.csv,,,,,
Kinsman Falls ,44.1218069,-71.689648,Waterfall,0,Original Point,water.csv,,,,,
Kinsman Pond ,44.13803355940676,-71.73299540329393,Other,0.000548396,Closest Point,water.csv,,,,,
Kitchen Brook ,42.581727,-73.17721550000002,River/Stream,0.005337651,Closest Point,water.csv,,,,,
Kite Branch ,36.3494295,-82.0771243,River/Stream,0.004236467,Closest Point,water.csv,,,,,
Kite Hollow ,38.531571919708405,-78.43036508547601,River/Stream,0,Intersection Point,water.csv,,,,,
Kittatinny Lake ,41.17065199999999,-74.797748,Lake,0.003418883,Closest Point,water.csv,,,,,
Kittatinny Lake Dam ,41.1778685,-74.7935006,Lake,0,Original Point,water.csv,,,,,
Kloibers Pond ,41.26921499999999,-74.210501,Other,0.001548984,Closest Point,water.csv,,,,,
Knob Run ,39.97322499999999,-77.4444803,River/Stream,0.004956644,Closest Point,water.csv,,,,,
Kuwahi Branch ,35.562701999999994,-83.51033789999998,River/Stream,0.006397214,Closest Point,water.csv,,,,,
Lënapei Sipu Delaware River Delaware River Río Delaware ,40.976763051160994,-75.13552242713189,River/Stream,0,Intersection Point,water.csv,,,,,
Lake Culpeper ,38.85815689999999,-78.16645929999999,Lake,0.003434594,Closest Point,water.csv,,,,,
Lake Front Royal ,38.87741092916258,-78.14898324857155,Lake,0.000734636,Closest Point,water.csv,,,,,
Lake Front Royal Dam ,38.8770114,-78.1510602,Lake,0,Original Point,water.csv,,,,,
Lake Marcia ,41.316594,-74.66475979999998,Lake,0.001105198,Closest Point,water.csv,,,,,
Lake Marcia Dam ,41.3150945,-74.6684962,Lake,0,Original Point,water.csv,,,,,
Lake Owassa ,41.159696,-74.817054,Lake,0.006628618,Closest Point,water.csv,,,,,
Lake Quigley ,39.32312470049127,-77.73673342147796,Lake,0.000783209,Closest Point,water.csv,,,,,
Lake Success ,41.112105,-74.894926,Lake,0.004465727,Closest Point,water.csv,,,,,
Lands Run ,38.817958,-78.17749860000002,River/Stream,0.00849828,Closest Point,water.csv,,,,,
Laurel Creek ,36.63416032682058,-81.7857023427931,River/Stream,,Intersection Point,water.csv,,,,,
Laurel Falls ,36.272754,-82.134928,Waterfall,0,Original Point,water.csv,,,,,
Laurel Fork ,36.27072130193785,-82.13030772341418,River/Stream,0,Intersection Point,water.csv,,,,,
Lawson Gant Lot Branch ,35.551604399999995,-83.7791025,River/Stream,0.006948548,Closest Point,water.csv,,,,,
Laymantown Creek ,37.398137,-79.84915199999999,River/Stream,0.002404627,Closest Point,water.csv,,,,,
Leadmine Brook ,44.442186849489424,-71.11997674307221,River/Stream,0,Intersection Point,water.csv,,,,,
Lean-To Branch ,35.5654847,-83.57277649999999,River/Stream,0.003665729,Closest Point,water.csv,,,,,
Ledbetter Creek ,35.3241087,-83.68505340000002,River/Stream,0.003743569,Closest Point,water.csv,,,,,
Lee Run ,38.35998089999998,-78.5462645,River/Stream,0.002556921,Closest Point,water.csv,,,,,
Left Fork Deep Creek ,35.592213,-83.4632543,River/Stream,0.022342993,Closest Point,water.csv,,,,,
Left Fork Hurley Branch ,36.4202011,-82.0068321,River/Stream,0.005244423,Closest Point,water.csv,,,,,
Left Fork Raven Fork ,35.69012419999999,-83.2591195,River/Stream,0.00393659,Closest Point,water.csv,,,,,
Left Prong Anthony Creek ,35.56395739999999,-83.7538281,River/Stream,0.003934775,Closest Point,water.csv,,,,,
Left Prong Hampton Creek ,36.12429824634533,-82.04227996988206,River/Stream,0.004855859,Closest Point,water.csv,,,,,
Left Prong Hodge Branch ,36.42576959842834,-81.99858201605508,River/Stream,0.001806258,Closest Point,water.csv,,,,,
Left Prong Hodge Branch ,36.43004249999999,-81.9951591,River/Stream,0.004785354,Closest Point,water.csv,,,,,
Lemons Run ,37.400169318783156,-79.88543410801613,River/Stream,0,Intersection Point,water.csv,,,,,
Leonard Branch ,36.23463269999999,-82.11665239999999,River/Stream,0.002721677,Closest Point,water.csv,,,,,
Leonard Branch ,36.23119119999999,-82.1142827,River/Stream,0.00276133,Closest Point,water.csv,,,,,
Leonard Branch ,36.22882176065343,-82.11155317362893,River/Stream,0.00491236,Closest Point,water.csv,,,,,
Lester Prong ,35.634155471436266,-83.38400289627239,River/Stream,0.003797229,Closest Point,water.csv,,,,,
Lewellyn Branch ,35.48341609999999,-83.814509,River/Stream,0.001267871,Closest Point,water.csv,,,,,
Lewellyn Branch ,35.466240000000006,-83.8136216,River/Stream,0.003731957,Closest Point,water.csv,,,,,
Lewellyn Branch ,35.4789515,-83.80947169999999,River/Stream,0.004372488,Closest Point,water.csv,,,,,
Lewellyn Branch ,35.4747431,-83.8105448,River/Stream,0.00500824,Closest Point,water.csv,,,,,
Lewis Fork ,36.68880610000001,-81.50994499999999,River/Stream,,Closest Point,water.csv,,,,,
Lewis Spring ,38.5194099,-78.4438119,Spring,0,Original Point,water.csv,,,,,
Lewis Spring Falls ,38.5202088,-78.4498025,Waterfall,0,Original Point,water.csv,,,,,
Liberty Spring ,44.1170635,-71.6467656,Spring,0,Original Point,water.csv,,,,,
Lily Pad Pond ,45.872894599999995,-69.0382632,Other,0.002551671,Closest Point,water.csv,,,,,
Lily Pond ,45.34153403182132,-69.50877066444674,Other,0.000344488,Closest Point,water.csv,,,,,
Lindy Camp Branch ,36.471439399999994,-81.9555152,River/Stream,0.00225132,Closest Point,water.csv,,,,,
Lindy Camp Branch ,36.46649253980823,-81.95935183647092,River/Stream,0.002799847,Closest Point,water.csv,,,,,
Lindy Camp Branch ,36.46415075783069,-81.96316849790936,River/Stream,0.005124498,Closest Point,water.csv,,,,,
Little Antietam Creek ,39.663651173225,-77.5345389655054,River/Stream,0,Intersection Point,water.csv,,,,,
Little Beaver Pond ,45.805788847254675,-69.08145703270172,Other,0.000962216,Closest Point,water.csv,,,,,
Little Black Branch ,43.38231787047735,-72.95866744212441,River/Stream,0.000108173,Closest Point,water.csv,,,,,
Little Cove Creek ,36.1079859,-82.108833,River/Stream,0.00675906,Closest Point,water.csv,,,,,
Little Dam Lake ,41.26376487787107,-74.19015680277155,Lake,0.00013169,Closest Point,water.csv,,,,,
Little Dam Lake Dam ,41.263996330461154,-74.19002915500607,Lake,0.002767247,Closest Point,water.csv,,,,,
Little Devil Stairs Run ,38.759275699999996,-78.2660195,River/Stream,0.004089602,Closest Point,water.csv,,,,,
Little Elk Creek ,36.1487451622914,-82.0109744811785,River/Stream,0.002105209,Closest Point,water.csv,,,,,
Little Grass Pond ,45.23904373697407,-70.04572204123427,Other,0.001291344,Closest Point,water.csv,,,,,
Little Horse Creek ,36.137291043682,-82.00254446521589,River/Stream,0.005149643,Closest Point,water.csv,,,,,
Little Hurd Pond ,45.818588511589574,-69.0296069856636,Pond,0.005907027,Closest Point,water.csv,,,,,
Little Irish Creek ,37.670845949099665,-79.28345710585678,River/Stream,0.000437425,Closest Point,water.csv,,,,,
Little Irish Creek ,37.67134479841098,-79.28357397170063,River/Stream,0.000441837,Closest Point,water.csv,,,,,
Little Irish Creek ,37.67543182980897,-79.28783132533378,River/Stream,0.000487746,Closest Point,water.csv,,,,,
Little Irish Creek ,37.6771514,-79.32823299999998,River/Stream,0.000857445,Closest Point,water.csv,,,,,
Little Irish Creek ,37.676221999999996,-79.33254219999999,River/Stream,0.001087951,Closest Point,water.csv,,,,,
Little Irish Creek ,37.6754225,-79.3345258,River/Stream,0.001294311,Closest Point,water.csv,,,,,
Little Irish Creek ,37.67533881990828,-79.33564164591867,River/Stream,0.001324103,Closest Point,water.csv,,,,,
Little Irish Creek ,37.67579189999999,-79.2948398,River/Stream,0.002305664,Closest Point,water.csv,,,,,
Little Irish Creek ,37.6772461,-79.32589439999998,River/Stream,0.002507715,Closest Point,water.csv,,,,,
Little Irish Creek ,37.676813,-79.3240088,River/Stream,0.002821597,Closest Point,water.csv,,,,,
Little Irish Creek ,37.6756857,-79.3203288,River/Stream,0.003620036,Closest Point,water.csv,,,,,
Little Irish Creek ,37.674787768856646,-79.31551928537556,River/Stream,0.004238355,Closest Point,water.csv,,,,,
Little Irish Creek ,37.67309752784402,-79.29880788308886,River/Stream,0.004407754,Closest Point,water.csv,,,,,
Little Irish Creek ,37.672925899999996,-79.308275,River/Stream,0.004719456,Closest Point,water.csv,,,,,
Little Laurel Branch ,36.33148700000001,-82.10484169999998,River/Stream,0.005232525,Closest Point,water.csv,,,,,
Little Laurel Branch ,36.223598499999994,-81.99297059999999,River/Stream,0.005958895,Closest Point,water.csv,,,,,
Little Lyman Prong ,35.0452469,-83.54825109999999,River/Stream,0.00103088,Closest Point,water.csv,,,,,
Little Mud Pond ,43.139041799999994,-72.97874479999999,Pond,0.004445571,Closest Point,water.csv,,,,,
Little Niagara Creek ,35.6745169,-83.2837598,River/Stream,0.002337013,Closest Point,water.csv,,,,,
Little Niagara Falls ,45.8724196,-69.0395694,Waterfall,0,Original Point,water.csv,,,,,
Little Pond ,42.9257982,-73.07136369999999,Other,0.004354263,Closest Point,water.csv,,,,,
Little Pond Brook ,42.9381123,-73.0590649,River/Stream,0.007755849,Closest Point,water.csv,,,,,
Little River ,35.57739150849222,-83.48076190376419,River/Stream,0.002610294,Closest Point,water.csv,,,,,
Little River ,44.1876575,-71.5547854,River/Stream,0.010348682,Closest Point,water.csv,,,,,
Little Rock Creek ,35.7254561,-83.23103439999998,River/Stream,0.005683617,Closest Point,water.csv,,,,,
Little Schuylkill River ,40.580075846421046,-76.02635906121824,River/Stream,0,Intersection Point,water.csv,,,,,
Little Spivey Creek ,36.03378570000001,-82.42102329999999,River/Stream,0.005461282,Closest Point,water.csv,,,,,
Little Swift River Pond ,44.85143905777537,-70.58992733416305,Other,0.000280928,Closest Point,water.csv,,,,,
Little Tennessee River ,35.452672340312795,-83.80456365909443,River/Stream,0,Intersection Point,water.csv,,,,,
Little Tommy Branch ,35.51423739999999,-83.8103696,River/Stream,0.00437533,Closest Point,water.csv,,,,,
Little Wilson Stream ,45.37587256916913,-69.46869535758901,River/Stream,0,Intersection Point,water.csv,,,,,
Little Wilson Upper Falls ,45.3736449,-69.4717806,Waterfall,0,Original Point,water.csv,,,,,
Logan Brook ,45.5637447,-69.23156709999999,River/Stream,0.000212993,Closest Point,water.csv,,,,,
Lonesome Branch ,35.5379192,-83.80813,River/Stream,0.007373447,Closest Point,water.csv,,,,,
Lonesome Lake ,44.13822140012809,-71.70215080435544,Lake,4.88E-05,Closest Point,water.csv,,,,,
Long Branch ,36.06747530639932,-82.43709396980955,River/Stream,0,Intersection Point,water.csv,,,,,
Long House Creek ,41.196394720353496,-74.35489392487152,River/Stream,0,Intersection Point,water.csv,,,,,
Long Pine Pond ,41.097682424784274,-74.90245456699078,Other,0.003185891,Closest Point,water.csv,,,,,
Long Pond ,44.8501416,-70.6743595,Other,0.003159901,Closest Point,water.csv,,,,,
Long Pond Stream ,45.417063203214845,-69.41951174124775,River/Stream,0,Intersection Point,water.csv,,,,,
Lost Cove Creek ,35.4844468,-83.80974629999999,River/Stream,0.003666452,Closest Point,water.csv,,,,,
Lost Pond ,44.25010177959392,-71.25023789405913,Pond,0,Intersection Point,water.csv,,,,,
Lost Prong ,35.673581000000006,-83.29320589999999,River/Stream,0.002987569,Closest Point,water.csv,,,,,
Lost River ,44.040485661307386,-71.79276614376515,River/Stream,0.003042115,Closest Point,water.csv,,,,,
Lost River ,44.04174958606564,-71.78882979582791,River/Stream,0.004061743,Closest Point,water.csv,,,,,
Lost River ,44.0508753,-71.76975509999998,River/Stream,0.015637888,Closest Point,water.csv,,,,,
Louemma Lake ,41.25712599999999,-74.501177,Lake,0.002726336,Closest Point,water.csv,,,,,
Low Gap Branch ,35.73656140000001,-83.1811022,River/Stream,0.000799871,Closest Point,water.csv,,,,,
Low Gap Branch ,35.734789400000004,-83.180888,River/Stream,0.005208756,Closest Point,water.csv,,,,,
Lower Falls ,45.7668729,-69.1856056,Waterfall,0,Original Point,water.csv,,,,,
Lower Lake of the Clouds ,44.25902230931063,-71.31671714065172,Lake,8.65E-05,Closest Point,water.csv,,,,,
Lower Nidifer Branch ,36.374802499999994,-82.04964009999999,River/Stream,0.002908787,Closest Point,water.csv,,,,,
Lower Nidifer Branch ,36.3709088,-82.05443849999999,River/Stream,0.003958557,Closest Point,water.csv,,,,,
Lyddies Creek ,36.1141994,-82.13533940000002,River/Stream,0.004040566,Closest Point,water.csv,,,,,
Lynchburg Reservoir ,37.67746050000001,-79.2753348,Other,0.000914166,Closest Point,water.csv,,,,,
Macedonia Brook ,41.731272538629035,-73.48850600925645,River/Stream,0,Intersection Point,water.csv,,,,,
Mack Branch ,36.47021509999999,-81.954073,River/Stream,0.003800623,Closest Point,water.csv,,,,,
Madison Run ,38.2334791,-78.7210271,River/Stream,0.008356073,Closest Point,water.csv,,,,,
Maidenhead Branch ,37.830404,-79.10891179999999,River/Stream,0.007966904,Closest Point,water.csv,,,,,
Manassas Run ,38.896405805786976,-78.07324601103997,River/Stream,0,Intersection Point,water.csv,,,,,
Marble Spring ,37.5708753,-79.4381476,Spring,0,Original Point,water.csv,,,,,
Martin Creek ,36.10431518365659,-82.38612660509908,River/Stream,0,Intersection Point,water.csv,,,,,
Matts Creek ,37.5995222,-79.41343439999999,River/Stream,0,Intersection Point,water.csv,,,,,
McAfee Run ,37.37139016212946,-80.14940186121045,River/Stream,0,Intersection Point,water.csv,,,,,
McGinn Brook ,43.32109028033642,-72.95596036971686,River/Stream,0,Intersection Point,water.csv,,,,,
Meigs Post Prong ,35.58331019999999,-83.4788141,River/Stream,0.005534429,Closest Point,water.csv,,,,,
Mendon Brook ,43.66638779421883,-72.85053826078097,River/Stream,0,Intersection Point,water.csv,,,,,
Merry Brook ,42.25466403154473,-73.1761654977008,River/Stream,0,Intersection Point,water.csv,,,,,
Middle Carry Pond ,45.1805792,-70.0661099,Other,0.004997632,Closest Point,water.csv,,,,,
Middle Fork Helton Creek ,36.6512875,-81.54269729999999,River/Stream,,Closest Point,water.csv,,,,,
Mill Creek ,36.194543,-82.00288270000001,River/Stream,0.002376886,Closest Point,water.csv,,,,,
Mill Creek ,35.56140489999999,-83.77624219999998,River/Stream,0.003066177,Closest Point,water.csv,,,,,
Mill Prong ,38.4972063,-78.43965699999998,River/Stream,0.004991071,Closest Point,water.csv,,,,,
Mill River ,43.52020550887534,-72.92539921566555,River/Stream,0,Intersection Point,water.csv,,,,,
Millard Brook ,41.795899,-73.4031668,River/Stream,0.001336118,Closest Point,water.csv,,,,,
Millard Brook ,41.796500059528526,-73.40252788838885,River/Stream,0.005187416,Closest Point,water.csv,,,,,
Mine Branch ,36.08062982159251,-82.45736974265519,River/Stream,0,Intersection Point,water.csv,,,,,
Mineral Gap Branch ,35.5684479,-83.6860819,River/Stream,0.001296051,Closest Point,water.csv,,,,,
Minnie Ball Branch ,35.6107695,-83.4207846,River/Stream,0.002838206,Closest Point,water.csv,,,,,
Moccasin Branch ,35.59522389999999,-83.4628058,River/Stream,0.007176248,Closest Point,water.csv,,,,,
Mocks Mill Falls ,36.63533329888086,-81.79018530073581,Dam,,Closest Point,water.csv,,,,,
Mombasha Lake ,41.269757,-74.208343,Lake,0.002401773,Closest Point,water.csv,,,,,
Money Brook ,42.668149099999994,-73.1634919,River/Stream,0.005447321,Closest Point,water.csv,,,,,
Monroe Brook ,44.2536102,-71.32580699999998,River/Stream,0.008150051,Closest Point,water.csv,,,,,
Moody Brook ,44.702381800000005,-70.82154569999999,River/Stream,0.011285571,Closest Point,water.csv,,,,,
Moore Brook ,41.9932084,-73.4136645,River/Stream,0.004893538,Closest Point,water.csv,,,,,
Moreland Branch ,36.222904899999996,-82.0958894,River/Stream,0.00351486,Closest Point,water.csv,,,,,
Moreland Branch ,36.2213246,-82.0932072,River/Stream,0.00474953,Closest Point,water.csv,,,,,
Moreland Branch ,36.21820954508536,-82.07853097932892,River/Stream,0.006705096,Closest Point,water.csv,,,,,
Morgan Branch ,36.1561456,-82.016895,River/Stream,0.000881771,Closest Point,water.csv,,,,,
Morgan Branch ,36.1578081,-82.0155238,River/Stream,0.003852521,Closest Point,water.csv,,,,,
Morgan Branch ,36.1633539,-82.0146711,River/Stream,0.004912377,Closest Point,water.csv,,,,,
Morgan Mill Stream ,39.05893729639915,-77.92996126353101,River/Stream,0,Intersection Point,water.csv,,,,,
Morris Branch ,35.3366115,-83.6020296,River/Stream,0.001654187,Closest Point,water.csv,,,,,
Morris Branch ,35.33322929999999,-83.6002019,River/Stream,0.001960757,Closest Point,water.csv,,,,,
Mount Williams Reservoir ,42.68565759999999,-73.1599825,Other,0.002185125,Closest Point,water.csv,,,,,
Mount Williams Reservoir Dam ,42.686971099999994,-73.1598046,Dam,0.002373033,Closest Point,water.csv,,,,,
Mountain Brook ,44.77366329999999,-70.7668608,River/Stream,0.006681875,Closest Point,water.csv,,,,,
Mountain Creek,40.03084895037791,-77.29781455795444,River/Stream,0,Intersection Point,water.csv,,,,,
Mountain View Pond ,45.607598,-69.17454869999999,Other,0.000675399,Closest Point,water.csv,,,,,
Mountaineer Falls ,36.219664,-81.9848085,Waterfall,0,Original Point,water.csv,,,,,
Moxie Pond ,44.84605789484658,-70.68590262551879,Other,0.000183438,Closest Point,water.csv,,,,,
Mud Brook ,45.66546591245451,-68.9904757261167,River/Stream,0,Intersection Point,water.csv,,,,,
Mud Gap Branch ,35.52837021440424,-83.81772576192365,River/Stream,0.002616815,Closest Point,water.csv,,,,,
Mud Pond ,45.36336739014691,-69.47044312561454,Other,0.00040399,Closest Point,water.csv,,,,,
Mudcut Branch ,35.32547679999999,-83.6809972,River/Stream,0.004194973,Closest Point,water.csv,,,,,
Muddy Brook ,42.187894899999996,-73.2912531,River/Stream,0.006443556,Closest Point,water.csv,,,,,
Murphy Ponds ,45.796897052444905,-69.16373890870372,Other,0.000447756,Closest Point,water.csv,,,,,
Murphy Ponds ,45.79753749999999,-69.1663867,Other,0.002206998,Closest Point,water.csv,,,,,
Murphy Ponds ,45.7995329,-69.1709278,Other,0.002360489,Closest Point,water.csv,,,,,
Nahmakanta Lake ,45.73654116135549,-69.12119864482614,Lake,0.00083474,Closest Point,water.csv,,,,,
Nahmakanta Lake ,45.74465133940798,-69.13940665953399,Lake,0.00150284,Closest Point,water.csv,,,,,
Nahmakanta Lake ,45.743239199999984,-69.1335538,Lake,0.003789719,Closest Point,water.csv,,,,,
Nahmakanta Stream ,45.73595406153059,-69.06511326322534,River/Stream,0.000162834,Closest Point,water.csv,,,,,
Nantahala Falls ,35.332474,-83.5955018,Waterfall,0,Original Point,water.csv,,,,,
Nantahala River ,35.33149507824618,-83.59211669983539,River/Stream,0,Intersection Point,water.csv,,,,,
Narrow Creek ,35.545164699999994,-83.79524619999998,River/Stream,0.003093763,Closest Point,water.csv,,,,,
Nesowadehunk Stream ,45.883279899999984,-69.0303316,River/Stream,0.002419202,Closest Point,water.csv,,,,,
New Kernsville Lake ,40.58089,-76.00246199999998,Lake,0.005100437,Closest Point,water.csv,,,,,
New River ,37.34032091387954,-80.75812725495781,River/Stream,0,Intersection Point,water.csv,,,,,
Noland Creek ,35.5685825,-83.48513339999998,River/Stream,0.002304272,Closest Point,water.csv,,,,,
Nolichucky River ,36.10542646094139,-82.44789976640571,River/Stream,0,Intersection Point,water.csv,,,,,
North Branch Gale River ,44.1937867,-71.591854,River/Stream,0.00985698,Closest Point,water.csv,,,,,
North Creek ,37.51935079999999,-79.5105591,River/Stream,0.005490148,Closest Point,water.csv,,,,,
North Flanders Brook ,41.76690105822792,-73.44165734398295,River/Stream,0.001613112,Closest Point,water.csv,,,,,
North Flanders Brook ,41.767180118932785,-73.44101849102132,River/Stream,0.002064896,Closest Point,water.csv,,,,,
North Flanders Brook ,41.76792305835682,-73.43869278923175,River/Stream,0.002762853,Closest Point,water.csv,,,,,
North Flanders Brook ,41.768118699999995,-73.4359204,River/Stream,0.004249392,Closest Point,water.csv,,,,,
North Flanders Brook ,41.76783390000001,-73.4374894,River/Stream,0.004493606,Closest Point,water.csv,,,,,
North Fork Beech Creek ,35.3458902,-83.71145479999998,River/Stream,0.004233298,Closest Point,water.csv,,,,,
North Fork East Branch Pemigewasset River ,44.169979296320385,-71.46711080204213,River/Stream,0,Intersection Point,water.csv,,,,,
North Fork Goose Creek ,37.48481071635954,-79.66009251774551,River/Stream,0.004785959,Closest Point,water.csv,,,,,
North Fork Stony Creek ,36.5007449,-81.9885314,River/Stream,0.001847288,Closest Point,water.csv,,,,,
North Fork Thornton River ,38.71563390000001,-78.3274528,River/Stream,0.005970845,Closest Point,water.csv,,,,,
North Fork Tuskeegee Creek ,35.40987870313182,-83.76474453515716,River/Stream,0.003904339,Closest Point,water.csv,,,,,
North Kent Brook ,41.767946369239596,-73.43828751431242,River/Stream,0,Intersection Point,water.csv,,,,,
Notch Brook ,42.648191852213586,-73.15886580336958,River/Stream,0.004789742,Closest Point,water.csv,,,,,
Nuclear Lake Dam ,41.59633449999999,-73.6482032,Lake,0.001121139,Closest Point,water.csv,,,,,
Olesons Brook ,44.04648249999999,-71.7795841,River/Stream,0.001608602,Closest Point,water.csv,,,,,
Opossum Creek ,36.673641599999996,-81.48914470000001,River/Stream,,Closest Point,water.csv,,,,,
Orbeton Stream ,44.97338271201222,-70.4069361,River/Stream,0,Intersection Point,water.csv,,,,,
Orr Branch ,35.3704526,-83.7384582,River/Stream,0.003370517,Closest Point,water.csv,,,,,
Ottauquechee River ,43.68059132494246,-72.78250157260183,River/Stream,0,Intersection Point,water.csv,,,,,
Otter Creek ,37.65690399999999,-79.34891049999999,River/Stream,0.00394131,Closest Point,water.csv,,,,,
Otter Pond Stream ,45.241799103437714,-70.02730794478178,River/Stream,0,Intersection Point,water.csv,,,,,
Page Pond ,44.4423646,-71.12009630000001,Other,0.000103794,Closest Point,water.csv,,,,,
Paine Run ,38.2140287,-78.7456833,River/Stream,0.004089944,Closest Point,water.csv,,,,,
Paine Run ,38.177344,-78.77084609999999,River/Stream,0.01952078,Closest Point,water.csv,,,,,
Palmer Branch ,36.40776809999999,-82.01595959999999,River/Stream,0.002802235,Closest Point,water.csv,,,,,
Panther Branch ,35.7570648,-83.1653945,River/Stream,0.002863412,Closest Point,water.csv,,,,,
Parapet Brook ,44.30498316741405,-71.26177751578298,River/Stream,0,Intersection Point,water.csv,,,,,
Parker Lake ,41.20100962697423,-74.39567424444881,Lake,0.00029746,Closest Point,water.csv,,,,,
Pass Run ,38.659777500000004,-78.32300979999998,River/Stream,0.001153287,Closest Point,water.csv,,,,,
Paull Brook ,42.68695012226618,-73.15980934479722,River/Stream,0,Intersection Point,water.csv,,,,,
Payne Branch ,35.45275540000001,-83.80278289999998,River/Stream,0.003220466,Closest Point,water.csv,,,,,
Payne Branch ,35.472404999999995,-83.809728,River/Stream,0.005069636,Closest Point,water.csv,,,,,
Pecks branch ,35.6600977,-83.31861289999999,River/Stream,0.003936874,Closest Point,water.csv,,,,,
Pecks Brook ,42.63765279999999,-73.1655464,River/Stream,0.010416751,Closest Point,water.csv,,,,,
Pecks Corner Branch ,35.6538621,-83.31287699999999,River/Stream,0.002802793,Closest Point,water.csv,,,,,
Pedlar River ,37.67049481433801,-79.28339485227788,River/Stream,0,Intersection Point,water.csv,,,,,
Pedlar River Dam ,37.6676309,-79.2771453,Dam,0.001239861,Closest Point,water.csv,,,,,
Pemadumcook Lake ,45.71384969999999,-69.01183849999998,Lake,0.000479782,Closest Point,water.csv,,,,,
Pemadumcook Lake ,45.7167968,-69.01653439999998,Lake,0.003771236,Closest Point,water.csv,,,,,
Pemadumcook Lake ,45.73000179999999,-69.02771119999998,Lake,0.004543902,Closest Point,water.csv,,,,,
Pemigewasset River ,44.1097897609761,-71.68129341587672,River/Stream,0,Intersection Point,water.csv,,,,,
Peruvian Branch ,35.6150579,-83.41543279999999,River/Stream,0.002629265,Closest Point,water.csv,,,,,
Peters Creek ,37.5761325,-79.4372034,River/Stream,0.004983761,Closest Point,water.csv,,,,,
Pickles Branch ,37.38427152644546,-80.18315954807903,River/Stream,0.005055115,Closest Point,water.csv,,,,,
Pierce Branch ,36.368072899999994,-82.0570457,River/Stream,0.002792795,Closest Point,water.csv,,,,,
Pierce Branch ,36.35869519999999,-82.0685309,River/Stream,0.003074084,Closest Point,water.csv,,,,,
Pierce Pond Dam ,45.2400537,-70.0561749,Dam,0,Original Point,water.csv,,,,,
Pierce Pond Stream ,45.240477581070394,-70.05408674126777,River/Stream,0,Intersection Point,water.csv,,,,,
Pigeonroost Creek ,36.12842139999999,-82.27592289999998,River/Stream,0.00321472,Closest Point,water.csv,,,,,
Pine Swamp Branch ,37.4199272,-80.6044078,River/Stream,0,Intersection Point,water.csv,,,,,
Pine Swamp Brook ,41.875659,-73.38798989999998,River/Stream,0.005048907,Closest Point,water.csv,,,,,
Piney River ,38.7609876,-78.2818767,River/Stream,0.002023772,Closest Point,water.csv,,,,,
Piney Run ,39.32499746092756,-77.71240510986377,River/Stream,0.002087587,Closest Point,water.csv,,,,,
Piper Bog ,44.84623323107596,-70.61237057699336,Pond,0.000327896,Closest Point,water.csv,,,,,
Piscataquis River ,45.259038070986286,-69.79835543670546,River/Stream,0.209093549,Closest Point,water.csv,,,,,
Pitman Pond ,45.81906937548252,-69.00920382440451,Other,0.003433343,Closest Point,water.csv,,,,,
Plantain Pond Dam ,42.0658916,-73.4373279,Dam,0.001799281,Closest Point,water.csv,,,,,
Pleasant Pond ,45.27192489999999,-69.9180168,Pond,0.002245522,Closest Point,water.csv,,,,,
Pleasant Pond Stream ,45.2558687,-69.977999,River/Stream,0.011807853,Closest Point,water.csv,,,,,
Pocahontas Spring ,40.5820928,-75.9870157,Spring,0,Original Point,water.csv,,,,,
Pochuck Creek ,41.235048468105376,-74.47192097877328,River/Stream,0,Intersection Point,water.csv,,,,,
Pollywog Stream ,45.77941021979045,-69.17264592341682,River/Stream,0,Intersection Point,water.csv,,,,,
Pomfret Brook ,43.68047766348924,-72.52685821657947,River/Stream,0,Intersection Point,water.csv,,,,,
Pond Branch ,36.27964839999999,-82.1194966,River/Stream,0.006409698,Closest Point,water.csv,,,,,
Pond Brook ,44.56273842148802,-70.97113440312638,River/Stream,0,Intersection Point,water.csv,,,,,
Popolopen Creek ,41.31996378242666,-73.98444304047878,River/Stream,0.001161916,Closest Point,water.csv,,,,,
Popolopen Creek ,41.315822,-74.00521799999999,River/Stream,0.007283196,Closest Point,water.csv,,,,,
Porters Creek ,35.6427033,-83.36429189999998,River/Stream,0.004375399,Closest Point,water.csv,,,,,
Potomac River ,39.323883155433556,-77.72735347992815,River/Stream,0,Intersection Point,water.csv,,,,,
Potomack Canal ,39.321761,-77.7444804,Other,0.001197214,Closest Point,water.csv,,,,,
Pratt Brook ,45.6531738,-69.0474067,River/Stream,0.014077866,Closest Point,water.csv,,,,,
Prentiss Brook ,45.73664017998241,-69.12213004001788,River/Stream,0,Intersection Point,water.csv,,,,,
Proctor Branch ,35.48414950000001,-83.8186193,River/Stream,0.004112656,Closest Point,water.csv,,,,,
Proctor Creek ,35.57380789999999,-83.5994212,River/Stream,0.003599245,Closest Point,water.csv,,,,,
Pua Falls ,39.0690582,-77.9027314,Waterfall,0,Original Point,water.csv,,,,,
Pugwash Pond ,45.4804326327375,-69.28730492814312,Pond,0.000443826,Closest Point,water.csv,,,,,
Quarry Run ,39.93505561003351,-77.48809642158949,River/Stream,0,Intersection Point,water.csv,,,,,
Quebec Branch ,36.65163509999999,-81.4916367,River/Stream,,Closest Point,water.csv,,,,,
Queensboro Brook ,41.3010741,-74.03642659999998,River/Stream,0.002045986,Closest Point,water.csv,,,,,
Queensboro Brook ,41.30292516908302,-74.03651200432792,River/Stream,0.002702778,Closest Point,water.csv,,,,,
Queensboro Brook ,41.3024538696625,-74.03508789398036,River/Stream,0.003270738,Closest Point,water.csv,,,,,
Rabbit Pond ,45.35088310763916,-69.50032210082763,Other,0.004329402,Closest Point,water.csv,,,,,
Race Brook ,42.094101699999996,-73.4344128,River/Stream,0.001678517,Closest Point,water.csv,,,,,
Rainbow Lake Dam ,45.8206513,-69.1654166,Lake,0,Original Point,water.csv,,,,,
Rainbow Stream ,45.799146899953584,-69.1704536985408,River/Stream,0,Intersection Point,water.csv,,,,,
Ramapo River ,41.26602445048953,-74.15612847058908,River/Stream,0,Intersection Point,water.csv,,,,,
Ramsey Prong ,35.70826737858719,-83.25660136268611,River/Stream,0,Intersection Point,water.csv,,,,,
Rat Branch ,36.2953115,-82.11968059999998,River/Stream,0.002759299,Closest Point,water.csv,,,,,
Rat Branch ,36.294318200000006,-82.1193829,River/Stream,0.003653559,Closest Point,water.csv,,,,,
Rattle River ,44.36604828758565,-71.11274540324581,River/Stream,0.000183574,Closest Point,water.csv,,,,,
Rattle River ,44.39235259537587,-71.1064367720622,River/Stream,0.001171645,Closest Point,water.csv,,,,,
Rattler Branch ,35.5656613,-83.52098369999999,River/Stream,0.004876308,Closest Point,water.csv,,,,,
Rattlesnake Run ,39.77658189999999,-77.4811511,River/Stream,0.004350265,Closest Point,water.csv,,,,,
Rattlesnake Run ,39.788765504369564,-77.48001607675218,River/Stream,0.005272928,Closest Point,water.csv,,,,,
Rattling Run ,39.67230299999999,-77.52899809999998,River/Stream,0.004220312,Closest Point,water.csv,,,,,
Rattling Run ,39.66974801788419,-77.53155283992636,River/Stream,0.004975787,Closest Point,water.csv,,,,,
Rattling Run ,39.665287099999986,-77.53300939999998,River/Stream,0.005118101,Closest Point,water.csv,,,,,
Rattling Run ,40.581443536346974,-76.01210841932208,River/Stream,0.00512583,Closest Point,water.csv,,,,,
Rattling Run ,39.678145400000005,-77.5249533,River/Stream,0.005858099,Closest Point,water.csv,,,,,
Rausch Creek ,40.497218358429784,-76.59667713379467,River/Stream,0,Intersection Point,water.csv,,,,,
Raven Creek ,35.6619469,-83.2932872,River/Stream,0.001925888,Closest Point,water.csv,,,,,
Raven Rock Spring ,39.671846,-77.5247153,Spring,0,Original Point,water.csv,,,,,
Raven Rocks Hollow ,39.13687038535378,-77.84233001483254,River/Stream,0,Intersection Point,water.csv,,,,,
Red Fork ,36.13525285487987,-82.29165850186558,River/Stream,0.00258374,Closest Point,water.csv,,,,,
Red Fork ,36.1377746,-82.28655159999998,River/Stream,0.003035233,Closest Point,water.csv,,,,,
Red Fork ,36.1356644,-82.29005479999998,River/Stream,0.003209806,Closest Point,water.csv,,,,,
Red Fork ,36.13555730000001,-82.28453859999999,River/Stream,0.005028128,Closest Point,water.csv,,,,,
Red Pond ,44.24171245013819,-71.3451699493659,Pond,0.000222292,Closest Point,water.csv,,,,,
Red Run ,39.740758346441396,-77.49002258129873,River/Stream,0,Intersection Point,water.csv,,,,,
Reservoir Hollow ,39.06994900356916,-77.90361720285779,River/Stream,0,Intersection Point,water.csv,,,,,
Right Fork Hurley Branch ,36.4202011,-82.0068321,River/Stream,0.00228374,Closest Point,water.csv,,,,,
Right Fork Hurley Branch ,36.4137385,-82.0101458,River/Stream,0.005478838,Closest Point,water.csv,,,,,
Right Prong Hodge Branch ,36.424450699999994,-82.00392059999999,River/Stream,0.002897176,Closest Point,water.csv,,,,,
Right Prong Rock Creek ,36.1108349,-82.3721952,River/Stream,0.001253412,Closest Point,water.csv,,,,,
Right Prong Rock Creek ,36.11167300000001,-82.37244,River/Stream,0.002016723,Closest Point,water.csv,,,,,
Rines Creek ,35.33861519999999,-83.70917769999998,River/Stream,0.003736277,Closest Point,water.csv,,,,,
Ripley Falls ,44.1616153,-71.3932313,Waterfall,0,Original Point,water.csv,,,,,
Riprap Creek ,38.1615076,-78.77453149999998,River/Stream,0.012952348571595414,Closest Point,water.csv,,,,,
Roach River ,38.327058199999996,-78.5690461,River/Stream,0.003550957,Closest Point,water.csv,,,,,
Road Prong ,35.6071615,-83.4498114,River/Stream,0.002600848,Closest Point,water.csv,,,,,
Roaring Brook ,42.6181408,-73.18950949999999,River/Stream,0.006705386,Closest Point,water.csv,,,,,
Robinson Branch ,36.41215900000001,-82.01117439999999,River/Stream,0.005450161,Closest Point,water.csv,,,,,
Robinson Creek ,35.7587918,-83.1646008,River/Stream,0.003639264,Closest Point,water.csv,,,,,
Robinson River ,38.5786996,-78.3831623,River/Stream,0.0030814,Closest Point,water.csv,,,,,
Rock Creek ,35.34201702544517,-83.6406165560384,River/Stream,0.000507184,Closest Point,water.csv,,,,,
Rock Creek ,36.13144599999998,-82.3031928,River/Stream,0.001943755,Closest Point,water.csv,,,,,
Rock Creek ,35.7272745,-83.216786,River/Stream,0.002269027,Closest Point,water.csv,,,,,
Rock Creek ,36.12667269999999,-82.3103389,River/Stream,0.003759876,Closest Point,water.csv,,,,,
Rock Creek ,35.342560313590965,-83.63084547961436,River/Stream,0.004473262,Closest Point,water.csv,,,,,
Rock Creek ,36.1190368,-82.32411869999999,River/Stream,0.007638627,Closest Point,water.csv,,,,,
Rock Spring ,37.8262262,-79.1431475,Spring,0,Original Point,water.csv,,,,,
Rocky Branch ,39.14373878182794,-77.83188007600289,River/Stream,0,Intersection Point,water.csv,,,,,
Rocky Fork ,35.598230099999995,-83.455967,River/Stream,0.004993114,Closest Point,water.csv,,,,,
Rocky Mountain Creek ,39.84630493372128,-77.5062013544956,River/Stream,0,Intersection Point,water.csv,,,,,
Rocky Row Run ,37.60291666966636,-79.39140781894454,River/Stream,0.000131625,Closest Point,water.csv,,,,,
Rocky Row Run ,37.60518820000001,-79.38616100000002,River/Stream,0.000875059,Closest Point,water.csv,,,,,
Rose River ,38.54283361060761,-78.41720706796109,River/Stream,0.007195823,Closest Point,water.csv,,,,,
Route 8 Bridge ,42.4742197,-73.157005,Other,0,Original Point,water.csv,,,,,
Rush River ,38.765065899999996,-78.2346806,River/Stream,0.003290566,Closest Point,water.csv,,,,,
Russell Field Branch ,35.56219888704859,-83.77568826378533,River/Stream,0.000989337,Closest Point,water.csv,,,,,
Sabbath Day Pond ,44.8407652,-70.6595872,Other,0.000160517,Closest Point,water.csv,,,,,
Sackett Brook ,42.413591999999994,-73.15464899999999,River/Stream,0.005320934,Closest Point,water.csv,,,,,
Saco River ,44.1714372407232,-71.38572547326251,River/Stream,0,Intersection Point,water.csv,,,,,
Sages Ravine Brook ,42.0522313184201,-73.44389615315262,River/Stream,0,Intersection Point,water.csv,,,,,
Sages Ravine Falls ,42.0519049,-73.4422552,Waterfall,0,Original Point,water.csv,,,,,
Sahlee Creek ,35.604199099999995,-83.45101700000001,River/Stream,0.004502188,Closest Point,water.csv,,,,,
Salmon Creek ,41.93062599999999,-73.36361399999998,River/Stream,0.004175178,Closest Point,water.csv,,,,,
Sams Creek ,35.56648669999999,-83.6419241,River/Stream,0.000487508,Closest Point,water.csv,,,,,
Sand Pond ,41.06550975309169,-74.95016261049153,Other,0.003800965,Closest Point,water.csv,,,,,
Sandy River ,44.88784746559146,-70.5392092465809,River/Stream,0,Intersection Point,water.csv,,,,,
Sandy Stream ,45.17844574514379,-70.07304786237685,River/Stream,0,Intersection Point,water.csv,,,,,
Sargent Brook ,43.55721952187221,-72.85271111437004,River/Stream,0,Intersection Point,water.csv,,,,,
Sawmill Branch ,37.435630210305604,-79.9884506520719,River/Stream,0.000846554,Closest Point,water.csv,,,,,
Sawmill Branch ,37.4325625,-79.9825528,River/Stream,0.001024771,Closest Point,water.csv,,,,,
Sawmill Branch ,37.4325955,-79.97942539999998,River/Stream,0.002750256,Closest Point,water.csv,,,,,
Sawyer Brook ,44.714030799999996,-70.80854769999999,River/Stream,0.005084971,Closest Point,water.csv,,,,,
Sawyer Creek ,35.383191,-83.7544917,River/Stream,0.006067256,Closest Point,water.csv,,,,,
Schuylkill River ,40.57853967773757,-76.02669727229686,River/Stream,0,Intersection Point,water.csv,,,,,
Screw Auger Falls ,45.4828888,-69.3045523,Waterfall,0,Original Point,water.csv,,,,,
Shaker Pond ,42.24120920000001,-73.21139019999998,Other,0.005434117,Closest Point,water.csv,,,,,
Shelburne Dam ,44.40385944707616,-71.1147872551024,Dam,0.000299021,Closest Point,water.csv,,,,,
Shell Creek ,36.13307129999999,-82.02367590000001,River/Stream,0.00431907,Closest Point,water.csv,,,,,
Shelter Brook ,44.5376696,-70.99029910000002,River/Stream,0.0003179,Closest Point,water.csv,,,,,
Shenandoah River ,39.32012201797547,-77.74148139588921,River/Stream,0,Intersection Point,water.csv,,,,,
Sheppe Pond ,37.60975485869118,-79.38942487723627,Pond,0.004114904,Closest Point,water.csv,,,,,
Sherman Brook ,42.719763664760116,-73.15180302566225,River/Stream,0.000287803,Closest Point,water.csv,,,,,
Sherman Brook ,42.705886499014056,-73.15016342974863,River/Stream,0.000300341,Closest Point,water.csv,,,,,
Sherman Brook ,42.701212716294094,-73.15251894086741,River/Stream,0.000712704,Closest Point,water.csv,,,,,
Sherman's Creek,40.38378833072647,-77.03097246500052,River/Stream,0,Intersection Point,water.csv,,,,,
Shinbone Creek ,36.11246251703573,-82.35909518117064,River/Stream,0.001492402,Closest Point,water.csv,,,,,
Shinbone Creek ,36.11655484501036,-82.35203609613892,River/Stream,0.001659588,Closest Point,water.csv,,,,,
Shinbone Creek ,36.114350900000005,-82.35655829999999,River/Stream,0.001786815,Closest Point,water.csv,,,,,
Shinbone Creek ,36.1096704,-82.3617545,River/Stream,0.00190902,Closest Point,water.csv,,,,,
Shinbone Creek ,36.1159742,-82.35344140000001,River/Stream,0.002072746,Closest Point,water.csv,,,,,
Shirt Tail Branch ,35.66506890000001,-83.3350722,River/Stream,0.003330671,Closest Point,water.csv,,,,,
Shoemaker Branch ,36.2171074,-82.076384,River/Stream,0.003703934,Closest Point,water.csv,,,,,
Shook Branch ,36.30197588927771,-82.12879242489225,River/Stream,0,Intersection Point,water.csv,,,,,
Silers Creek ,35.5661975,-83.56514319999998,River/Stream,0.002194101,Closest Point,water.csv,,,,,
Silver Cascade ,44.1973725,-71.3854185,River/Stream,0.007813339,Closest Point,water.csv,,,,,
Silvermine Creek ,35.33084615178339,-83.59173421313285,River/Stream,0,Intersection Point,water.csv,,,,,
Sinking Creek ,37.35167012712546,-80.37975040509333,River/Stream,0,Intersection Point,water.csv,,,,,
Sloan Creek ,38.87751386287855,-78.15099313554468,River/Stream,0,Intersection Point,water.csv,,,,,
Slugundy Lower Falls ,45.4220085,-69.4101499,Waterfall,0,Original Point,water.csv,,,,,
Slugundy Upper Falls ,45.4167421,-69.4200694,Waterfall,0,Original Point,water.csv,,,,,
Smith Creek ,38.8065548,-78.1822084,River/Stream,0.005701351,Closest Point,water.csv,,,,,
Snake Tongue ,35.56528039999999,-83.52453909999998,River/Stream,0.002225336,Closest Point,water.csv,,,,,
Snyder Brook ,44.32795836813564,-71.28327651401672,River/Stream,0,Intersection Point,water.csv,,,,,
South Alder Brook ,43.04092819999999,-73.02427629999998,River/Stream,0.003284086,Closest Point,water.csv,,,,,
South Branch Brassie Brook ,42.029036017671935,-73.45356239367119,River/Stream,0,Intersection Point,water.csv,,,,,
South Branch Carrabassett River ,45.03927549999999,-70.3427004,River/Stream,0,Intersection Point,water.csv,,,,,
South Brook ,42.5647498,-73.15436029999998,River/Stream,0.00329224,Closest Point,water.csv,,,,,
South Brook ,42.561648,-73.15460799999998,River/Stream,0.003487299,Closest Point,water.csv,,,,,
South Brook ,42.5544163,-73.15072329999998,River/Stream,0.004042807,Closest Point,water.csv,,,,,
South Brook ,42.5524242,-73.1479334,River/Stream,0.005118876,Closest Point,water.csv,,,,,
South Fork Beech Creek ,35.3254258,-83.6875906,River/Stream,0.002382186,Closest Point,water.csv,,,,,
South Fork Beech Creek ,35.330866652385545,-83.70683402632888,River/Stream,0.004240991,Closest Point,water.csv,,,,,
South Fork Beech Creek ,35.32933750124817,-83.69728741530268,River/Stream,0.004377123,Closest Point,water.csv,,,,,
South Fork Beech Creek ,35.328713699999994,-83.6935485,River/Stream,0.004565588,Closest Point,water.csv,,,,,
South Fork Benetts Run ,37.656165,-79.3585315,River/Stream,0.006022647,Closest Point,water.csv,,,,,
South Fork Holston River ,36.75773449999999,-81.4957432,River/Stream,,Closest Point,water.csv,,,,,
South Fork Moorman's River ,38.11160339999999,-78.7806147,River/Stream,0.007714666,Closest Point,water.csv,,,,,
South Fork Piney River ,37.8038609,-79.1570628,River/Stream,0.016478648,Closest Point,water.csv,,,,,
South Fork Roaring Branch ,43.00457,-73.06192599999999,River/Stream,0.014113241,Closest Point,water.csv,,,,,
South Fork Sawyer Creek ,35.3755177,-83.74879919999998,River/Stream,0.003888907,Closest Point,water.csv,,,,,
South Fork Tuskeegee Creek ,35.4007681,-83.7616421,River/Stream,0.004882364,Closest Point,water.csv,,,,,
South Pond ,44.8671209,-70.558921,Other,0.000369515,Closest Point,water.csv,,,,,
South River ,38.3808177820886,-78.51521158753866,River/Stream,0.002783696,Closest Point,water.csv,,,,,
Spaulding Spring ,44.3116913,-71.3128582,Spring,0,Original Point,water.csv,,,,,
Speck Pond ,44.564140210107645,-70.97230172941829,Other,0.000135858,Closest Point,water.csv,,,,,
Spence Cabin Branch ,35.5636589,-83.7324838,River/Stream,0.001616406,Closest Point,water.csv,,,,,
Splash Dam Falls ,36.2101881,-81.9739618,Waterfall,0,Original Point,water.csv,,,,,
Spooner Dam ,41.67481900228286,-73.51278423553164,Dam,0.001773796,Closest Point,water.csv,,,,,
Spout Run ,39.102297546283914,-77.87474052509526,River/Stream,0,Intersection Point,water.csv,,,,,
Spring Creek ,36.1477834,-82.22632559999998,River/Stream,0.003166986,Closest Point,water.csv,,,,,
Spring Lake ,43.494137599999995,-72.92491499999998,Lake,0.001926497,Closest Point,water.csv,,,,,
Spruce Brook ,44.2759288,-71.1703185,River/Stream,0.004470698,Closest Point,water.csv,,,,,
Spruce Swamp Creek ,41.98940858684476,-73.41727621425856,River/Stream,0,Intersection Point,water.csv,,,,,
Spud Town Branch ,35.5654959,-83.52068639999999,River/Stream,0.011103659,Closest Point,water.csv,,,,,
Spy Branch ,35.56571271588593,-83.54046731976936,River/Stream,0.004019518,Closest Point,water.csv,,,,,
Stamford Stream ,42.84819125924627,-73.1106357902385,River/Stream,0.001590642,Closest Point,water.csv,,,,,
Star Lake ,44.32706829999999,-71.2848198,Lake,0.001864656,Closest Point,water.csv,,,,,
Starkey Creek ,35.569566,-83.66820560000001,River/Stream,0.003805119,Closest Point,water.csv,,,,,
State Line Branch ,36.16784489999999,-82.0101729,River/Stream,0.00380281,Closest Point,water.csv,,,,,
Stecoah Creek ,35.344327807128195,-83.70981926640867,River/Stream,0.010008871,Closest Point,water.csv,,,,,
Stewart Hollow Brook ,41.77821962276783,-73.41884855414868,River/Stream,0,Intersection Point,water.csv,,,,,
Stillhouse Branch ,35.37372952466972,-83.72763766358484,River/Stream,0.001874951,Closest Point,water.csv,,,,,
Stillwater Brook ,41.28265489562351,-74.03582694538981,River/Stream,0.001922325,Closest Point,water.csv,,,,,
Stillwater Brook ,41.282225,-74.0384967,River/Stream,0.003934187,Closest Point,water.csv,,,,,
Stony Brook ,41.197449414885476,-74.75322643439581,River/Stream,0,Intersection Point,water.csv,,,,,
Stony Creek ,40.49531545976864,-76.58967882832533,River/Stream,0,Intersection Point,water.csv,,,,,
Stony Run ,38.071073000000005,-78.793313,River/Stream,0.006452891,Closest Point,water.csv,,,,,
Stout Branch ,36.44028519999999,-81.98471709999998,River/Stream,0.003780391,Closest Point,water.csv,,,,,
Stover Branch ,36.4107909747179,-82.01324131060437,River/Stream,0.002940212,Closest Point,water.csv,,,,,
Straight Branch ,36.6528024,-81.69055939999998,River/Stream,,Closest Point,water.csv,,,,,
Stratton Brook ,45.113609346327856,-70.34944596294935,River/Stream,0,Intersection Point,water.csv,,,,,
Stratton Pond ,43.10490485292544,-72.96365075912243,Other,0.000865529,Closest Point,water.csv,,,,,
Sucker Pond ,42.826298,-73.123972,Other,0.001645012,Closest Point,water.csv,,,,,
Sunfish Pond ,41.00418414743027,-75.07323454309586,Pond,0.000162698,Closest Point,water.csv,,,,,
Surebridge Brook ,41.26446751693253,-74.11330109464826,River/Stream,0,Intersection Point,water.csv,,,,,
Surplus Pond ,44.6742023,-70.86462799999998,Other,5.26E-05,Closest Point,water.csv,,,,,
Surprise Lake ,41.188782,-74.34676199999998,Lake,0.002298435,Closest Point,water.csv,,,,,
Susquehanna River,40.39916281616284,-77.00905483166902,River/Stream,0,Intersection Point,water.csv,,,,,
Swamp River ,41.593784341199274,-73.59305107455396,River/Stream,0,Intersection Point,water.csv,,,,,
Swann Brook ,42.21429686865081,-73.25982861550321,River/Stream,0,Intersection Point,water.csv,,,,,
Swapping Camp Creek ,37.6833365,-79.2720442,River/Stream,0,Intersection Point,water.csv,,,,,
Swatara Creek ,40.480299777439356,-76.5318202908149,River/Stream,0,Intersection Point,water.csv,,,,,
Sweat Heifer Creek ,35.630037,-83.38627699999999,River/Stream,0.001598513,Closest Point,water.csv,,,,,
Sweet Run ,39.25834300000001,-77.7671085,River/Stream,0.001938106,Closest Point,water.csv,,,,,
Sweet Run ,39.2750234,-77.7524121,River/Stream,0.002350693,Closest Point,water.csv,,,,,
Sweet Run ,39.2610545,-77.7623155,River/Stream,0.004010185,Closest Point,water.csv,,,,,
Sweetwater Creek ,35.37381289999999,-83.72351539999998,River/Stream,0.002025877,Closest Point,water.csv,,,,,
Swift Run ,38.36617027045238,-78.53823414219252,River/Stream,0.001819047,Closest Point,water.csv,,,,,
Tale Mountain Branch ,35.334942199999986,-83.658629,River/Stream,0.002256143,Closest Point,water.csv,,,,,
Tale Mountain Branch ,35.3364057,-83.6537974,River/Stream,0.006506795,Closest Point,water.csv,,,,,
Tar Kettle Springs ,40.0081569,-77.3826718,Spring,0,Original Point,water.csv,,,,,
Tenmile River ,41.666019747640725,-73.50707666863887,River/Stream,0,Intersection Point,water.csv,,,,,
Thayer Brook ,41.721350985046314,-73.49965390648896,River/Stream,0,Intersection Point,water.csv,,,,,
The Horns Pond ,45.14393459950464,-70.33139797481516,Other,0.000168384,Closest Point,water.csv,,,,,
The Staircase ,39.3195453,-77.7427708,Rapid,0,Original Point,water.csv,,,,,
Thomas Cove Branch ,35.53305802399916,-83.81009581363105,River/Stream,0.001855893,Closest Point,water.csv,,,,,
Thompson Brook ,45.39347989409183,-69.46693225917926,River/Stream,0,Intersection Point,water.csv,,,,,
Thompson Brook Lower Falls ,45.3922323,-69.4698818,Waterfall,0,Original Point,water.csv,,,,,
Thompson Brook Upper Falls ,45.3916762,-69.4714004,Waterfall,0,Original Point,water.csv,,,,,
Thoreau Falls ,44.1692568,-71.4725516,Waterfall,0,Original Point,water.csv,,,,,
Thoreau Spring ,45.8982733,-68.9365541,Spring,0,Original Point,water.csv,,,,,
Thunderhead Prong ,35.570431199999994,-83.69437719999999,River/Stream,0.003227771,Closest Point,water.csv,,,,,
Thundering Brook Falls ,43.6806235,-72.7864133,Waterfall,0,Original Point,water.csv,,,,,
Tiger Creek ,36.1482764,-82.1559277,River/Stream,0.00474384,Closest Point,water.csv,,,,,
Tillison Branch ,36.09289919999999,-82.4521341,River/Stream,0.002050553,Closest Point,water.csv,,,,,
Tillison Branch ,36.1059924,-82.45057919999999,River/Stream,0.002769733,Closest Point,water.csv,,,,,
Tillison Branch ,36.10541,-82.45121549999999,River/Stream,0.00377909,Closest Point,water.csv,,,,,
Tillison Branch ,36.10591680000001,-82.4497669,River/Stream,0.004310215,Closest Point,water.csv,,,,,
Tillison Branch ,36.1022163,-82.45125069999999,River/Stream,0.004973388,Closest Point,water.csv,,,,,
Tillman Brook ,41.146031,-74.850939,River/Stream,0.005705223,Closest Point,water.csv,,,,,
Timothy Branch ,36.454998700000004,-81.9727586,River/Stream,0.002543138,Closest Point,water.csv,,,,,
Tinker Creek ,37.389882966674655,-79.9135530647164,River/Stream,0,Intersection Point,water.csv,,,,,
Tobes Creek ,35.764252342333855,-83.15170827029202,River/Stream,0.004460056,Closest Point,water.csv,,,,,
Tomahawk Prong ,35.59788049999999,-83.45984119999999,River/Stream,0.001858044,Closest Point,water.csv,,,,,
Toms Branch ,36.1069807455058,-82.08153668736442,River/Stream,0.003400593,Closest Point,water.csv,,,,,
Toms Creek ,36.15676440000001,-82.21679999999999,River/Stream,0.003357199,Closest Point,water.csv,,,,,
Toms Creek ,35.745374399999996,-83.17530549999998,River/Stream,0.004285107,Closest Point,water.csv,,,,,
Tom's Run,40.038543865759856,-77.32594573494998,River/Stream,0,Intersection Point,water.csv,,,,,
Townhouse Branch ,35.34071759999999,-83.6041355,River/Stream,0.004500525,Closest Point,water.csv,,,,,
Townhouse Branch ,35.3435537,-83.6121226,River/Stream,0.005575178,Closest Point,water.csv,,,,,
Trout Creek ,37.39048271796047,-80.19601580739409,River/Stream,0,Intersection Point,water.csv,,,,,
Trout Run ,40.48318293265033,-76.55019123006502,River/Stream,0,Intersection Point,water.csv,,,,,
Trucker Run ,39.79364569999999,-77.4832426,River/Stream,0.00322298,Closest Point,water.csv,,,,,
Trucker Run ,39.7954014,-77.4829137,River/Stream,0.003455456,Closest Point,water.csv,,,,,
Trumbo Hollow ,38.9019919,-78.0561012,River/Stream,0.003559587,Closest Point,water.csv,,,,,
Tub-Mill Creek ,35.55738449999999,-83.77195620000002,River/Stream,0.000644333,Closest Point,water.csv,,,,,
Tumbledown Dick Stream ,45.73120676128124,-69.03022184964104,River/Stream,0,Intersection Point,water.csv,,,,,
Tumbling Run ,39.80175363182704,-77.47680456307073,River/Stream,0,Intersection Point,water.csv,,,,,
Tunbledown Dick Stream ,45.73393573047937,-69.0472605409687,River/Stream,0,Intersection Point,water.csv,,,,,
Twitchell Brook ,45.71307258768904,-69.0118425249627,River/Stream,0,Intersection Point,water.csv,,,,,
Tye River ,37.83841925542802,-79.02216349880554,River/Stream,0,Intersection Point,water.csv,,,,,
Unnamed,38.91138353598602,-78.0525002067258,River/Stream,0,Intersection Point,water.csv,,,,,
Upper Gentian Pond ,44.45433639999999,-71.07689099999999,Other,3.96E-05,Closest Point,water.csv,,,,,
Upper Lake of the Clouds ,44.25893478108023,-71.31731858790073,Lake,0.000427532,Closest Point,water.csv,,,,,
Van Campens Brook ,41.07426999999999,-74.9349,River/Stream,0.016964853,Closest Point,water.csv,,,,,
Vaughn Stream ,45.42066934326429,-69.42872962098778,River/Stream,0,Intersection Point,water.csv,,,,,
Vaughn Stream Falls ,45.420504,-69.4286495,Waterfall,0,Original Point,water.csv,,,,,
Wachocastinook Creek ,42.012122500000004,-73.45148909999999,River/Stream,0.00383902,Closest Point,water.csv,,,,,
Wachocastinook Creek ,41.9799815,-73.40822999999999,River/Stream,0.004686632,Closest Point,water.csv,,,,,
Wachocastinook Creek ,41.98909429054312,-73.41754536019025,River/Stream,0.00975327,Closest Point,water.csv,,,,,
Wadleigh Stream ,45.74615895583606,-69.14229895335352,River/Stream,0,Intersection Point,water.csv,,,,,
Wadleigh Stream Nahmakanta Lake ,45.74338982408296,-69.13529401010939,Lake,0.00283768,Closest Point,water.csv,,,,,
Walker Brook ,44.1486107,-71.64476529999999,River/Stream,0.001040446,Closest Point,water.csv,,,,,
Walker Brook ,44.1535502,-71.6445763,River/Stream,0.004654773,Closest Point,water.csv,,,,,
Walker Camp Prong ,35.6228589,-83.39684989999999,River/Stream,0.008831625,Closest Point,water.csv,,,,,
Walkers Creek ,35.569048800000004,-83.63391010000001,River/Stream,0.001246242,Closest Point,water.csv,,,,,
Wallkill River ,41.28798726022892,-74.53460187386806,River/Stream,0,Intersection Point,water.csv,,,,,
Warner Hollow Run ,39.65566931441772,-77.53849802398602,River/Stream,0,Intersection Point,water.csv,,,,,
Watauga Dam ,36.323056007853666,-82.12262760599724,Dam,0,Intersection Point,water.csv,,,,,
Watauga River ,36.32519187433072,-82.12037487535778,Other,0,Intersection Point,water.csv,,,,,
Water Hollow Branch ,36.4830166,-81.9636458,River/Stream,0.00144191,Closest Point,water.csv,,,,,
Water Hollow Branch ,36.479668,-81.96050069999998,River/Stream,0.002854746,Closest Point,water.csv,,,,,
Water Spigot ,39.7954417,-77.4829268,Other,0,Original Point,water.csv,,,,,
Wawayanda Creek ,41.22817464724668,-74.46724589893765,River/Stream,0,Intersection Point,water.csv,,,,,
Waynesboro Reservoir ,39.79949263899502,-77.47676714392732,Other,0.00144076,Closest Point,water.csv,,,,,
Webster Brook ,44.17767214804749,-71.37665212578409,River/Stream,0.003876131,Closest Point,water.csv,,,,,
Wesser Creek ,35.33245263057751,-83.59252870881458,River/Stream,0.003525639,Closest Point,water.csv,,,,,
Wesser Creek ,35.33035639999999,-83.59109619999998,River/Stream,0.004272896,Closest Point,water.csv,,,,,
Wesser Falls ,35.3336347,-83.5903173,Waterfall,0,Original Point,water.csv,,,,,
West Branch Antietam Creek ,39.85187398009379,-77.51119453668983,River/Stream,0.005053573,Closest Point,water.csv,,,,,
West Branch Antietam Creek ,39.855152,-77.509693,River/Stream,0.00539747,Closest Point,water.csv,,,,,
West Branch Antietam Creek ,39.854046,-77.51020899999999,River/Stream,0.00542575,Closest Point,water.csv,,,,,
West Branch Ellis River ,44.66138418439767,-70.89876023195627,River/Stream,0,Intersection Point,water.csv,,,,,
West Branch of Peabody River ,44.30452158903951,-71.26261859223192,River/Stream,0,Intersection Point,water.csv,,,,,
West Branch Penobscot River ,45.835277382243795,-68.96727834362213,River/Stream,0,Intersection Point,water.csv,,,,,
West Branch Piscataquis River ,45.27574752311102,-69.66141153352825,River/Stream,0,Intersection Point,water.csv,,,,,
West Branch Pleasant River ,45.47904819427097,-69.28844274106218,River/Stream,0,Intersection Point,water.csv,,,,,
West Carry Pond ,45.1595155,-70.1091736,Other,0.000309677,Closest Point,water.csv,,,,,
West Fork Dugger Branch ,36.41635435709379,-82.00641378329232,River/Stream,0.00308485,Closest Point,water.csv,,,,,
West Prong Little River ,35.56414549999999,-83.7178846,River/Stream,0.003878859,Closest Point,water.csv,,,,,
Wetauwanchu Brook ,41.960858603724375,-73.37383325083779,River/Stream,0,Intersection Point,water.csv,,,,,
Whaley Branch ,35.7715505,-83.10949360000001,River/Stream,0.00311014,Closest Point,water.csv,,,,,
Whaley Lake Stream ,41.5883564515519,-73.66284764630606,Lake,0,Intersection Point,water.csv,,,,,
White Horse Rapids ,39.3223232,-77.719159,Rapid,0,Original Point,water.csv,,,,,
White Oak Run ,38.2273405,-78.730321,River/Stream,0.007211575,Closest Point,water.csv,,,,,
White River ,43.71206612899218,-72.41810541882485,River/Stream,0,Intersection Point,water.csv,,,,,
Whitehouse Brook ,44.11449999999999,-71.68534499999998,River/Stream,0,Intersection Point,water.csv,,,,,
Whiteoak Creek ,35.331128,-83.66765399999998,River/Stream,0.004312461,Closest Point,water.csv,,,,,
Whitetop Creek ,36.63185169999999,-81.6018065,River/Stream,,Closest Point,water.csv,,,,,
Whitetop Laurel Creek ,36.64805352844293,-81.6722928802647,River/Stream,,Intersection Point,water.csv,,,,,
Whitewall Brook ,44.19555157501809,-71.49119144430749,River/Stream,0,Intersection Point,water.csv,,,,,
Wild Ammonoosuc River ,44.0422764,-71.7905348,River/Stream,0.003300826,Closest Point,water.csv,,,,,
Wildcat Hollow ,38.9434138,-78.0316845,River/Stream,0.001246196,Closest Point,water.csv,,,,,
Willey Brook ,44.175067899999995,-71.40861289999998,River/Stream,0.004394148,Closest Point,water.csv,,,,,
Wilson Creek ,36.655614,-81.4953813,River/Stream,,Intersection Point,water.csv,,,,,
Windy Pitch ,45.8669207,-69.0354696,Rapid,0,Original Point,water.csv,,,,,
Windy Pitch Ponds ,45.86853177446532,-69.03633940558022,Other,0.005113184,Closest Point,water.csv,,,,,
Winhall River ,43.123534443297686,-72.97648831188376,River/Stream,0,Intersection Point,water.csv,,,,,
Yards Creek ,41.032278622579625,-75.00526591444624,River/Stream,0,Intersection Point,water.csv,,,,,
Yellow Creek ,35.41249489999999,-83.7704994,River/Stream,0.002108122,Closest Point,water.csv,,,,,
Yellow Creek ,35.72530291161809,-83.22882241830553,River/Stream,0.005879891,Closest Point,water.csv,,,,,
Yuza Mini Brook ,41.75961403858242,-73.44903749543396,River/Stream,0.003023604,Closest Point,water.csv,,,,,
Yuza Mini Brook ,41.76160440000001,-73.4471373,River/Stream,0.005086628,Closest Point,water.csv,,,,,
Yuza Mini Brook ,41.761082877382876,-73.44757547718935,River/Stream,0.005219808,Closest Point,water.csv,,,,,
Zeacliff Pond ,44.18435855164034,-71.50646617352342,Pond,0.000898624,Closest Point,water.csv,,,,,
Zealand Falls ,44.1955745,-71.494107,Waterfall,0,Original Point,water.csv,,,,,
Zealand Pond ,44.19570857498027,-71.49163919621408,Pond,0.000293255,Closest Point,water.csv,,,,,
Zealand Pond ,44.1957164,-71.4903513,Pond,0.003458069,Closest Point,water.csv,,,,,
,,,,,,,,,,,
,,,,,,,,,,,
,,,,,,,,,,,
,,,,,,,,,,,
,,,,,,,,,,,
,,,,,,,,,,,
,,,,,,,,,,,
,,,,,,,,,,,
,,,,,,,,,,,
,,,,,,,,,,,
,,,,,,,,,,,
,,,,,,,,,,,
,,,,,,,,,,,
,,,,,,,,,,,
,,,,,,,,,,,
,,,,,,,,,,,
,,,,,,,,,,,
,,,,,,,,,,,
,,,,,,,,,,,
,,,,,,,,,,,
,,,,,,,,,,,
,,,,,,,,,,,
,,,,,,,,,,,
,,,,,,,,,,,
,,,,,,,,,,,
,,,,,,,,,,,
,,,,,,,,,,,
,,,,,,,,,,,
,,,,,,,,,,,
,,,,,,,,,,,
,,,,,,,,,,,
,,,,,,,,,,,
,,,,,,,,,,,
,,,,,,,,,,,
,,,,,,,,,,,
,,,,,,,,,,,
,,,,,,,,,,,
,,,,,,,,,,,
,,,,,,,,,,,
,,,,,,,,,,,
,,,,,,,,,,,
,,,,,,,,,,,
,,,,,,,,,,,
,,,,,,,,,,,
,,,,,,,,,,,
,,,,,,,,,,,
,,,,,,,,,,,
,,,,,,,,,,,
,,,,,,,,,,,
,,,,,,,,,,,
,,,,,,,,,,,
,,,,,,,,,,,
,,,,,,,,,,,
,,,,,,,,,,,
,,,,,,,,,,,
,,,,,,,,,,,
,,,,,,,,,,,
,,,,,,,,,,,
,,,,,,,,,,,
,,,,,,,,,,,
,,,,,,,,,,,
,,,,,,,,,,,
,,,,,,,,,,,
,,,,,,,,,,,
,,,,,,,,,,,
,,,,,,,,,,,
,,,,,,,,,,,
,,,,,,,,,,,
,,,,,,,,,,,
,,,,,,,,,,,
,,,,,,,,,,,
,,,,,,,,,,,
,,,,,,,,,,,
,,,,,,,,,,,
,,,,,,,,,,,
,,,,,,,,,,,
,,,,,,,,,,,
,,,,,,,,,,,
,,,,,,,,,,,
,,,,,,,,,,,
,,,,,,,,,,,
,,,,,,,,,,,
,,,,,,,,,,,
,,,,,,,,,,,
,,,,,,,,,,,
,,,,,,,,,,,
,,,,,,,,,,,
,,,,,,,,,,,
,,,,,,,,,,,
,,,,,,,,,,,
,,,,,,,,,,,
,,,,,,,,,,,
,,,,,,,,,,,
,,,,,,,,,,,
,,,,,,,,,,,
,,,,,,,,,,,
,,,,,,,,,,,
,,,,,,,,,,,
,,,,,,,,,,,
,,,,,,,,,,,
,,,,,,,,,,,
,,,,,,,,,,,
,,,,,,,,,,,
,,,,,,,,,,,
,,,,,,,,,,,
,,,,,,,,,,,
,,,,,,,,,,,
,,,,,,,,,,,
,,,,,,,,,,,
,,,,,,,,,,,
,,,,,,,,,,,
,,,,,,,,,,,
,,,,,,,,,,,
,,,,,,,,,,,
,,,,,,,,,,,
,,,,,,,,,,,
,,,,,,,,,,,
,,,,,,,,,,,
,,,,,,,,,,,
,,,,,,,,,,,
,,,,,,,,,,,
,,,,,,,,,,,
,,,,,,,,,,,
,,,,,,,,,,,
,,,,,,,,,,,
,,,,,,,,,,,
,,,,,,,,,,,
,,,,,,,,,,,
,,,,,,,,,,,
,,,,,,,,,,,
,,,,,,,,,,,
,,,,,,,,,,,
,,,,,,,,,,,
,,,,,,,,,,,
,,,,,,,,,,,
,,,,,,,,,,,
,,,,,,,,,,,
,,,,,,,,,,,
,,,,,,,,,,,
,,,,,,,,,,,
,,,,,,,,,,,
,,,,,,,,,,,
,,,,,,,,,,,
,,,,,,,,,,,
,,,,,,,,,,,
,,,,,,,,,,,
,,,,,,,,,,,
,,,,,,,,,,,
,,,,,,,,,,,
,,,,,,,,,,,
,,,,,,,,,,,
,,,,,,,,,,,
,,,,,,,,,,,
,,,,,,,,,,,
,,,,,,,,,,,
,,,,,,,,,,,
,,,,,,,,,,,
,,,,,,,,,,,
,,,,,,,,,,,
,,,,,,,,,,,
,,,,,,,,,,,
,,,,,,,,,,,
,,,,,,,,,,,
,,,,,,,,,,,
,,,,,,,,,,,
,,,,,,,,,,,
,,,,,,,,,,,
,,,,,,,,,,,
,,,,,,,,,,,
,,,,,,,,,,,
,,,,,,,,,,,
,,,,,,,,,,,
,,,,,,,,,,,
,,,,,,,,,,,
,,,,,,,,,,,
,,,,,,,,,,,
,,,,,,,,,,,
,,,,,,,,,,,
,,,,,,,,,,,
,,,,,,,,,,,
,,,,,,,,,,,
,,,,,,,,,,,
,,,,,,,,,,,
,,,,,,,,,,,
,,,,,,,,,,,
,,,,,,,,,,,
,,,,,,,,,,,
,,,,,,,,,,,
,,,,,,,,,,,
,,,,,,,,,,,
,,,,,,,,,,,
,,,,,,,,,,,
,,,,,,,,,,,
,,,,,,,,,,,
,,,,,,,,,,,
,,,,,,,,,,,
,,,,,,,,,,,
,,,,,,,,,,,
,,,,,,,,,,,
,,,,,,,,,,,
,,,,,,,,,,,
,,,,,,,,,,,
,,,,,,,,,,,
,,,,,,,,,,,
,,,,,,,,,,,
,,,,,,,,,,,
,,,,,,,,,,,
,,,,,,,,,,,
,,,,,,,,,,,
,,,,,,,,,,,
,,,,,,,,,,,
,,,,,,,,,,,
,,,,,,,,,,,
,,,,,,,,,,,
,,,,,,,,,,,
,,,,,,,,,,,
,,,,,,,,,,,
,,,,,,,,,,,
,,,,,,,,,,,
,,,,,,,,,,,
,,,,,,,,,,,
,,,,,,,,,,,
,,,,,,,,,,,
,,,,,,,,,,,
,,,,,,,,,,,
,,,,,,,,,,,
,,,,,,,,,,,
,,,,,,,,,,,
,,,,,,,,,,,
,,,,,,,,,,,
,,,,,,,,,,,
,,,,,,,,,,,
,,,,,,,,,,,
,,,,,,,,,,,
,,,,,,,,,,,
,,,,,,,,,,,
,,,,,,,,,,,
,,,,,,,,,,,
,,,,,,,,,,,
,,,,,,,,,,,
,,,,,,,,,,,
,,,,,,,,,,,
,,,,,,,,,,,
,,,,,,,,,,,
,,,,,,,,,,,
,,,,,,,,,,,
,,,,,,,,,,,
,,,,,,,,,,,
,,,,,,,,,,,
,,,,,,,,,,,
,,,,,,,,,,,
,,,,,,,,,,,
,,,,,,,,,,,
,,,,,,,,,,,
,,,,,,,,,,,
,,,,,,,,,,,
,,,,,,,,,,,
,,,,,,,,,,,
,,,,,,,,,,,
,,,,,,,,,,,
,,,,,,,,,,,
,,,,,,,,,,,
,,,,,,,,,,,
,,,,,,,,,,,
,,,,,,,,,,,
,,,,,,,,,,,
,,,,,,,,,,,
,,,,,,,,,,,
,,,,,,,,,,,
,,,,,,,,,,,
,,,,,,,,,,,
,,,,,,,,,,,
,,,,,,,,,,,
,,,,,,,,,,,
,,,,,,,,,,,
,,,,,,,,,,,
,,,,,,,,,,,
,,,,,,,,,,,
,,,,,,,,,,,
,,,,,,,,,,,
,,,,,,,,,,,
,,,,,,,,,,,
,,,,,,,,,,,
,,,,,,,,,,,
,,,,,,,,,,,
,,,,,,,,,,,
,,,,,,,,,,,
,,,,,,,,,,,
,,,,,,,,,,,
,,,,,,,,,,,
,,,,,,,,,,,
,,,,,,,,,,,
,,,,,,,,,,,
,,,,,,,,,,,
,,,,,,,,,,,
,,,,,,,,,,,
,,,,,,,,,,,
,,,,,,,,,,,
,,,,,,,,,,,
,,,,,,,,,,,
,,,,,,,,,,,
,,,,,,,,,,,
,,,,,,,,,,,
,,,,,,,,,,,
,,,,,,,,,,,
,,,,,,,,,,,
,,,,,,,,,,,
,,,,,,,,,,,
,,,,,,,,,,,
,,,,,,,,,,,
,,,,,,,,,,,
,,,,,,,,,,,
,,,,,,,,,,,
,,,,,,,,,,,
,,,,,,,,,,,
,,,,,,,,,,,
,,,,,,,,,,,
,,,,,,,,,,,
,,,,,,,,,,,
,,,,,,,,,,,
,,,,,,,,,,,
,,,,,,,,,,,
,,,,,,,,,,,
,,,,,,,,,,,
,,,,,,,,,,,
,,,,,,,,,,,
,,,,,,,,,,,
,,,,,,,,,,,
,,,,,,,,,,,
,,,,,,,,,,,
,,,,,,,,,,,
,,,,,,,,,,,
,,,,,,,,,,,
,,,,,,,,,,,
,,,,,,,,,,,
,,,,,,,,,,,
,,,,,,,,,,,
,,,,,,,,,,,
,,,,,,,,,,,
,,,,,,,,,,,
,,,,,,,,,,,
,,,,,,,,,,,
,,,,,,,,,,,
,,,,,,,,,,,
,,,,,,,,,,,
,,,,,,,,,,,
,,,,,,,,,,,
,,,,,,,,,,,
,,,,,,,,,,,
,,,,,,,,,,,
,,,,,,,,,,,
,,,,,,,,,,,
,,,,,,,,,,,
,,,,,,,,,,,
,,,,,,,,,,,
,,,,,,,,,,,
,,,,,,,,,,,
,,,,,,,,,,,
,,,,,,,,,,,
,,,,,,,,,,,
,,,,,,,,,,,
,,,,,,,,,,,
,,,,,,,,,,,
,,,,,,,,,,,
,,,,,,,,,,,
,,,,,,,,,,,
,,,,,,,,,,,
,,,,,,,,,,,
,,,,,,,,,,,
,,,,,,,,,,,
,,,,,,,,,,,
,,,,,,,,,,,
,,,,,,,,,,,
,,,,,,,,,,,
,,,,,,,,,,,
,,,,,,,,,,,
,,,,,,,,,,,
,,,,,,,,,,,
,,,,,,,,,,,
,,,,,,,,,,,
,,,,,,,,,,,
,,,,,,,,,,,
,,,,,,,,,,,
,,,,,,,,,,,
,,,,,,,,,,,
,,,,,,,,,,,
,,,,,,,,,,,
,,,,,,,,,,,
,,,,,,,,,,,
,,,,,,,,,,,
,,,,,,,,,,,
,,,,,,,,,,,
,,,,,,,,,,,
,,,,,,,,,,,
,,,,,,,,,,,
,,,,,,,,,,,
,,,,,,,,,,,
,,,,,,,,,,,
,,,,,,,,,,,
,,,,,,,,,,,
,,,,,,,,,,,
,,,,,,,,,,,
,,,,,,,,,,,
,,,,,,,,,,,
,,,,,,,,,,,
,,,,,,,,,,,
,,,,,,,,,,,
,,,,,,,,,,,
,,,,,,,,,,,
,,,,,,,,,,,
,,,,,,,,,,,
,,,,,,,,,,,
,,,,,,,,,,,
,,,,,,,,,,,
,,,,,,,,,,,
,,,,,,,,,,,
,,,,,,,,,,,
,,,,,,,,,,,
,,,,,,,,,,,
,,,,,,,,,,,
,,,,,,,,,,,
,,,,,,,,,,,
,,,,,,,,,,,
,,,,,,,,,,,
,,,,,,,,,,,
,,,,,,,,,,,
,,,,,,,,,,,
,,,,,,,,,,,
,,,,,,,,,,,
,,,,,,,,,,,
,,,,,,,,,,,
,,,,,,,,,,,
,,,,,,,,,,,
,,,,,,,,,,,
,,,,,,,,,,,
,,,,,,,,,,,
,,,,,,,,,,,
,,,,,,,,,,,
,,,,,,,,,,,
,,,,,,,,,,,
,,,,,,,,,,,
,,,,,,,,,,,
,,,,,,,,,,,
,,,,,,,,,,,
,,,,,,,,,,,
,,,,,,,,,,,
,,,,,,,,,,,
,,,,,,,,,,,
,,,,,,,,,,,
,,,,,,,,,,,
,,,,,,,,,,,
,,,,,,,,,,,
,,,,,,,,,,,
,,,,,,,,,,,
,,,,,,,,,,,
,,,,,,,,,,,
,,,,,,,,,,,
,,,,,,,,,,,
,,,,,,,,,,,
,,,,,,,,,,,
,,,,,,,,,,,
,,,,,,,,,,,
,,,,,,,,,,,
,,,,,,,,,,,
,,,,,,,,,,,
,,,,,,,,,,,
,,,,,,,,,,,
,,,,,,,,,,,
,,,,,,,,,,,
,,,,,,,,,,,
,,,,,,,,,,,
,,,,,,,,,,,
,,,,,,,,,,,
,,,,,,,,,,,
,,,,,,,,,,,
,,,,,,,,,,,
,,,,,,,,,,,
,,,,,,,,,,,
,,,,,,,,,,,
,,,,,,,,,,,
,,,,,,,,,,,
,,,,,,,,,,,
,,,,,,,,,,,
,,,,,,,,,,,
,,,,,,,,,,,
,,,,,,,,,,,
,,,,,,,,,,,
,,,,,,,,,,,
,,,,,,,,,,,
,,,,,,,,,,,
,,,,,,,,,,,
,,,,,,,,,,,
,,,,,,,,,,,
,,,,,,,,,,,
,,,,,,,,,,,
,,,,,,,,,,,
,,,,,,,,,,,
,,,,,,,,,,,
,,,,,,,,,,,
,,,,,,,,,,,
,,,,,,,,,,,
,,,,,,,,,,,
,,,,,,,,,,,
,,,,,,,,,,,
,,,,,,,,,,,
,,,,,,,,,,,
,,,,,,,,,,,
,,,,,,,,,,,
,,,,,,,,,,,
,,,,,,,,,,,
,,,,,,,,,,,
,,,,,,,,,,,
,,,,,,,,,,,
,,,,,,,,,,,
,,,,,,,,,,,
,,,,,,,,,,,
,,,,,,,,,,,
,,,,,,,,,,,
,,,,,,,,,,,
,,,,,,,,,,,
,,,,,,,,,,,
,,,,,,,,,,,
,,,,,,,,,,,
,,,,,,,,,,,
,,,,,,,,,,,
,,,,,,,,,,,
,,,,,,,,,,,
,,,,,,,,,,,
,,,,,,,,,,,
,,,,,,,,,,,
,,,,,,,,,,,
,,,,,,,,,,,
,,,,,,,,,,,
,,,,,,,,,,,
,,,,,,,,,,,
,,,,,,,,,,,
,,,,,,,,,,,
,,,,,,,,,,,
,,,,,,,,,,,
,,,,,,,,,,,
,,,,,,,,,,,
,,,,,,,,,,,
,,,,,,,,,,,
,,,,,,,,,,,
,,,,,,,,,,,
,,,,,,,,,,,
,,,,,,,,,,,
,,,,,,,,,,,
,,,,,,,,,,,
,,,,,,,,,,,
,,,,,,,,,,,
,,,,,,,,,,,
,,,,,,,,,,,
,,,,,,,,,,,
,,,,,,,,,,,
,,,,,,,,,,,
,,,,,,,,,,,
,,,,,,,,,,,
,,,,,,,,,,,
,,,,,,,,,,,
,,,,,,,,,,,
,,,,,,,,,,,
,,,,,,,,,,,
,,,,,,,,,,,
,,,,,,,,,,,
,,,,,,,,,,,
,,,,,,,,,,,
,,,,,,,,,,,
,,,,,,,,,,,
,,,,,,,,,,,
,,,,,,,,,,,
,,,,,,,,,,,
,,,,,,,,,,,
,,,,,,,,,,,
,,,,,,,,,,,
,,,,,,,,,,,
,,,,,,,,,,,
,,,,,,,,,,,
,,,,,,,,,,,
,,,,,,,,,,,
,,,,,,,,,,,
,,,,,,,,,,,
,,,,,,,,,,,
,,,,,,,,,,,
,,,,,,,,,,,
,,,,,,,,,,,
,,,,,,,,,,,
,,,,,,,,,,,
,,,,,,,,,,,
,,,,,,,,,,,
,,,,,,,,,,,
,,,,,,,,,,,
,,,,,,,,,,,
,,,,,,,,,,,
,,,,,,,,,,,
,,,,,,,,,,,
,,,,,,,,,,,
,,,,,,,,,,,
,,,,,,,,,,,
,,,,,,,,,,,
,,,,,,,,,,,
,,,,,,,,,,,
,,,,,,,,,,,
,,,,,,,,,,,
,,,,,,,,,,,
,,,,,,,,,,,
,,,,,,,,,,,
,,,,,,,,,,,
,,,,,,,,,,,
,,,,,,,,,,,
,,,,,,,,,,,
,,,,,,,,,,,
,,,,,,,,,,,
,,,,,,,,,,,
,,,,,,,,,,,
,,,,,,,,,,,
,,,,,,,,,,,
,,,,,,,,,,,
,,,,,,,,,,,
,,,,,,,,,,,
,,,,,,,,,,,
,,,,,,,,,,,
,,,,,,,,,,,
,,,,,,,,,,,
,,,,,,,,,,,
,,,,,,,,,,,
,,,,,,,,,,,
,,,,,,,,,,,
,,,,,,,,,,,
,,,,,,,,,,,
,,,,,,,,,,,
,,,,,,,,,,,
,,,,,,,,,,,
,,,,,,,,,,,
,,,,,,,,,,,
,,,,,,,,,,,
,,,,,,,,,,,
,,,,,,,,,,,
,,,,,,,,,,,
,,,,,,,,,,,
,,,,,,,,,,,
,,,,,,,,,,,
,,,,,,,,,,,
,,,,,,,,,,,
,,,,,,,,,,,
,,,,,,,,,,,
,,,,,,,,,,,
,,,,,,,,,,,
,,,,,,,,,,,
,,,,,,,,,,,
,,,,,,,,,,,
,,,,,,,,,,,
,,,,,,,,,,,
,,,,,,,,,,,
,,,,,,,,,,,
,,,,,,,,,,,
,,,,,,,,,,,
,,,,,,,,,,,
,,,,,,,,,,,
,,,,,,,,,,,
,,,,,,,,,,,
,,,,,,,,,,,
,,,,,,,,,,,
,,,,,,,,,,,
,,,,,,,,,,,
,,,,,,,,,,,
,,,,,,,,,,,
,,,,,,,,,,,
,,,,,,,,,,,
,,,,,,,,,,,
,,,,,,,,,,,
,,,,,,,,,,,
,,,,,,,,,,,
,,,,,,,,,,,
,,,,,,,,,,,
,,,,,,,,,,,
,,,,,,,,,,,
,,,,,,,,,,,
,,,,,,,,,,,
,,,,,,,,,,,
,,,,,,,,,,,
,,,,,,,,,,,
,,,,,,,,,,,
,,,,,,,,,,,
,,,,,,,,,,,
,,,,,,,,,,,
,,,,,,,,,,,
,,,,,,,,,,,
,,,,,,,,,,,
,,,,,,,,,,,
,,,,,,,,,,,
,,,,,,,,,,,
,,,,,,,,,,,
,,,,,,,,,,,
,,,,,,,,,,,
,,,,,,,,,,,
,,,,,,,,,,,
,,,,,,,,,,,
,,,,,,,,,,,
,,,,,,,,,,,
,,,,,,,,,,,
,,,,,,,,,,,
,,,,,,,,,,,
,,,,,,,,,,,
,,,,,,,,,,,
,,,,,,,,,,,
,,,,,,,,,,,
,,,,,,,,,,,
,,,,,,,,,,,
,,,,,,,,,,,
,,,,,,,,,,,
,,,,,,,,,,,
,,,,,,,,,,,
,,,,,,,,,,,
,,,,,,,,,,,
,,,,,,,,,,,
,,,,,,,,,,,
,,,,,,,,,,,
,,,,,,,,,,,
,,,,,,,,,,,
,,,,,,,,,,,
,,,,,,,,,,,
,,,,,,,,,,,
,,,,,,,,,,,
,,,,,,,,,,,
,,,,,,,,,,,
,,,,,,,,,,,
,,,,,,,,,,,
,,,,,,,,,,,
,,,,,,,,,,,
,,,,,,,,,,,
,,,,,,,,,,,
,,,,,,,,,,,
,,,,,,,,,,,
,,,,,,,,,,,
,,,,,,,,,,,
,,,,,,,,,,,
,,,,,,,,,,,
,,,,,,,,,,,
,,,,,,,,,,,
,,,,,,,,,,,
,,,,,,,,,,,
,,,,,,,,,,,
,,,,,,,,,,,
,,,,,,,,,,,
,,,,,,,,,,,
,,,,,,,,,,,
,,,,,,,,,,,
,,,,,,,,,,,
,,,,,,,,,,,
,,,,,,,,,,,
,,,,,,,,,,,
,,,,,,,,,,,
,,,,,,,,,,,
,,,,,,,,,,,
,,,,,,,,,,,
,,,,,,,,,,,
,,,,,,,,,,,
,,,,,,,,,,,
,,,,,,,,,,,
,,,,,,,,,,,
,,,,,,,,,,,
,,,,,,,,,,,
,,,,,,,,,,,
,,,,,,,,,,,
,,,,,,,,,,,
,,,,,,,,,,,
,,,,,,,,,,,
,,,,,,,,,,,
,,,,,,,,,,,
,,,,,,,,,,,
,,,,,,,,,,,
,,,,,,,,,,,
,,,,,,,,,,,
,,,,,,,,,,,
,,,,,,,,,,,
,,,,,,,,,,,
,,,,,,,,,,,
,,,,,,,,,,,
,,,,,,,,,,,
,,,,,,,,,,,
,,,,,,,,,,,
,,,,,,,,,,,
,,,,,,,,,,,
,,,,,,,,,,,
,,,,,,,,,,,
,,,,,,,,,,,
,,,,,,,,,,,
,,,,,,,,,,,
,,,,,,,,,,,
,,,,,,,,,,,
,,,,,,,,,,,
,,,,,,,,,,,
,,,,,,,,,,,
,,,,,,,,,,,
,,,,,,,,,,,
,,,,,,,,,,,
,,,,,,,,,,,
,,,,,,,,,,,
,,,,,,,,,,,
,,,,,,,,,,,
,,,,,,,,,,,
,,,,,,,,,,,
,,,,,,,,,,,
,,,,,,,,,,,
,,,,,,,,,,,
,,,,,,,,,,,
,,,,,,,,,,,
,,,,,,,,,,,
,,,,,,,,,,,
,,,,,,,,,,,
,,,,,,,,,,,
,,,,,,,,,,,
,,,,,,,,,,,
,,,,,,,,,,,
,,,,,,,,,,,
,,,,,,,,,,,
,,,,,,,,,,,
,,,,,,,,,,,
,,,,,,,,,,,
,,,,,,,,,,,
,,,,,,,,,,,
,,,,,,,,,,,
,,,,,,,,,,,
,,,,,,,,,,,
,,,,,,,,,,,
,,,,,,,,,,,
,,,,,,,,,,,
,,,,,,,,,,,
,,,,,,,,,,,
,,,,,,,,,,,
,,,,,,,,,,,
,,,,,,,,,,,
,,,,,,,,,,,
,,,,,,,,,,,
,,,,,,,,,,,
,,,,,,,,,,,
,,,,,,,,,,,
,,,,,,,,,,,
,,,,,,,,,,,
,,,,,,,,,,,
,,,,,,,,,,,
,,,,,,,,,,,
,,,,,,,,,,,
,,,,,,,,,,,
,,,,,,,,,,,
,,,,,,,,,,,
,,,,,,,,,,,
,,,,,,,,,,,
,,,,,,,,,,,
,,,,,,,,,,,
,,,,,,,,,,,
,,,,,,,,,,,
,,,,,,,,,,,
,,,,,,,,,,,
,,,,,,,,,,,
,,,,,,,,,,,
,,,,,,,,,,,
,,,,,,,,,,,
,,,,,,,,,,,
,,,,,,,,,,,
,,,,,,,,,,,
,,,,,,,,,,,
,,,,,,,,,,,
,,,,,,,,,,,
,,,,,,,,,,,
,,,,,,,,,,,
,,,,,,,,,,,
,,,,,,,,,,,
,,,,,,,,,,,
,,,,,,,,,,,
,,,,,,,,,,,
,,,,,,,,,,,
,,,,,,,,,,,
,,,,,,,,,,,
,,,,,,,,,,,
,,,,,,,,,,,
,,,,,,,,,,,
,,,,,,,,,,,
,,,,,,,,,,,
,,,,,,,,,,,
,,,,,,,,,,,
,,,,,,,,,,,
,,,,,,,,,,,
,,,,,,,,,,,
,,,,,,,,,,,
,,,,,,,,,,,
,,,,,,,,,,,
,,,,,,,,,,,
,,,,,,,,,,,
,,,,,,,,,,,
,,,,,,,,,,,
,,,,,,,,,,,
,,,,,,,,,,,
,,,,,,,,,,,
,,,,,,,,,,,
,,,,,,,,,,,
,,,,,,,,,,,
,,,,,,,,,,,
,,,,,,,,,,,
,,,,,,,,,,,
,,,,,,,,,,,
,,,,,,,,,,,
,,,,,,,,,,,
,,,,,,,,,,,
,,,,,,,,,,,
,,,,,,,,,,,
,,,,,,,,,,,
,,,,,,,,,,,
,,,,,,,,,,,
,,,,,,,,,,,
,,,,,,,,,,,
,,,,,,,,,,,
,,,,,,,,,,,
,,,,,,,,,,,
,,,,,,,,,,,
,,,,,,,,,,,
,,,,,,,,,,,
,,,,,,,,,,,
,,,,,,,,,,,
,,,,,,,,,,,
,,,,,,,,,,,
,,,,,,,,,,,
,,,,,,,,,,,
,,,,,,,,,,,
,,,,,,,,,,,
,,,,,,,,,,,
,,,,,,,,,,,
,,,,,,,,,,,
,,,,,,,,,,,
,,,,,,,,,,,
,,,,,,,,,,,
,,,,,,,,,,,
,,,,,,,,,,,
,,,,,,,,,,,
,,,,,,,,,,,
,,,,,,,,,,,
,,,,,,,,,,,
,,,,,,,,,,,
,,,,,,,,,,,
,,,,,,,,,,,
,,,,,,,,,,,
,,,,,,,,,,,
,,,,,,,,,,,
,,,,,,,,,,,
,,,,,,,,,,,
,,,,,,,,,,,
,,,,,,,,,,,
,,,,,,,,,,,
,,,,,,,,,,,
,,,,,,,,,,,
,,,,,,,,,,,
,,,,,,,,,,,
,,,,,,,,,,,
,,,,,,,,,,,
,,,,,,,,,,,
,,,,,,,,,,,
,,,,,,,,,,,
,,,,,,,,,,,
,,,,,,,,,,,
,,,,,,,,,,,
,,,,,,,,,,,
,,,,,,,,,,,
,,,,,,,,,,,
,,,,,,,,,,,
,,,,,,,,,,,
,,,,,,,,,,,
,,,,,,,,,,,
,,,,,,,,,,,
,,,,,,,,,,,
,,,,,,,,,,,
,,,,,,,,,,,
,,,,,,,,,,,
,,,,,,,,,,,
,,,,,,,,,,,
,,,,,,,,,,,
,,,,,,,,,,,
,,,,,,,,,,,
,,,,,,,,,,,
,,,,,,,,,,,
,,,,,,,,,,,
,,,,,,,,,,,
,,,,,,,,,,,
,,,,,,,,,,,
,,,,,,,,,,,
,,,,,,,,,,,
,,,,,,,,,,,
,,,,,,,,,,,
,,,,,,,,,,,
,,,,,,,,,,,
,,,,,,,,,,,
,,,,,,,,,,,
,,,,,,,,,,,
,,,,,,,,,,,
,,,,,,,,,,,
,,,,,,,,,,,
,,,,,,,,,,,
,,,,,,,,,,,
,,,,,,,,,,,
,,,,,,,,,,,
,,,,,,,,,,,
,,,,,,,,,,,
,,,,,,,,,,,
,,,,,,,,,,,
,,,,,,,,,,,
,,,,,,,,,,,
,,,,,,,,,,,
,,,,,,,,,,,
,,,,,,,,,,,
,,,,,,,,,,,
,,,,,,,,,,,
,,,,,,,,,,,
,,,,,,,,,,,
,,,,,,,,,,,
,,,,,,,,,,,
,,,,,,,,,,,
,,,,,,,,,,,
,,,,,,,,,,,
,,,,,,,,,,,
,,,,,,,,,,,
,,,,,,,,,,,
,,,,,,,,,,,
,,,,,,,,,,,
,,,,,,,,,,,
,,,,,,,,,,,
,,,,,,,,,,,
,,,,,,,,,,,
,,,,,,,,,,,
,,,,,,,,,,,
,,,,,,,,,,,
,,,,,,,,,,,
,,,,,,,,,,,
,,,,,,,,,,,
,,,,,,,,,,,
,,,,,,,,,,,
,,,,,,,,,,,
,,,,,,,,,,,
,,,,,,,,,,,
,,,,,,,,,,,
,,,,,,,,,,,
,,,,,,,,,,,
,,,,,,,,,,,
,,,,,,,,,,,
,,,,,,,,,,,
,,,,,,,,,,,
,,,,,,,,,,,
,,,,,,,,,,,
,,,,,,,,,,,
,,,,,,,,,,,
,,,,,,,,,,,
,,,,,,,,,,,
,,,,,,,,,,,
,,,,,,,,,,,
,,,,,,,,,,,
,,,,,,,,,,,
,,,,,,,,,,,
,,,,,,,,,,,
,,,,,,,,,,,
,,,,,,,,,,,
,,,,,,,,,,,
,,,,,,,,,,,
,,,,,,,,,,,
,,,,,,,,,,,
,,,,,,,,,,,
,,,,,,,,,,,
,,,,,,,,,,,
,,,,,,,,,,,
,,,,,,,,,,,
,,,,,,,,,,,
,,,,,,,,,,,
,,,,,,,,,,,
,,,,,,,,,,,
,,,,,,,,,,,
,,,,,,,,,,,
,,,,,,,,,,,
,,,,,,,,,,,
,,,,,,,,,,,
,,,,,,,,,,,
,,,,,,,,,,,
,,,,,,,,,,,
,,,,,,,,,,,
,,,,,,,,,,,
,,,,,,,,,,,
,,,,,,,,,,,
,,,,,,,,,,,
,,,,,,,,,,,
,,,,,,,,,,,
,,,,,,,,,,,
,,,,,,,,,,,
,,,,,,,,,,,
,,,,,,,,,,,
,,,,,,,,,,,
,,,,,,,,,,,
,,,,,,,,,,,
,,,,,,,,,,,
,,,,,,,,,,,
,,,,,,,,,,,
,,,,,,,,,,,
,,,,,,,,,,,
,,,,,,,,,,,
,,,,,,,,,,,
,,,,,,,,,,,
,,,,,,,,,,,
,,,,,,,,,,,
,,,,,,,,,,,
,,,,,,,,,,,
,,,,,,,,,,,
,,,,,,,,,,,
,,,,,,,,,,,
,,,,,,,,,,,
,,,,,,,,,,,
,,,,,,,,,,,
,,,,,,,,,,,
,,,,,,,,,,,
,,,,,,,,,,,
,,,,,,,,,,,
,,,,,,,,,,,
,,,,,,,,,,,
,,,,,,,,,,,
,,,,,,,,,,,
,,,,,,,,,,,
,,,,,,,,,,,
,,,,,,,,,,,
,,,,,,,,,,,
,,,,,,,,,,,
,,,,,,,,,,,
,,,,,,,,,,,
,,,,,,,,,,,
,,,,,,,,,,,
,,,,,,,,,,,
,,,,,,,,,,,
,,,,,,,,,,,
,,,,,,,,,,,
,,,,,,,,,,,
,,,,,,,,,,,
,,,,,,,,,,,
,,,,,,,,,,,
,,,,,,,,,,,
,,,,,,,,,,,
,,,,,,,,,,,
,,,,,,,,,,,
,,,,,,,,,,,
,,,,,,,,,,,
,,,,,,,,,,,
,,,,,,,,,,,
,,,,,,,,,,,
,,,,,,,,,,,
,,,,,,,,,,,
,,,,,,,,,,,
,,,,,,,,,,,
,,,,,,,,,,,
,,,,,,,,,,,
,,,,,,,,,,,
,,,,,,,,,,,
,,,,,,,,,,,
,,,,,,,,,,,
,,,,,,,,,,,
,,,,,,,,,,,
,,,,,,,,,,,
,,,,,,,,,,,
,,,,,,,,,,,
,,,,,,,,,,,
,,,,,,,,,,,
,,,,,,,,,,,
,,,,,,,,,,,
,,,,,,,,,,,
,,,,,,,,,,,
,,,,,,,,,,,
,,,,,,,,,,,
,,,,,,,,,,,
,,,,,,,,,,,
,,,,,,,,,,,
,,,,,,,,,,,
,,,,,,,,,,,
,,,,,,,,,,,
,,,,,,,,,,,
,,,,,,,,,,,
,,,,,,,,,,,
,,,,,,,,,,,
,,,,,,,,,,,
,,,,,,,,,,,
,,,,,,,,,,,
,,,,,,,,,,,
,,,,,,,,,,,
,,,,,,,,,,,
,,,,,,,,,,,
,,,,,,,,,,,
,,,,,,,,,,,
,,,,,,,,,,,
,,,,,,,,,,,
,,,,,,,,,,,
,,,,,,,,,,,
,,,,,,,,,,,
,,,,,,,,,,,
,,,,,,,,,,,
,,,,,,,,,,,
,,,,,,,,,,,
,,,,,,,,,,,
,,,,,,,,,,,
,,,,,,,,,,,
,,,,,,,,,,,
,,,,,,,,,,,
,,,,,,,,,,,
,,,,,,,,,,,
,,,,,,,,,,,
,,,,,,,,,,,
,,,,,,,,,,,
,,,,,,,,,,,
,,,,,,,,,,,
,,,,,,,,,,,
,,,,,,,,,,,
,,,,,,,,,,,
,,,,,,,,,,,
,,,,,,,,,,,
,,,,,,,,,,,
,,,,,,,,,,,
,,,,,,,,,,,
,,,,,,,,,,,
,,,,,,,,,,,
,,,,,,,,,,,
,,,,,,,,,,,
,,,,,,,,,,,
,,,,,,,,,,,
,,,,,,,,,,,
,,,,,,,,,,,
,,,,,,,,,,,
,,,,,,,,,,,
,,,,,,,,,,,
,,,,,,,,,,,
,,,,,,,,,,,
,,,,,,,,,,,
,,,,,,,,,,,
,,,,,,,,,,,
,,,,,,,,,,,
,,,,,,,,,,,
,,,,,,,,,,,
,,,,,,,,,,,
,,,,,,,,,,,
,,,,,,,,,,,
,,,,,,,,,,,
,,,,,,,,,,,
,,,,,,,,,,,
,,,,,,,,,,,
,,,,,,,,,,,
,,,,,,,,,,,
,,,,,,,,,,,
,,,,,,,,,,,
,,,,,,,,,,,
,,,,,,,,,,,
,,,,,,,,,,,
,,,,,,,,,,,
,,,,,,,,,,,
,,,,,,,,,,,
,,,,,,,,,,,
,,,,,,,,,,,
,,,,,,,,,,,
,,,,,,,,,,,
,,,,,,,,,,,
,,,,,,,,,,,
,,,,,,,,,,,
,,,,,,,,,,,
,,,,,,,,,,,
,,,,,,,,,,,
,,,,,,,,,,,
,,,,,,,,,,,
,,,,,,,,,,,
,,,,,,,,,,,
,,,,,,,,,,,
,,,,,,,,,,,
,,,,,,,,,,,
,,,,,,,,,,,
,,,,,,,,,,,
,,,,,,,,,,,
,,,,,,,,,,,
,,,,,,,,,,,
,,,,,,,,,,,
,,,,,,,,,,,
,,,,,,,,,,,
,,,,,,,,,,,
,,,,,,,,,,,
,,,,,,,,,,,
,,,,,,,,,,,
,,,,,,,,,,,
,,,,,,,,,,,
,,,,,,,,,,,
,,,,,,,,,,,
,,,,,,,,,,,
,,,,,,,,,,,
,,,,,,,,,,,
,,,,,,,,,,,
,,,,,,,,,,,
,,,,,,,,,,,
,,,,,,,,,,,
,,,,,,,,,,,
,,,,,,,,,,,
,,,,,,,,,,,
,,,,,,,,,,,
,,,,,,,,,,,
,,,,,,,,,,,
,,,,,,,,,,,
,,,,,,,,,,,
,,,,,,,,,,,
,,,,,,,,,,,
,,,,,,,,,,,
,,,,,,,,,,,
,,,,,,,,,,,
,,,,,,,,,,,
,,,,,,,,,,,
,,,,,,,,,,,
,,,,,,,,,,,
,,,,,,,,,,,
,,,,,,,,,,,
,,,,,,,,,,,
,,,,,,,,,,,
,,,,,,,,,,,
,,,,,,,,,,,
,,,,,,,,,,,
,,,,,,,,,,,
,,,,,,,,,,,
,,,,,,,,,,,
,,,,,,,,,,,
,,,,,,,,,,,
,,,,,,,,,,,
,,,,,,,,,,,
,,,,,,,,,,,
,,,,,,,,,,,
,,,,,,,,,,,
,,,,,,,,,,,
,,,,,,,,,,,
,,,,,,,,,,,
,,,,,,,,,,,
,,,,,,,,,,,
,,,,,,,,,,,
,,,,,,,,,,,
,,,,,,,,,,,
,,,,,,,,,,,
,,,,,,,,,,,
,,,,,,,,,,,
,,,,,,,,,,,
,,,,,,,,,,,
,,,,,,,,,,,
,,,,,,,,,,,
,,,,,,,,,,,
,,,,,,,,,,,
,,,,,,,,,,,
,,,,,,,,,,,
,,,,,,,,,,,
,,,,,,,,,,,
,,,,,,,,,,,
,,,,,,,,,,,
,,,,,,,,,,,
,,,,,,,,,,,
,,,,,,,,,,,
,,,,,,,,,,,
,,,,,,,,,,,
,,,,,,,,,,,
,,,,,,,,,,,
,,,,,,,,,,,
,,,,,,,,,,,
,,,,,,,,,,,
,,,,,,,,,,,
,,,,,,,,,,,
,,,,,,,,,,,
,,,,,,,,,,,
,,,,,,,,,,,
,,,,,,,,,,,
,,,,,,,,,,,
,,,,,,,,,,,
,,,,,,,,,,,
,,,,,,,,,,,
,,,,,,,,,,,
,,,,,,,,,,,
,,,,,,,,,,,
,,,,,,,,,,,
,,,,,,,,,,,
,,,,,,,,,,,
,,,,,,,,,,,
,,,,,,,,,,,
,,,,,,,,,,,
,,,,,,,,,,,
,,,,,,,,,,,
,,,,,,,,,,,
,,,,,,,,,,,
,,,,,,,,,,,
,,,,,,,,,,,
,,,,,,,,,,,
,,,,,,,,,,,
,,,,,,,,,,,
,,,,,,,,,,,
,,,,,,,,,,,
,,,,,,,,,,,
,,,,,,,,,,,
,,,,,,,,,,,
,,,,,,,,,,,
,,,,,,,,,,,
,,,,,,,,,,,
,,,,,,,,,,,
,,,,,,,,,,,
,,,,,,,,,,,
,,,,,,,,,,,
,,,,,,,,,,,
,,,,,,,,,,,
,,,,,,,,,,,
,,,,,,,,,,,
,,,,,,,,,,,
,,,,,,,,,,,
,,,,,,,,,,,
,,,,,,,,,,,
,,,,,,,,,,,
,,,,,,,,,,,
,,,,,,,,,,,
,,,,,,,,,,,
,,,,,,,,,,,
,,,,,,,,,,,
,,,,,,,,,,,
,,,,,,,,,,,
,,,,,,,,,,,
,,,,,,,,,,,
,,,,,,,,,,,
,,,,,,,,,,,
,,,,,,,,,,,
,,,,,,,,,,,
,,,,,,,,,,,
,,,,,,,,,,,
,,,,,,,,,,,
,,,,,,,,,,,
,,,,,,,,,,,
,,,,,,,,,,,
,,,,,,,,,,,
,,,,,,,,,,,
,,,,,,,,,,,
,,,,,,,,,,,
,,,,,,,,,,,
,,,,,,,,,,,
,,,,,,,,,,,
,,,,,,,,,,,
,,,,,,,,,,,
,,,,,,,,,,,
,,,,,,,,,,,
,,,,,,,,,,,
,,,,,,,,,,,
,,,,,,,,,,,
,,,,,,,,,,,
,,,,,,,,,,,
,,,,,,,,,,,
,,,,,,,,,,,
,,,,,,,,,,,
,,,,,,,,,,,
,,,,,,,,,,,
,,,,,,,,,,,
,,,,,,,,,,,
,,,,,,,,,,,
,,,,,,,,,,,
,,,,,,,,,,,
,,,,,,,,,,,
,,,,,,,,,,,
,,,,,,,,,,,
,,,,,,,,,,,
,,,,,,,,,,,
,,,,,,,,,,,
,,,,,,,,,,,
,,,,,,,,,,,
,,,,,,,,,,,
,,,,,,,,,,,
,,,,,,,,,,,
,,,,,,,,,,,
,,,,,,,,,,,
,,,,,,,,,,,
,,,,,,,,,,,
,,,,,,,,,,,
,,,,,,,,,,,
,,,,,,,,,,,
,,,,,,,,,,,
,,,,,,,,,,,
,,,,,,,,,,,
,,,,,,,,,,,
,,,,,,,,,,,
,,,,,,,,,,,
,,,,,,,,,,,
,,,,,,,,,,,
,,,,,,,,,,,
,,,,,,,,,,,
,,,,,,,,,,,
,,,,,,,,,,,
,,,,,,,,,,,
,,,,,,,,,,,
,,,,,,,,,,,
,,,,,,,,,,,
,,,,,,,,,,,
,,,,,,,,,,,
,,,,,,,,,,,
,,,,,,,,,,,
,,,,,,,,,,,
,,,,,,,,,,,
,,,,,,,,,,,
,,,,,,,,,,,
,,,,,,,,,,,
,,,,,,,,,,,
,,,,,,,,,,,
,,,,,,,,,,,
,,,,,,,,,,,
,,,,,,,,,,,
,,,,,,,,,,,
,,,,,,,,,,,
,,,,,,,,,,,
,,,,,,,,,,,
,,,,,,,,,,,
,,,,,,,,,,,
,,,,,,,,,,,
,,,,,,,,,,,
,,,,,,,,,,,
,,,,,,,,,,,
,,,,,,,,,,,
,,,,,,,,,,,
,,,,,,,,,,,
,,,,,,,,,,,
,,,,,,,,,,,
,,,,,,,,,,,
,,,,,,,,,,,
,,,,,,,,,,,
,,,,,,,,,,,
,,,,,,,,,,,
,,,,,,,,,,,
,,,,,,,,,,,
,,,,,,,,,,,
,,,,,,,,,,,
,,,,,,,,,,,
,,,,,,,,,,,
,,,,,,,,,,,
,,,,,,,,,,,
,,,,,,,,,,,
,,,,,,,,,,,
,,,,,,,,,,,
,,,,,,,,,,,
,,,,,,,,,,,
,,,,,,,,,,,
,,,,,,,,,,,
,,,,,,,,,,,
,,,,,,,,,,,
,,,,,,,,,,,
,,,,,,,,,,,
,,,,,,,,,,,
,,,,,,,,,,,
,,,,,,,,,,,
,,,,,,,,,,,
,,,,,,,,,,,
,,,,,,,,,,,
,,,,,,,,,,,
,,,,,,,,,,,
,,,,,,,,,,,
,,,,,,,,,,,
,,,,,,,,,,,
,,,,,,,,,,,
,,,,,,,,,,,
,,,,,,,,,,,
,,,,,,,,,,,
,,,,,,,,,,,
,,,,,,,,,,,
,,,,,,,,,,,
,,,,,,,,,,,
,,,,,,,,,,,
,,,,,,,,,,,
,,,,,,,,,,,
,,,,,,,,,,,
,,,,,,,,,,,
,,,,,,,,,,,
,,,,,,,,,,,
,,,,,,,,,,,
,,,,,,,,,,,
,,,,,,,,,,,
,,,,,,,,,,,
,,,,,,,,,,,
,,,,,,,,,,,
,,,,,,,,,,,
,,,,,,,,,,,
,,,,,,,,,,,
,,,,,,,,,,,
,,,,,,,,,,,
,,,,,,,,,,,
,,,,,,,,,,,
,,,,,,,,,,,
,,,,,,,,,,,
,,,,,,,,,,,
,,,,,,,,,,,
,,,,,,,,,,,
,,,,,,,,,,,
,,,,,,,,,,,
,,,,,,,,,,,
,,,,,,,,,,,
,,,,,,,,,,,
,,,,,,,,,,,
,,,,,,,,,,,
,,,,,,,,,,,
,,,,,,,,,,,
,,,,,,,,,,,
,,,,,,,,,,,
,,,,,,,,,,,
,,,,,,,,,,,
,,,,,,,,,,,
,,,,,,,,,,,
,,,,,,,,,,,
,,,,,,,,,,,
,,,,,,,,,,,
,,,,,,,,,,,
,,,,,,,,,,,
,,,,,,,,,,,
,,,,,,,,,,,
,,,,,,,,,,,
,,,,,,,,,,,
,,,,,,,,,,,
,,,,,,,,,,,
,,,,,,,,,,,
,,,,,,,,,,,
,,,,,,,,,,,
,,,,,,,,,,,
,,,,,,,,,,,
,,,,,,,,,,,
,,,,,,,,,,,
,,,,,,,,,,,
,,,,,,,,,,,
,,,,,,,,,,,
,,,,,,,,,,,
,,,,,,,,,,,
,,,,,,,,,,,
,,,,,,,,,,,
,,,,,,,,,,,
,,,,,,,,,,,
,,,,,,,,,,,
,,,,,,,,,,,
,,,,,,,,,,,
,,,,,,,,,,,
,,,,,,,,,,,
,,,,,,,,,,,
,,,,,,,,,,,
,,,,,,,,,,,
,,,,,,,,,,,
,,,,,,,,,,,
,,,,,,,,,,,
,,,,,,,,,,,
,,,,,,,,,,,
,,,,,,,,,,,
,,,,,,,,,,,
,,,,,,,,,,,
,,,,,,,,,,,
,,,,,,,,,,,
,,,,,,,,,,,
,,,,,,,,,,,
,,,,,,,,,,,
,,,,,,,,,,,
,,,,,,,,,,,
,,,,,,,,,,,
,,,,,,,,,,,
,,,,,,,,,,,
,,,,,,,,,,,
,,,,,,,,,,,
,,,,,,,,,,,
,,,,,,,,,,,
,,,,,,,,,,,
,,,,,,,,,,,
,,,,,,,,,,,
,,,,,,,,,,,
,,,,,,,,,,,
,,,,,,,,,,,
,,,,,,,,,,,
,,,,,,,,,,,
,,,,,,,,,,,
,,,,,,,,,,,
,,,,,,,,,,,
,,,,,,,,,,,
,,,,,,,,,,,
,,,,,,,,,,,
,,,,,,,,,,,
,,,,,,,,,,,
,,,,,,,,,,,
,,,,,,,,,,,
,,,,,,,,,,,
,,,,,,,,,,,
,,,,,,,,,,,
,,,,,,,,,,,
,,,,,,,,,,,
,,,,,,,,,,,
,,,,,,,,,,,
,,,,,,,,,,,
,,,,,,,,,,,
,,,,,,,,,,,
,,,,,,,,,,,
,,,,,,,,,,,
,,,,,,,,,,,
,,,,,,,,,,,
,,,,,,,,,,,
,,,,,,,,,,,
,,,,,,,,,,,
,,,,,,,,,,,
,,,,,,,,,,,
,,,,,,,,,,,
,,,,,,,,,,,
,,,,,,,,,,,
,,,,,,,,,,,
,,,,,,,,,,,
,,,,,,,,,,,
,,,,,,,,,,,
,,,,,,,,,,,
,,,,,,,,,,,
,,,,,,,,,,,
,,,,,,,,,,,
,,,,,,,,,,,
,,,,,,,,,,,
,,,,,,,,,,,
,,,,,,,,,,,
,,,,,,,,,,,
,,,,,,,,,,,
,,,,,,,,,,,
,,,,,,,,,,,
,,,,,,,,,,,
,,,,,,,,,,,
,,,,,,,,,,,
,,,,,,,,,,,
,,,,,,,,,,,
,,,,,,,,,,,
,,,,,,,,,,,
,,,,,,,,,,,
,,,,,,,,,,,
,,,,,,,,,,,
,,,,,,,,,,,
,,,,,,,,,,,
,,,,,,,,,,,
,,,,,,,,,,,
,,,,,,,,,,,
,,,,,,,,,,,
,,,,,,,,,,,
,,,,,,,,,,,
,,,,,,,,,,,
,,,,,,,,,,,
,,,,,,,,,,,
,,,,,,,,,,,
,,,,,,,,,,,
,,,,,,,,,,,
,,,,,,,,,,,
,,,,,,,,,,,
,,,,,,,,,,,
,,,,,,,,,,,
,,,,,,,,,,,
,,,,,,,,,,,
,,,,,,,,,,,
,,,,,,,,,,,
,,,,,,,,,,,
,,,,,,,,,,,
,,,,,,,,,,,
,,,,,,,,,,,
,,,,,,,,,,,
,,,,,,,,,,,
,,,,,,,,,,,
,,,,,,,,,,,
,,,,,,,,,,,
,,,,,,,,,,,
,,,,,,,,,,,
,,,,,,,,,,,
,,,,,,,,,,,
,,,,,,,,,,,
,,,,,,,,,,,
,,,,,,,,,,,
,,,,,,,,,,,
,,,,,,,,,,,
,,,,,,,,,,,
,,,,,,,,,,,
,,,,,,,,,,,
,,,,,,,,,,,
,,,,,,,,,,,
,,,,,,,,,,,
,,,,,,,,,,,
,,,,,,,,,,,
,,,,,,,,,,,
,,,,,,,,,,,
,,,,,,,,,,,
,,,,,,,,,,,
,,,,,,,,,,,
,,,,,,,,,,,
,,,,,,,,,,,
,,,,,,,,,,,
,,,,,,,,,,,
,,,,,,,,,,,
,,,,,,,,,,,
,,,,,,,,,,,
,,,,,,,,,,,
,,,,,,,,,,,
,,,,,,,,,,,
,,,,,,,,,,,
,,,,,,,,,,,
,,,,,,,,,,,
,,,,,,,,,,,
,,,,,,,,,,,
,,,,,,,,,,,
,,,,,,,,,,,
,,,,,,,,,,,
,,,,,,,,,,,
,,,,,,,,,,,
,,,,,,,,,,,
,,,,,,,,,,,
,,,,,,,,,,,
,,,,,,,,,,,
,,,,,,,,,,,
,,,,,,,,,,,
,,,,,,,,,,,
,,,,,,,,,,,
,,,,,,,,,,,
,,,,,,,,,,,
,,,,,,,,,,,
,,,,,,,,,,,
,,,,,,,,,,,
,,,,,,,,,,,
,,,,,,,,,,,
,,,,,,,,,,,
,,,,,,,,,,,
,,,,,,,,,,,
,,,,,,,,,,,
,,,,,,,,,,,
,,,,,,,,,,,
,,,,,,,,,,,
,,,,,,,,,,,
,,,,,,,,,,,
,,,,,,,,,,,
,,,,,,,,,,,
,,,,,,,,,,,
,,,,,,,,,,,
,,,,,,,,,,,
,,,,,,,,,,,
,,,,,,,,,,,
,,,,,,,,,,,
,,,,,,,,,,,
,,,,,,,,,,,
,,,,,,,,,,,
,,,,,,,,,,,
,,,,,,,,,,,
,,,,,,,,,,,
,,,,,,,,,,,
,,,,,,,,,,,
,,,,,,,,,,,
,,,,,,,,,,,
,,,,,,,,,,,
,,,,,,,,,,,
,,,,,,,,,,,
,,,,,,,,,,,
,,,,,,,,,,,
,,,,,,,,,,,
,,,,,,,,,,,
,,,,,,,,,,,
,,,,,,,,,,,
,,,,,,,,,,,
,,,,,,,,,,,
,,,,,,,,,,,
,,,,,,,,,,,
,,,,,,,,,,,
,,,,,,,,,,,
,,,,,,,,,,,
,,,,,,,,,,,
,,,,,,,,,,,
,,,,,,,,,,,
,,,,,,,,,,,
,,,,,,,,,,,
,,,,,,,,,,,
,,,,,,,,,,,
,,,,,,,,,,,
,,,,,,,,,,,
,,,,,,,,,,,
,,,,,,,,,,,
,,,,,,,,,,,
,,,,,,,,,,,
,,,,,,,,,,,
,,,,,,,,,,,
,,,,,,,,,,,
,,,,,,,,,,,
,,,,,,,,,,,
,,,,,,,,,,,
,,,,,,,,,,,
,,,,,,,,,,,
,,,,,,,,,,,
,,,,,,,,,,,
,,,,,,,,,,,
,,,,,,,,,,,
,,,,,,,,,,,
,,,,,,,,,,,
,,,,,,,,,,,
,,,,,,,,,,,
,,,,,,,,,,,
,,,,,,,,,,,
,,,,,,,,,,,
,,,,,,,,,,,
,,,,,,,,,,,
,,,,,,,,,,,
,,,,,,,,,,,
,,,,,,,,,,,
,,,,,,,,,,,
,,,,,,,,,,,
,,,,,,,,,,,
,,,,,,,,,,,
,,,,,,,,,,,
,,,,,,,,,,,
,,,,,,,,,,,
,,,,,,,,,,,
,,,,,,,,,,,
,,,,,,,,,,,
,,,,,,,,,,,
,,,,,,,,,,,
,,,,,,,,,,,
,,,,,,,,,,,
,,,,,,,,,,,
,,,,,,,,,,,
,,,,,,,,,,,
,,,,,,,,,,,
,,,,,,,,,,,
,,,,,,,,,,,
,,,,,,,,,,,
,,,,,,,,,,,
,,,,,,,,,,,
,,,,,,,,,,,
,,,,,,,,,,,
,,,,,,,,,,,
,,,,,,,,,,,
,,,,,,,,,,,
,,,,,,,,,,,
,,,,,,,,,,,
,,,,,,,,,,,
,,,,,,,,,,,
,,,,,,,,,,,
,,,,,,,,,,,
,,,,,,,,,,,
,,,,,,,,,,,
,,,,,,,,,,,
,,,,,,,,,,,
,,,,,,,,,,,
,,,,,,,,,,,
,,,,,,,,,,,
,,,,,,,,,,,
,,,,,,,,,,,
,,,,,,,,,,,
,,,,,,,,,,,
,,,,,,,,,,,
,,,,,,,,,,,
,,,,,,,,,,,
,,,,,,,,,,,
,,,,,,,,,,,
,,,,,,,,,,,
,,,,,,,,,,,
,,,,,,,,,,,
,,,,,,,,,,,
,,,,,,,,,,,
,,,,,,,,,,,
,,,,,,,,,,,
,,,,,,,,,,,
,,,,,,,,,,,
,,,,,,,,,,,
,,,,,,,,,,,
,,,,,,,,,,,
,,,,,,,,,,,
,,,,,,,,,,,
,,,,,,,,,,,
,,,,,,,,,,,
,,,,,,,,,,,
,,,,,,,,,,,
,,,,,,,,,,,
,,,,,,,,,,,
,,,,,,,,,,,
,,,,,,,,,,,
,,,,,,,,,,,
,,,,,,,,,,,
,,,,,,,,,,,
,,,,,,,,,,,
,,,,,,,,,,,
,,,,,,,,,,,
,,,,,,,,,,,
,,,,,,,,,,,
,,,,,,,,,,,
,,,,,,,,,,,
,,,,,,,,,,,
,,,,,,,,,,,
,,,,,,,,,,,
,,,,,,,,,,,
,,,,,,,,,,,
,,,,,,,,,,,
,,,,,,,,,,,
,,,,,,,,,,,
,,,,,,,,,,,
,,,,,,,,,,,
,,,,,,,,,,,
,,,,,,,,,,,
,,,,,,,,,,,
,,,,,,,,,,,
,,,,,,,,,,,
,,,,,,,,,,,
,,,,,,,,,,,
,,,,,,,,,,,
,,,,,,,,,,,
,,,,,,,,,,,
,,,,,,,,,,,
,,,,,,,,,,,
,,,,,,,,,,,
,,,,,,,,,,,
,,,,,,,,,,,
,,,,,,,,,,,
,,,,,,,,,,,
,,,,,,,,,,,
,,,,,,,,,,,
,,,,,,,,,,,
,,,,,,,,,,,
,,,,,,,,,,,
,,,,,,,,,,,
,,,,,,,,,,,
,,,,,,,,,,,
,,,,,,,,,,,
,,,,,,,,,,,
,,,,,,,,,,,
,,,,,,,,,,,
,,,,,,,,,,,
,,,,,,,,,,,
,,,,,,,,,,,
,,,,,,,,,,,
,,,,,,,,,,,
,,,,,,,,,,,
,,,,,,,,,,,
,,,,,,,,,,,
,,,,,,,,,,,
,,,,,,,,,,,
,,,,,,,,,,,
,,,,,,,,,,,
,,,,,,,,,,,
,,,,,,,,,,,
,,,,,,,,,,,
,,,,,,,,,,,
,,,,,,,,,,,
,,,,,,,,,,,
,,,,,,,,,,,
,,,,,,,,,,,
,,,,,,,,,,,
,,,,,,,,,,,
,,,,,,,,,,,
,,,,,,,,,,,
,,,,,,,,,,,
,,,,,,,,,,,
,,,,,,,,,,,
,,,,,,,,,,,
,,,,,,,,,,,
,,,,,,,,,,,
,,,,,,,,,,,
,,,,,,,,,,,
,,,,,,,,,,,
,,,,,,,,,,,
,,,,,,,,,,,
,,,,,,,,,,,
,,,,,,,,,,,
,,,,,,,,,,,
,,,,,,,,,,,
,,,,,,,,,,,
,,,,,,,,,,,
,,,,,,,,,,,
,,,,,,,,,,,
,,,,,,,,,,,
,,,,,,,,,,,
,,,,,,,,,,,
,,,,,,,,,,,
,,,,,,,,,,,
,,,,,,,,,,,
,,,,,,,,,,,
,,,,,,,,,,,
,,,,,,,,,,,
,,,,,,,,,,,
,,,,,,,,,,,
,,,,,,,,,,,
,,,,,,,,,,,
,,,,,,,,,,,
,,,,,,,,,,,
,,,,,,,,,,,
,,,,,,,,,,,
,,,,,,,,,,,
,,,,,,,,,,,
,,,,,,,,,,,
,,,,,,,,,,,
,,,,,,,,,,,
,,,,,,,,,,,
,,,,,,,,,,,
,,,,,,,,,,,
,,,,,,,,,,,
,,,,,,,,,,,
,,,,,,,,,,,
,,,,,,,,,,,
,,,,,,,,,,,
,,,,,,,,,,,
,,,,,,,,,,,
,,,,,,,,,,,
,,,,,,,,,,,
,,,,,,,,,,,
,,,,,,,,,,,
,,,,,,,,,,,
,,,,,,,,,,,
,,,,,,,,,,,
,,,,,,,,,,,
,,,,,,,,,,,
,,,,,,,,,,,
,,,,,,,,,,,
,,,,,,,,,,,
,,,,,,,,,,,
,,,,,,,,,,,
,,,,,,,,,,,
,,,,,,,,,,,
,,,,,,,,,,,
,,,,,,,,,,,
,,,,,,,,,,,
,,,,,,,,,,,
,,,,,,,,,,,
,,,,,,,,,,,
,,,,,,,,,,,
,,,,,,,,,,,
,,,,,,,,,,,
,,,,,,,,,,,
,,,,,,,,,,,
,,,,,,,,,,,
,,,,,,,,,,,
,,,,,,,,,,,
,,,,,,,,,,,
,,,,,,,,,,,
,,,,,,,,,,,
,,,,,,,,,,,
,,,,,,,,,,,
,,,,,,,,,,,
,,,,,,,,,,,
,,,,,,,,,,,
,,,,,,,,,,,
,,,,,,,,,,,
,,,,,,,,,,,
,,,,,,,,,,,
,,,,,,,,,,,
,,,,,,,,,,,
,,,,,,,,,,,
,,,,,,,,,,,
,,,,,,,,,,,
,,,,,,,,,,,
,,,,,,,,,,,
,,,,,,,,,,,
,,,,,,,,,,,
,,,,,,,,,,,
,,,,,,,,,,,
,,,,,,,,,,,
,,,,,,,,,,,
,,,,,,,,,,,
,,,,,,,,,,,
,,,,,,,,,,,
,,,,,,,,,,,
,,,,,,,,,,,
,,,,,,,,,,,
,,,,,,,,,,,
,,,,,,,,,,,
,,,,,,,,,,,
,,,,,,,,,,,
,,,,,,,,,,,
,,,,,,,,,,,
,,,,,,,,,,,
,,,,,,,,,,,
,,,,,,,,,,,
,,,,,,,,,,,
,,,,,,,,,,,
,,,,,,,,,,,
,,,,,,,,,,,
,,,,,,,,,,,
,,,,,,,,,,,
,,,,,,,,,,,
,,,,,,,,,,,
,,,,,,,,,,,
,,,,,,,,,,,
,,,,,,,,,,,
,,,,,,,,,,,
,,,,,,,,,,,
,,,,,,,,,,,
,,,,,,,,,,,
,,,,,,,,,,,
,,,,,,,,,,,
,,,,,,,,,,,
,,,,,,,,,,,
,,,,,,,,,,,
,,,,,,,,,,,
,,,,,,,,,,,
,,,,,,,,,,,
,,,,,,,,,,,
,,,,,,,,,,,
,,,,,,,,,,,
,,,,,,,,,,,
,,,,,,,,,,,
,,,,,,,,,,,
,,,,,,,,,,,
,,,,,,,,,,,
,,,,,,,,,,,
,,,,,,,,,,,
,,,,,,,,,,,
,,,,,,,,,,,
,,,,,,,,,,,
,,,,,,,,,,,
,,,,,,,,,,,
,,,,,,,,,,,
,,,,,,,,,,,
,,,,,,,,,,,
,,,,,,,,,,,
,,,,,,,,,,,
,,,,,,,,,,,
,,,,,,,,,,,
,,,,,,,,,,,
,,,,,,,,,,,
,,,,,,,,,,,
,,,,,,,,,,,
,,,,,,,,,,,
,,,,,,,,,,,
,,,,,,,,,,,
,,,,,,,,,,,
,,,,,,,,,,,
,,,,,,,,,,,
,,,,,,,,,,,
,,,,,,,,,,,
,,,,,,,,,,,
,,,,,,,,,,,
,,,,,,,,,,,
,,,,,,,,,,,
,,,,,,,,,,,
,,,,,,,,,,,
,,,,,,,,,,,
,,,,,,,,,,,
,,,,,,,,,,,
,,,,,,,,,,,
,,,,,,,,,,,
,,,,,,,,,,,
,,,,,,,,,,,
,,,,,,,,,,,
,,,,,,,,,,,
,,,,,,,,,,,
,,,,,,,,,,,
,,,,,,,,,,,
,,,,,,,,,,,
,,,,,,,,,,,
,,,,,,,,,,,
,,,,,,,,,,,
,,,,,,,,,,,
,,,,,,,,,,,
,,,,,,,,,,,
,,,,,,,,,,,
,,,,,,,,,,,
,,,,,,,,,,,
,,,,,,,,,,,
,,,,,,,,,,,
,,,,,,,,,,,
,,,,,,,,,,,
,,,,,,,,,,,
,,,,,,,,,,,
,,,,,,,,,,,
,,,,,,,,,,,
,,,,,,,,,,,
,,,,,,,,,,,
,,,,,,,,,,,
,,,,,,,,,,,
,,,,,,,,,,,
,,,,,,,,,,,
,,,,,,,,,,,
,,,,,,,,,,,
,,,,,,,,,,,
,,,,,,,,,,,
,,,,,,,,,,,
,,,,,,,,,,,
,,,,,,,,,,,
,,,,,,,,,,,
,,,,,,,,,,,
,,,,,,,,,,,
,,,,,,,,,,,
,,,,,,,,,,,
,,,,,,,,,,,
,,,,,,,,,,,
,,,,,,,,,,,
,,,,,,,,,,,
,,,,,,,,,,,
,,,,,,,,,,,
,,,,,,,,,,,
,,,,,,,,,,,
,,,,,,,,,,,
,,,,,,,,,,,
,,,,,,,,,,,
,,,,,,,,,,,
,,,,,,,,,,,
,,,,,,,,,,,
,,,,,,,,,,,
,,,,,,,,,,,
,,,,,,,,,,,
,,,,,,,,,,,
,,,,,,,,,,,
,,,,,,,,,,,
,,,,,,,,,,,
,,,,,,,,,,,
,,,,,,,,,,,
,,,,,,,,,,,
,,,,,,,,,,,
,,,,,,,,,,,
,,,,,,,,,,,
,,,,,,,,,,,
,,,,,,,,,,,
,,,,,,,,,,,
,,,,,,,,,,,
,,,,,,,,,,,
,,,,,,,,,,,
,,,,,,,,,,,
,,,,,,,,,,,
,,,,,,,,,,,
,,,,,,,,,,,
,,,,,,,,,,,
,,,,,,,,,,,
,,,,,,,,,,,
,,,,,,,,,,,
,,,,,,,,,,,
,,,,,,,,,,,
,,,,,,,,,,,
,,,,,,,,,,,
,,,,,,,,,,,
,,,,,,,,,,,
,,,,,,,,,,,
,,,,,,,,,,,
,,,,,,,,,,,
,,,,,,,,,,,
,,,,,,,,,,,
,,,,,,,,,,,
,,,,,,,,,,,
,,,,,,,,,,,
,,,,,,,,,,,
,,,,,,,,,,,
,,,,,,,,,,,
,,,,,,,,,,,
,,,,,,,,,,,
,,,,,,,,,,,
,,,,,,,,,,,
,,,,,,,,,,,
,,,,,,,,,,,
,,,,,,,,,,,
,,,,,,,,,,,
,,,,,,,,,,,
,,,,,,,,,,,
,,,,,,,,,,,
,,,,,,,,,,,
,,,,,,,,,,,
,,,,,,,,,,,
,,,,,,,,,,,
,,,,,,,,,,,
,,,,,,,,,,,
,,,,,,,,,,,
,,,,,,,,,,,
,,,,,,,,,,,
Pedlar River ,37.6951907,-79.2723021,River/Stream,,,,,,,,
Warner Hollow Run ,39.6393143108768,-77.54030639347656,River/Stream,,,,,,,,
Knob Run ,39.97322499999999,-77.4444803,River/Stream,,,,,,,,
Unnamed,45.37966589999999,-69.4730759,River/Stream,,,,,,,,
Unnamed,35.537694,-83.79868079999999,River/Stream,,,,,,,,
Tinker Creek ,37.413861100000005,-79.93898439999998,River/Stream,,,,,,,,
Unnamed,36.10378719999999,-82.39862599999998,River/Stream,,,,,,,,
East Branch Housatonic River Reservoir ,42.4654518,-73.16792540000002,Other,,,,,,,,
Unnamed,36.089551412903134,-82.45785007109079,River/Stream,,,,,,,,
Unnamed,36.4450425,-81.98162809999998,River/Stream,,,,,,,,
Unnamed,41.89413,-73.402885,River/Stream,,,,,,,,
Tillison Branch ,36.1022163,-82.45125069999999,River/Stream,,,,,,,,
Unnamed,41.26988512502406,-74.09873517378125,River/Stream,,,,,,,,
Rattling Run ,39.66974801788419,-77.53155283992636,River/Stream,,,,,,,,
Unnamed,36.1352444,-82.244653,River/Stream,,,,,,,,
Unnamed,38.846749700000004,-78.1650096,River/Stream,,,,,,,,
Peters Creek ,37.5761325,-79.4372034,River/Stream,,,,,,,,
Enchanted Creek ,37.66790672561344,-79.28272122126222,River/Stream,,,,,,,,
Mill Prong ,38.4972063,-78.43965699999998,River/Stream,,,,,,,,
Rocky Fork ,35.598230099999995,-83.455967,River/Stream,,,,,,,,
Unnamed,36.12257837248262,-82.05672383236669,River/Stream,,,,,,,,
Middle Carry Pond ,45.1805792,-70.0661099,Other,,,,,,,,
Lewellyn Branch ,35.4747431,-83.8105448,River/Stream,,,,,,,,
Mendon Brook ,43.66669900000001,-72.8499879,River/Stream,,,,,,,,
Unnamed,35.678986966666635,-83.27488642091443,River/Stream,,,,,,,,
Unnamed,37.45488255632427,-79.71197012259152,River/Stream,,,,,,,,
Unnamed,43.66812699999999,-72.63545,River/Stream,,,,,,,,
Unnamed,35.66499900000001,-83.2938822,River/Stream,,,,,,,,
Unnamed,41.8737653727147,-73.38639995921311,Other,,,,,,,,
Unnamed,44.29354090000001,-71.3180058,River/Stream,,,,,,,,
Red Fork ,36.13555730000001,-82.28453859999999,River/Stream,,,,,,,,
Unnamed,37.415184,-79.9551407,River/Stream,,,,,,,,
Unnamed,43.41750290435592,-72.93920536821933,Other,,,,,,,,
Cress Branch ,36.397870699999984,-82.026224,River/Stream,,,,,,,,
Unnamed,36.16499429999999,-82.01364579999999,River/Stream,,,,,,,,
Unnamed,36.46195039999999,-81.9668739,River/Stream,,,,,,,,
Unnamed,35.4354255,-83.7998787,River/Stream,,,,,,,,
Unnamed,41.720942499999985,-73.50071859999998,River/Stream,,,,,,,,
Rattling Run ,39.665287099999986,-77.53300939999998,River/Stream,,,,,,,,
Unnamed,38.63817960000001,-78.32161769999999,River/Stream,,,,,,,,
Wetauwanchu Brook ,41.9646877,-73.37520759999998,River/Stream,,,,,,,,
Pine Swamp Brook ,41.875659,-73.38798989999998,River/Stream,,,,,,,,
Unnamed,44.26016549999999,-71.19420389999999,River/Stream,,,,,,,,
West Branch Antietam Creek ,39.85187398009379,-77.51119453668983,River/Stream,,,,,,,,
Pickles Branch ,37.38427152644546,-80.18315954807903,River/Stream,,,,,,,,
Unnamed,36.38969079999998,-82.0324692,River/Stream,,,,,,,,
Devil's Run ,39.7393312,-77.4891466,River/Stream,,,,,,,,
Unnamed,40.651531,-75.959322,River/Stream,,,,,,,,
Unnamed,44.714030799999996,-70.80854769999999,River/Stream,,,,,,,,
Unnamed,37.34189171806271,-80.75934470104733,Other,,,,,,,,
Payne Branch ,35.472404999999995,-83.809728,River/Stream,,,,,,,,
Granny Lewis Creek ,36.0476367,-82.43566629999998,River/Stream,,,,,,,,
Big Creek ,36.034537199999995,-82.41924909999999,River/Stream,,,,,,,,
Raven Rocks Hollow ,39.136359199999994,-77.84466079999999,River/Stream,,,,,,,,
Unnamed,44.2855413,-71.2554033,River/Stream,,,,,,,,
Unnamed,38.15156950000001,-78.77512689999999,River/Stream,,,,,,,,
Sawyer Brook ,44.714030799999996,-70.80854769999999,River/Stream,,,,,,,,
Unnamed,36.16499429999999,-82.01364579999999,River/Stream,,,,,,,,
Unnamed,45.58503549999999,-69.2127836,River/Stream,,,,,,,,
Yuza Mini Brook ,41.76160440000001,-73.4471373,River/Stream,,,,,,,,
Unnamed,44.3696366,-71.1120665,River/Stream,,,,,,,,
Unnamed,35.435707199999996,-83.7999656,River/Stream,,,,,,,,
Unnamed,37.3905733,-80.2006406,River/Stream,,,,,,,,
Unnamed,44.1552873,-71.6435452,River/Stream,,,,,,,,
Unnamed,45.38867439999999,-69.463723,River/Stream,,,,,,,,
New Kernsville Lake ,40.58089,-76.00246199999998,Lake,,,,,,,,
Unnamed,40.539194,-76.15062399999998,River/Stream,,,,,,,,
Unnamed,42.0045933,-73.4458227,River/Stream,,,,,,,,
Unnamed,36.164493500000006,-82.0139572,River/Stream,,,,,,,,
Unnamed,36.38975400000001,-82.03351739999998,River/Stream,,,,,,,,
Windy Pitch Ponds ,45.86853177446532,-69.03633940558022,Other,,,,,,,,
Caledonia Water Company Pond ,39.8881162,-77.49449960000001,Other,,,,,,,,
Rattling Run ,39.665287099999986,-77.53300939999998,River/Stream,,,,,,,,
South Brook ,42.5524242,-73.1479334,River/Stream,,,,,,,,
Unnamed,44.1955159,-71.3897142,River/Stream,,,,,,,,
Hickory Flat Branch ,36.4487977,-81.97888819999999,River/Stream,,,,,,,,
Unnamed,44.151659499999994,-71.64437239999998,River/Stream,,,,,,,,
Lindy Camp Branch ,36.46415075783069,-81.96316849790936,River/Stream,,,,,,,,
Unnamed,36.04769208681457,-82.43566319457916,River/Stream,,,,,,,,
Rattling Run ,40.581443536346974,-76.01210841932208,River/Stream,,,,,,,,
Unnamed,37.3948769,-79.90428189999999,River/Stream,,,,,,,,
Unnamed,37.4663522,-79.7000166,River/Stream,,,,,,,,
Unnamed,40.0691628,-77.20578560000001,Pond,,,,,,,,
Carbaugh Run ,39.9076259,-77.48327909999999,River/Stream,,,,,,,,
Unnamed,45.31965129999999,-69.541263,River/Stream,,,,,,,,
Unnamed,44.116401999999994,-71.686607,River/Stream,,,,,,,,
Little Horse Creek ,36.137291043682,-82.00254446521589,River/Stream,,,,,,,,
Unnamed,37.519191000000006,-79.5107117,River/Stream,,,,,,,,
Unnamed,36.45987871261062,-81.96875542545463,River/Stream,,,,,,,,
Unnamed,35.457999599999994,-83.80904809999998,River/Stream,,,,,,,,
Unnamed,39.271762749706596,-77.75500089478942,Pond,,,,,,,,
Unnamed,36.43004249999999,-81.9951591,River/Stream,,,,,,,,
Unnamed,41.720942499999985,-73.50071859999998,River/Stream,,,,,,,,
Barnett Branch ,36.0472865,-82.4352678,River/Stream,,,,,,,,
Unnamed,41.650698299999995,-73.5156727,River/Stream,,,,,,,,
Unnamed,44.15244239999999,-71.644594,River/Stream,,,,,,,,
Millard Brook ,41.796500059528526,-73.40252788838885,River/Stream,,,,,,,,
Laurel Fork ,36.26389,-82.1231595,River/Stream,,,,,,,,
Unnamed,36.26389,-82.1231595,River/Stream,,,,,,,,
East Branch Housatonic River ,42.4652137,-73.1681156,River/Stream,,,,,,,,
Unnamed,44.11409890000001,-71.6778791,River/Stream,,,,,,,,
Low Gap Branch ,35.734789400000004,-83.180888,River/Stream,,,,,,,,
Unnamed,36.2112739,-81.974205,River/Stream,,,,,,,,
Unnamed,35.56671339999999,-83.49368649999998,River/Stream,,,,,,,,
Yuza Mini Brook ,41.761082877382876,-73.44757547718935,River/Stream,,,,,,,,
Unnamed,39.0718805,-77.91726799999999,River/Stream,,,,,,,,
Little Laurel Branch ,36.33148700000001,-82.10484169999998,River/Stream,,,,,,,,
Unnamed,37.3914863,-80.01974849999999,River/Stream,,,,,,,,
Unnamed,45.65178574810558,-69.04272932437283,River/Stream,,,,,,,,
Unnamed,42.69467400970342,-73.15699520088498,River/Stream,,,,,,,,
Unnamed,38.71363572003923,-78.32985742079833,River/Stream,,,,,,,,
Unnamed,44.17527149643452,-71.47791662822752,Pond,,,,,,,,
Unnamed,37.46080301733108,-79.7057171857901,River/Stream,,,,,,,,
Unnamed,35.4354255,-83.7998787,River/Stream,,,,,,,,
Left Fork Hurley Branch ,36.4202011,-82.0068321,River/Stream,,,,,,,,
Unnamed,36.08655151022093,-82.4587647985671,River/Stream,,,,,,,,
Unnamed,42.65134570000001,-73.158627,River/Stream,,,,,,,,
Unnamed,36.4880618,-81.9706015,River/Stream,,,,,,,,
Unnamed,35.427976199999996,-83.8002103,River/Stream,,,,,,,,
Unnamed,39.462457,-77.62899450000002,River/Stream,,,,,,,,
Unnamed,45.83949549999999,-68.9758469,River/Stream,,,,,,,,
Elk River ,36.2176999,-81.97616909999999,River/Stream,,,,,,,,
Unnamed,36.2176999,-81.97616909999999,River/Stream,,,,,,,,
Unnamed,43.66660922806769,-72.85002532958032,River/Stream,,,,,,,,
Unnamed,43.70604519999999,-72.30635709999999,Pond,,,,,,,,
Unnamed,35.4321121,-83.7990802,River/Stream,,,,,,,,
Rattlesnake Run ,39.788765504369564,-77.48001607675218,River/Stream,,,,,,,,
Unnamed,44.2590273,-71.31779,River/Stream,,,,,,,,
Mendon Brook ,43.666621670796026,-72.85002014169935,River/Stream,,,,,,,,
Unnamed,41.72105049999999,-73.5006774,River/Stream,,,,,,,,
Unnamed,36.189681499999985,-82.01317729999998,River/Stream,,,,,,,,
Unnamed,45.6644969,-68.9903748,River/Stream,,,,,,,,
Greasy Creek ,36.144579,-82.1836406,River/Stream,,,,,,,,
Collins Brook ,42.544587199999995,-73.14778709999999,River/Stream,,,,,,,,
Unnamed,36.12289129999999,-82.05670480000002,River/Stream,,,,,,,,
Unnamed,41.720942499999985,-73.50071859999998,River/Stream,,,,,,,,
Unnamed,37.46850059999999,-79.69775289999998,River/Stream,,,,,,,,
Unnamed,35.4321121,-83.7990802,River/Stream,,,,,,,,
Unnamed,45.840112899999994,-68.9862549,Other,,,,,,,,
Unnamed,41.35399389999999,-73.9163951,River/Stream,,,,,,,,
Unnamed,37.4002338,-79.89987239999999,River/Stream,,,,,,,,
Sackett Brook ,42.413591999999994,-73.15464899999999,River/Stream,,,,,,,,
Bee Cove Creek ,35.5666157,-83.7117563,River/Stream,,,,,,,,
Unnamed,42.95490399999999,-73.06080539999999,Pond,,,,,,,,
Kitchen Brook ,42.581727,-73.17721550000002,River/Stream,,,,,,,,
Unnamed,41.72105049999999,-73.5006774,River/Stream,,,,,,,,
Unnamed,38.251590499999985,-78.68590009999998,River/Stream,,,,,,,,
Unnamed,41.93220170000001,-73.3616032,Other,,,,,,,,
Green Branch ,35.5168153,-83.8143155,River/Stream,,,,,,,,
Garnett Brook ,41.994684799999995,-73.41036379999998,River/Stream,,,,,,,,
Unnamed,37.3760083,-80.2429444,River/Stream,,,,,,,,
Unnamed,41.97389529999999,-73.40120269999998,Other,,,,,,,,
John Allen Pond ,41.425603900000006,-73.8553177,Other,,,,,,,,
Unnamed,44.1566345,-71.64427489999998,River/Stream,,,,,,,,
Unnamed,41.4594754,-73.8366583,River/Stream,,,,,,,,
Unnamed,39.7775941,-77.4813677,River/Stream,,,,,,,,
Unnamed,44.1781356,-71.51662949999998,River/Stream,,,,,,,,
West Branch Antietam Creek ,39.855152,-77.509693,River/Stream,,,,,,,,
Unnamed,37.37767929999998,-80.2431656,River/Stream,,,,,,,,
Little Spivey Creek ,36.03378570000001,-82.42102329999999,River/Stream,,,,,,,,
Little Spivey Creek ,36.03378570000001,-82.42102329999999,River/Stream,,,,,,,,
Unnamed,44.250329799999996,-71.3301306,River/Stream,,,,,,,,
Unnamed,44.244690799999994,-71.33920159999998,River/Stream,,,,,,,,
Unnamed,45.80576871104819,-69.08139517028695,River/Stream,,,,,,,,
Hawksbill Creek ,38.30016146993512,-78.6312133396768,River/Stream,,,,,,,,
Unnamed,44.78834,-70.7710987,River/Stream,,,,,,,,
West Branch Antietam Creek ,39.854046,-77.51020899999999,River/Stream,,,,,,,,
Boomer Branch ,35.57241580000001,-83.61918059999999,River/Stream,,,,,,,,
Unnamed,36.076673199999995,-82.45424279999999,River/Stream,,,,,,,,
Shaker Pond ,42.24120920000001,-73.21139019999998,Other,,,,,,,,
Unnamed,42.69571352535302,-73.1567660680691,River/Stream,,,,,,,,
Unnamed,41.650698299999995,-73.5156727,Other,,,,,,,,
Unnamed,41.85670661993161,-73.38346699576988,Other,,,,,,,,
Unnamed,37.82880409034939,-79.10202707406964,River/Stream,,,,,,,,
Unnamed,41.650698299999995,-73.5156727,Other,,,,,,,,
Unnamed,39.195161,-77.796178,River/Stream,,,,,,,,
Money Brook ,42.668149099999994,-73.1634919,River/Stream,,,,,,,,
Canopus Creek ,41.38861399999999,-73.87822339999998,River/Stream,,,,,,,,
Robinson Branch ,36.41215900000001,-82.01117439999999,River/Stream,,,,,,,,
City Brook ,42.0912215,-73.4376644,River/Stream,,,,,,,,
Unnamed,39.80835059999999,-77.477154,River/Stream,,,,,,,,
Little Spivey Creek ,36.03378570000001,-82.42102329999999,River/Stream,,,,,,,,
Unnamed,43.6482427,-72.85527079999999,River/Stream,,,,,,,,
Unnamed,44.183614500000004,-71.4963549,River/Stream,,,,,,,,
Right Fork Hurley Branch ,36.4137385,-82.0101458,River/Stream,,,,,,,,
Unnamed,45.8414034,-68.97977389999998,River/Stream,,,,,,,,
Unnamed,36.1194522,-82.0575277,River/Stream,,,,,,,,
North Creek ,37.51935079999999,-79.5105591,River/Stream,,,,,,,,
Unnamed,43.152899299999994,-73.0078398,River/Stream,,,,,,,,
Unnamed,41.650698299999995,-73.5156727,River/Stream,,,,,,,,
Unnamed,38.589727,-78.3791484,River/Stream,,,,,,,,
Unnamed,37.723551099999995,-79.2465671,River/Stream,,,,,,,,
Unnamed,42.1234697,-73.42892389999999,River/Stream,,,,,,,,
Unnamed,39.0718805,-77.91726799999999,Other,,,,,,,,
Unnamed,39.462858484225535,-77.6289287224773,River/Stream,,,,,,,,
Unnamed,41.285637300000005,-74.07258299999998,River/Stream,,,,,,,,
Unnamed,36.2457539,-82.1238448,River/Stream,,,,,,,,
Buck Creek ,36.17944469999999,-82.01255259999999,River/Stream,,,,,,,,
East Fork Dugger Branch ,36.419254099999996,-82.0053539,River/Stream,,,,,,,,
Unnamed,43.2595608,-72.9399363,Pond,,,,,,,,
Unnamed,35.4938222,-83.8139317,River/Stream,,,,,,,,
Meigs Post Prong ,35.58331019999999,-83.4788141,River/Stream,,,,,,,,
Paull Brook ,42.681227345933785,-73.1667878471818,River/Stream,,,,,,,,
Unnamed,36.11675189999999,-82.06158459999999,River/Stream,,,,,,,,
Swapping Camp Creek ,37.6896405,-79.2702627,River/Stream,,,,,,,,
Unnamed,38.820835599999995,-78.16976850000002,River/Stream,,,,,,,,
Unnamed,41.3892565,-73.8779304,Other,,,,,,,,
Townhouse Branch ,35.3435537,-83.6121226,River/Stream,,,,,,,,
Unnamed,37.371395699999994,-80.1499736,Pond,,,,,,,,
Unnamed,37.8284041,-79.10449149999998,River/Stream,,,,,,,,
Unnamed,45.787447799999995,-69.160805,River/Stream,,,,,,,,
Housatonic River ,41.9747826,-73.37696909999998,River/Stream,,,,,,,,
Unnamed,45.42634429999998,-69.33810579999998,River/Stream,,,,,,,,
Chapel Pond ,41.7156452,-73.502392,Pond,,,,,,,,
Crabtree Creek ,37.82560539999999,-79.0794879,River/Stream,,,,,,,,
Warner Hollow Run ,39.6395376,-77.54020839999998,River/Stream,,,,,,,,
Unnamed,41.460386400000004,-73.8363441,River/Stream,,,,,,,,
Black Rock Creek ,39.5736461,-77.59589499999998,River/Stream,,,,,,,,
Hollenbeck River ,41.9718378,-73.3741855,River/Stream,,,,,,,,
Bromley Brook ,43.207663140748124,-72.96875588259589,River/Stream,,,,,,,,
Unnamed,39.80835059999999,-77.477154,River/Stream,,,,,,,,
Unnamed,36.09975357783436,-82.44150874401394,River/Stream,,,,,,,,
Unnamed,41.9584812,-73.37217590000002,River/Stream,,,,,,,,
Unnamed,37.4180184,-79.9953148,River/Stream,,,,,,,,
Little Rock Creek ,35.7254561,-83.23103439999998,River/Stream,,,,,,,,
Unnamed,44.18800879999999,-71.56194,River/Stream,,,,,,,,
Smith Creek ,38.8065548,-78.1822084,River/Stream,,,,,,,,
Tillman Brook ,41.146031,-74.850939,River/Stream,,,,,,,,
Unnamed,44.116401999999994,-71.686607,River/Stream,,,,,,,,
Unnamed,38.7083976,-78.3324364,River/Stream,,,,,,,,
Unnamed,36.156641099999995,-82.20159569999998,River/Stream,,,,,,,,
Laurel Fork ,36.19675120000001,-82.00392689999998,River/Stream,,,,,,,,
Unnamed,37.4339118,-79.9865024,River/Stream,,,,,,,,
Greasy Run ,38.76186599999999,-78.2729088,River/Stream,,,,,,,,
Unnamed,41.719519299999995,-73.50122879999999,River/Stream,,,,,,,,
Unnamed,36.13180909999999,-82.14166089999999,River/Stream,,,,,,,,
Rattling Run ,39.678145400000005,-77.5249533,River/Stream,,,,,,,,
Unnamed,37.430914,-79.9709845,River/Stream,,,,,,,,
Reservoir Hollow ,39.080831,-77.901428,River/Stream,,,,,,,,
Unnamed,41.96829389999999,-73.3779739,Other,,,,,,,,
Yellow Creek ,35.72530291161809,-83.22882241830553,River/Stream,,,,,,,,
Bromley Brook ,43.20775392803742,-72.96872417909803,River/Stream,,,,,,,,
Unnamed,41.719519299999995,-73.50122879999999,River/Stream,,,,,,,,
Franklin Brook ,44.248466400000005,-71.3357235,River/Stream,,,,,,,,
Little Hurd Pond ,45.818588511589574,-69.0296069856636,Pond,,,,,,,,
Unnamed,41.28680599999999,-74.541653,River/Stream,,,,,,,,
Unnamed,35.61181179999999,-83.4432465,River/Stream,,,,,,,,
Unnamed,35.4926078,-83.81499139999998,River/Stream,,,,,,,,
Unnamed,45.4801443,-69.287011,Other,,,,,,,,
Little Laurel Branch ,36.223598499999994,-81.99297059999999,River/Stream,,,,,,,,
North Fork Thornton River ,38.71563390000001,-78.3274528,River/Stream,,,,,,,,
Unnamed,41.8713601,-73.392474,River/Stream,,,,,,,,
Unnamed,43.3808909,-72.9607029,River/Stream,,,,,,,,
Unnamed,44.1327053,-71.64674619999998,River/Stream,,,,,,,,
South Fork Benetts Run ,37.656165,-79.3585315,River/Stream,,,,,,,,
Sawyer Creek ,35.383191,-83.7544917,River/Stream,,,,,,,,
Glastenbury River ,43.020328,-73.03691009999999,River/Stream,,,,,,,,
Unnamed,42.0309552,-73.4528237,River/Stream,,,,,,,,
Unnamed,45.8187398,-69.0291233,River/Stream,,,,,,,,
Unnamed,41.21024060171228,-74.73559165105395,River/Stream,,,,,,,,
Camel Hump Creek ,35.72621939999999,-83.20396859999998,River/Stream,,,,,,,,
Barnard Brook ,43.668411099999986,-72.56061709999999,River/Stream,,,,,,,,
Unnamed,35.759550799999985,-83.1620003,River/Stream,,,,,,,,
Unnamed,44.2952892,-71.2556491,River/Stream,,,,,,,,
Ashley Lake ,42.38694399999999,-73.15532999999999,Lake,,,,,,,,
Unnamed,44.15244239999999,-71.644594,River/Stream,,,,,,,,
Unnamed,45.615575899999996,-69.1558845,River/Stream,,,,,,,,
Stony Creek ,36.49147859999999,-81.9745785,River/Stream,,,,,,,,
Unnamed,37.38678000000001,-80.19993799999999,River/Stream,,,,,,,,
Dismal Creek ,37.20197031367485,-80.87110596867153,River/Stream,,,,,,,,
Unnamed,45.795670699999995,-69.1622413,River/Stream,,,,,,,,
Brassie Brook ,42.02531880000001,-73.45196949999999,River/Stream,,,,,,,,
Anthony Brook ,42.5088067,-73.16564970000002,River/Stream,,,,,,,,
Kuwahi Branch ,35.562701999999994,-83.51033789999998,River/Stream,,,,,,,,
Pond Branch ,36.27964839999999,-82.1194966,River/Stream,,,,,,,,
Muddy Brook ,42.187894899999996,-73.2912531,River/Stream,,,,,,,,
Stony Run ,38.071073000000005,-78.793313,River/Stream,,,,,,,,
Unnamed,44.857931799999996,-70.5809569,River/Stream,,,,,,,,
Craig Brook ,45.143264999999985,-70.2506751,River/Stream,,,,,,,,
Buffalo Creek ,37.4009977,-79.8662066,River/Stream,,,,,,,,
Tale Mountain Branch ,35.3364057,-83.6537974,River/Stream,,,,,,,,
Unnamed,44.2791368,-71.2544471,River/Stream,,,,,,,,
Unnamed,41.261715299999985,-74.13056949999998,River/Stream,,,,,,,,
Unnamed,35.7643085,-83.1525733,River/Stream,,,,,,,,
Dry Brook ,44.13817183617447,-71.6474482777903,River/Stream,,,,,,,,
Carse Brook ,41.88422959999999,-73.3959878,River/Stream,,,,,,,,
Juniper Knee Pond ,45.3546031,-69.4797787,Other,,,,,,,,
Lake Owassa ,41.159696,-74.817054,Lake,,,,,,,,
Aden Branch ,35.621312599999996,-83.4011645,River/Stream,,,,,,,,
Housatonic River ,41.848652099999995,-73.38206699999999,River/Stream,,,,,,,,
Mountain Brook ,44.77366329999999,-70.7668608,River/Stream,,,,,,,,
Moreland Branch ,36.21820954508536,-82.07853097932892,River/Stream,,,,,,,,
Roaring Brook ,42.6181408,-73.18950949999999,River/Stream,,,,,,,,
Unnamed,45.131867299999996,-70.3518212,River/Stream,,,,,,,,
Unnamed,37.39847699999999,-79.8769757,River/Stream,,,,,,,,
Hazel River ,38.6341276,-78.3237045,River/Stream,,,,,,,,
Little Cove Creek ,36.1079859,-82.108833,River/Stream,,,,,,,,
Goshen Prong ,35.565558,-83.5396173,River/Stream,,,,,,,,
Little Tennessee River ,35.45465649999999,-83.810538,River/Stream,,,,,,,,
Unnamed,44.4032867,-71.126647,Other,,,,,,,,
Housatonic River ,41.7044238,-73.5012392,River/Stream,,,,,,,,
Unnamed,37.36401459999999,-80.24493319999999,River/Stream,,,,,,,,
Unnamed,44.2311111,-71.35911469999999,River/Stream,,,,,,,,
Unnamed,38.24520390000001,-78.6976794,River/Stream,,,,,,,,
Lawson Gant Lot Branch ,35.551604399999995,-83.7791025,River/Stream,,,,,,,,
Potomac River ,39.3333587,-77.67632509999999,River/Stream,,,,,,,,
Unnamed,45.1968889799948,-70.05960225237243,River/Stream,,,,,,,,
Hoosic River ,42.4887328,-73.17927609999998,River/Stream,,,,,,,,
Unnamed,45.67391490051303,-68.99587017866536,River/Stream,,,,,,,,
Blind Brook ,43.0078892,-73.04723509999998,River/Stream,,,,,,,,
Moccasin Branch ,35.59522389999999,-83.4628058,River/Stream,,,,,,,,
Rose River ,38.54283361060761,-78.41720706796109,River/Stream,,,,,,,,
White Oak Run ,38.2273405,-78.730321,River/Stream,,,,,,,,
Stony Brook ,44.0475907899584,-71.77695058605995,River/Stream,,,,,,,,
Hunting Creek ,37.54135135008011,-79.48822208485672,River/Stream,,,,,,,,
Pomfret Brook ,43.67590789999999,-72.5401185,River/Stream,,,,,,,,
Foss and Knowlton Brook ,45.843001529499254,-68.99582377136514,River/Stream,,,,,,,,
Popolopen Creek ,41.315822,-74.00521799999999,River/Stream,,,,,,,,
Unnamed,35.7695643,-83.1154293,River/Stream,,,,,,,,
Lonesome Branch ,35.5379192,-83.80813,River/Stream,,,,,,,,
Unnamed,45.6129943,-69.1645575,River/Stream,,,,,,,,
Elk Run ,38.366667424107945,-78.53467508675462,River/Stream,,,,,,,,
Big Creek ,35.7232558,-83.2141613,River/Stream,,,,,,,,
Battery Creek ,37.56209239999999,-79.44529529999998,River/Stream,,,,,,,,
Unnamed,36.076673199999995,-82.45424279999999,River/Stream,,,,,,,,
Rock Creek ,36.1190368,-82.32411869999999,River/Stream,,,,,,,,
Unnamed,36.1234849,-82.040991,River/Stream,,,,,,,,
Unnamed,40.5522886,-76.13866319999998,River/Stream,,,,,,,,
Belle Cove Branch ,37.64613510000001,-79.3763173,River/Stream,,,,,,,,
South Fork Moorman's River ,38.11160339999999,-78.7806147,River/Stream,,,,,,,,
Unnamed,39.05933099999999,-77.925823,River/Stream,,,,,,,,
Little Pond Brook ,42.9381123,-73.0590649,River/Stream,,,,,,,,
Unnamed,45.1432234,-70.33921209999998,River/Stream,,,,,,,,
Silver Cascade ,44.1973725,-71.3854185,River/Stream,,,,,,,,
Cooper Brook ,42.26715889999999,-73.1825758,River/Stream,,,,,,,,
Unnamed,44.8577797,-70.58828209999999,River/Stream,,,,,,,,
Unnamed,44.14513689999998,-71.6435901,River/Stream,,,,,,,,
Maidenhead Branch ,37.830404,-79.10891179999999,River/Stream,,,,,,,,
Unnamed,43.6394318,-72.8456588,River/Stream,,,,,,,,
Unnamed,44.609278499999995,-70.8918936,River/Stream,,,,,,,,
Big Black Branch ,43.3839892,-72.9574051,River/Stream,,,,,,,,
McAfee Run ,37.383582,-80.164291,River/Stream,,,,,,,,
Unnamed,38.65938338174289,-78.32266990731148,River/Stream,,,,,,,,
Monroe Brook ,44.2536102,-71.32580699999998,River/Stream,,,,,,,,
Unnamed,44.1934038,-71.59249990000002,River/Stream,,,,,,,,
East Hawksbill Creek ,38.5567362,-78.3968483,River/Stream,,,,,,,,
Madison Run ,38.2334791,-78.7210271,River/Stream,,,,,,,,
Lands Run ,38.817958,-78.17749860000002,River/Stream,,,,,,,,
Gore Brook ,42.51461181012,-73.1623049419166,River/Stream,,,,,,,,
Abenaki Brook ,44.227796399999995,-71.36477569999998,River/Stream,,,,,,,,
Adaline Branch Craig Creek ,37.3866777,-80.26837979999999,River/Stream,,,,,,,,
Walker Camp Prong ,35.6228589,-83.39684989999999,River/Stream,,,,,,,,
Unnamed,44.288077799999996,-71.1759642,River/Stream,,,,,,,,
Watauga River ,36.325797320107604,-82.11602585432077,River/Stream,,,,,,,,
West Branch Ellis River ,44.65058559999999,-70.8937991,River/Stream,,,,,,,,
Unnamed,35.598230099999995,-83.455967,River/Stream,,,,,,,,
Indian Run ,38.8367421,-78.16202799999999,River/Stream,,,,,,,,
Unnamed,38.3183636,-78.5952159,River/Stream,,,,,,,,
Spout Run ,39.09371680000001,-77.8839925,River/Stream,,,,,,,,
Unnamed,41.722719299999994,-73.49536519999998,River/Stream,,,,,,,,
Wachocastinook Creek ,41.98909429054312,-73.41754536019025,River/Stream,,,,,,,,
North Branch Gale River ,44.1937867,-71.591854,River/Stream,,,,,,,,
Garnett Brook ,41.9859969,-73.406261,River/Stream,,,,,,,,
Crooked Run ,38.965175,-78.007935,River/Stream,,,,,,,,
Stecoah Creek ,35.344327807128195,-83.70981926640867,River/Stream,,,,,,,,
Catawba Creek ,37.388923899999995,-80.0574213,River/Stream,,,,,,,,
Little River ,44.1876575,-71.5547854,River/Stream,,,,,,,,
Gordon Pond Brook ,44.0758948,-71.7508129,River/Stream,,,,,,,,
Unnamed,45.805185300000005,-69.0726998,River/Stream,,,,,,,,
Pecks Brook ,42.63765279999999,-73.1655464,River/Stream,,,,,,,,
Bear Swamp Brook ,42.7485997,-73.14287959999999,River/Stream,,,,,,,,
Spud Town Branch ,35.5654959,-83.52068639999999,River/Stream,,,,,,,,
Moody Brook ,44.702381800000005,-70.82154569999999,River/Stream,,,,,,,,
Pleasant Pond Stream ,45.2558687,-69.977999,River/Stream,,,,,,,,
Unnamed,44.8454636,-70.6200917,River/Stream,,,,,,,,
Unnamed,41.1958828,-74.75821199999999,River/Stream,,,,,,,,
Unnamed,45.0057145,-70.3321311,River/Stream,,,,,,,,
Unnamed,45.4680109,-69.2745951,River/Stream,,,,,,,,
Pratt Brook ,45.6531738,-69.0474067,River/Stream,,,,,,,,
South Fork Roaring Branch ,43.00457,-73.06192599999999,River/Stream,,,,,,,,
Ammonoosuc River ,44.253444,-71.3262121,River/Stream,,,,,,,,
Deer Lick Brook ,43.00770800000001,-73.047504,River/Stream,,,,,,,,
Unnamed,44.2028778,-71.3753173,River/Stream,,,,,,,,
Unnamed,44.17717979999999,-71.37323669999999,River/Stream,,,,,,,,
Unnamed,44.1133845,-71.6668854,River/Stream,,,,,,,,
Lost River ,44.0508753,-71.76975509999998,River/Stream,,,,,,,,
Beech Flats Prong ,35.618226,-83.4099148,River/Stream,,,,,,,,
South Fork Piney River ,37.8038609,-79.1570628,River/Stream,,,,,,,,
Van Campens Brook ,41.07426999999999,-74.9349,River/Stream,,,,,,,,
Brewers Brook ,43.6378756,-72.8439565,River/Stream,,,,,,,,
Unnamed,44.4686014,-71.0409956,River/Stream,,,,,,,,
Hardy Stream ,44.9575964,-70.4562101,River/Stream,,,,,,,,
Cascade Stream ,44.9031544,-70.53554689999999,River/Stream,,,,,,,,
Paine Run ,38.177344,-78.77084609999999,River/Stream,,,,,,,,
Stratton Brook ,45.82124820322301,-69.11933886133706,River/Stream,,,,,,,,
Left Fork Deep Creek ,35.592213,-83.4632543,River/Stream,,,,,,,,
Ellis River ,44.2476383,-71.22776929999999,River/Stream,,,,,,,,
Cold River ,43.526273,-72.9222377,River/Stream,,,,,,,,
Deep Creek ,35.572286899999995,-83.4825886,River/Stream,,,,,,,,
Big Rock Creek ,36.132282200000006,-82.2455327,River/Stream,,,,,,,,
Androscoggin River ,44.4884933,-71.00909249999998,River/Stream,,,,,,,,
Piscataquis River ,45.259038070986286,-69.79835543670546,River/Stream,,,,,,,,
Fiery Run ,38.8853683,-78.09244719999998,River/Stream,,,,,,,,
Israel Creek ,39.3592056,-77.6636598,River/Stream,,,,,,,,
Riprap Creek ,38.1615076,-78.77453149999998,River/Stream,,,,,,,,
East Branch Naked Creek ,38.4780699,-78.45185270000002,River/Stream,,,,,,,,
Susquehanna River,40.391554000000006,-76.99629499999999,River/Stream,,,,,,,,
Chesapeake and Ohio Canal ,39.324938522778645,-77.69952272634197,River/Stream,,,,,,,,
Chesapeake and Ohio Canal ,39.3240006579516,-77.71847748107764,River/Stream,,,,,,,,
Chesapeake and Ohio Canal ,39.329343360298985,-77.68137312803401,River/Stream,,,,,,,,
Unnamed,39.3232165685994,-77.72940399900324,Drain,,,,,,,,
Unnamed,40.0308203553315,-77.29781579142418,River/Stream,,,,,,,,
Beartree Lake ,36.65429579999999,-81.6862223,Lake,,,,,,,,
Beaver Dam Creek ,36.62392989999999,-81.80166049999998,River/Stream,,,,,,,,
Beaver Dam Creek ,36.63557393414987,-81.79148261874026,River/Stream,,,,,,,,
Big Wilson Creek ,36.655366859014734,-81.49848302485698,River/Stream,,,,,,,,
Big Wilson Creek ,36.65524446771952,-81.49843291653993,River/Stream,,,,,,,,
Big Wilson Creek ,36.65545245597668,-81.49611760535839,River/Stream,,,,,,,,
Big Wilson Creek ,36.6549522,-81.4948933,River/Stream,,,,,,,,
Cabin Creek ,36.6435101,-81.5164545,River/Stream,,,,,,,,
Comers Creek ,36.756382,-81.4952993,River/Stream,,,,,,,,
Comers Creek ,36.71686919999999,-81.49225729999999,River/Stream,,,,,,,,
Comers Creek ,36.7200312,-81.4833284,River/Stream,,,,,,,,
Comers Creek ,36.7199211,-81.48220239999999,River/Stream,,,,,,,,
Comers Creek ,36.718788399999994,-81.4790812,River/Stream,,,,,,,,
Comers Creek ,36.7192346,-81.4803647,River/Stream,,,,,,,,
Comers Creek ,36.71917187578622,-81.47990758538899,River/Stream,,,,,,,,
Comers Creek ,36.71736244816989,-81.47685820435383,River/Stream,,,,,,,,
Comers Creek ,36.7181873,-81.4774088,River/Stream,,,,,,,,
Fox Creek ,36.696989290861914,-81.50695004413643,River/Stream,,,,,,,,
Fox Creek ,36.69964679999999,-81.51570079999999,River/Stream,,,,,,,,
Fox Creek ,36.69854379999999,-81.50555589999999,River/Stream,,,,,,,,
Green Cove Creek ,36.64321639999999,-81.66203949999999,River/Stream,,,,,,,,
Hurricane Creek ,36.7173919248702,-81.51477512681718,River/Stream,,,,,,,,
Hurricane Creek ,36.719367,-81.4853287,River/Stream,,,,,,,,
Hurricane Creek ,36.719367,-81.4853287,River/Stream,,,,,,,,
Laurel Creek ,36.6282695,-81.77119459999999,Other,,,,,,,,
Laurel Creek ,36.62787535779724,-81.7741527081008,River/Stream,,,,,,,,
Laurel Creek ,36.63416032682058,-81.7857023427931,River/Stream,,,,,,,,
Laurel Creek ,36.63402343692957,-81.78517916611654,River/Stream,,,,,,,,
Lewis Fork ,36.68880610000001,-81.50994499999999,River/Stream,,,,,,,,
Middle Fork Helton Creek ,36.6512875,-81.54269729999999,River/Stream,,,,,,,,
Mocks Mill Falls ,36.63533329888086,-81.79018530073581,Dam,,,,,,,,
Opossum Creek ,36.673641599999996,-81.48914470000001,River/Stream,,,,,,,,
Quebec Branch ,36.645076587570365,-81.50604819477836,River/Stream,,,,,,,,
Quebec Branch ,36.65163509999999,-81.4916367,River/Stream,,,,,,,,
Quebec Branch ,36.65163509999999,-81.4916367,River/Stream,,,,,,,,
South Fork Holston River ,36.75773449999999,-81.4957432,River/Stream,,,,,,,,
South Fork Holston River ,36.7631657062682,-81.49274572715314,River/Stream,,,,,,,,
Straight Branch ,36.650391709670075,-81.69512731973762,River/Stream,,,,,,,,
Straight Branch ,36.6528024,-81.69055939999998,River/Stream,,,,,,,,
Straight Branch ,36.65278835869018,-81.69066757009045,River/Stream,,,,,,,,
Straight Branch ,36.6525992,-81.6916414,River/Stream,,,,,,,,
Straight Branch ,36.6493922,-81.69630249999999,River/Stream,,,,,,,,
Straight Branch ,36.6493922,-81.69630249999999,River/Stream,,,,,,,,
Straight Branch ,36.6383433,-81.73186139999999,River/Stream,,,,,,,,
Straight Branch ,36.6483376,-81.69724259999998,River/Stream,,,,,,,,
Straight Branch ,36.64099449999999,-81.70706459999998,River/Stream,,,,,,,,
Straight Branch ,36.6403974,-81.7081544,River/Stream,,,,,,,,
Straight Branch ,36.6390968,-81.7099636,River/Stream,,,,,,,,
Straight Branch ,36.644843552816276,-81.73590362081316,River/Stream,,,,,,,,
Straight Branch ,36.6447507,-81.7358478,River/Stream,,,,,,,,
Straight Branch ,36.6447507,-81.7358478,River/Stream,,,,,,,,
Straight Branch ,36.6459484,-81.73590349999999,River/Stream,,,,,,,,
Unnamed,36.69794799999999,-81.50577389999998,River/Stream,,,,,,,,
Unnamed,36.69911449585344,-81.51218147438115,River/Stream,,,,,,,,
Unnamed,36.6509855,-81.4854955,River/Stream,,,,,,,,
Unnamed,36.69009520000001,-81.50590819999998,River/Stream,,,,,,,,
Unnamed,36.6609475,-81.4797193,River/Stream,,,,,,,,
Unnamed,36.716971,-81.4684257,River/Stream,,,,,,,,
Unnamed,36.69854379999999,-81.50555589999999,River/Stream,,,,,,,,
Unnamed,36.6558724,-81.4969908,River/Stream,,,,,,,,
Unnamed,36.704267800000004,-81.52261619999999,River/Stream,,,,,,,,
Unnamed,36.64326689999999,-81.7487526,River/Stream,,,,,,,,
Unnamed,36.65078221056409,-81.5444880589007,River/Stream,,,,,,,,
Unnamed,36.7193378,-81.5036693,River/Stream,,,,,,,,
Unnamed,36.65967080000001,-81.5594316,River/Stream,,,,,,,,
Unnamed,36.698630749072976,-81.5055844481359,River/Stream,,,,,,,,
Unnamed,36.69878860136015,-81.50563627604382,River/Stream,,,,,,,,
Unnamed,36.7194179,-81.50279599999999,River/Stream,,,,,,,,
Unnamed,36.71941453335824,-81.50281471918993,River/Stream,,,,,,,,
Unnamed,36.667237,-81.4863393,Spring,,,,,,,,
Unnamed,36.6540695,-81.5237364,Spring,,,,,,,,
Unnamed,36.6555679,-81.5358157,Spring,,,,,,,,
Unnamed,36.6319819,-81.6040551,Spring,,,,,,,,
Unnamed,36.6511169,-81.5485993,Spring,,,,,,,,
Unnamed,36.6319591,-81.604107,Spring,,,,,,,,
Whitetop Creek ,36.63185169999999,-81.6018065,River/Stream,,,,,,,,
Whitetop Laurel Creek ,36.64805352844293,-81.6722928802647,River/Stream,,,,,,,,
Whitetop Laurel Creek ,36.63923393218856,-81.70966805338054,River/Stream,,,,,,,,
Whitetop Laurel Creek ,36.6466156,-81.6513911,River/Stream,,,,,,,,
Whitetop Laurel Creek ,36.644881,-81.7424521,River/Stream,,,,,,,,
Wilson Creek ,36.655614,-81.4953813,River/Stream,,,,,,,,
Wilson Creek ,36.650114699999996,-81.48862659999999,River/Stream,,,,,,,,
Wilson Creek ,36.655614,-81.4953813,River/Stream,,,,,,,,
Wilson Creek ,36.65249702601307,-81.49209822894335,River/Stream,,,,,,,,
Wilson Creek ,36.65514700000001,-81.4951459,River/Stream,,,,,,,,
Wilson Creek ,36.65491982636373,-81.49483114576145,River/Stream,,,,,,,,
